[0.000000] (-) TimerEvent: {}
[0.000458] (-) JobUnselected: {'identifier': 'arduino_ros'}
[0.001095] (-) JobUnselected: {'identifier': 'bot_teleop'}
[0.001177] (-) JobUnselected: {'identifier': 'move_base'}
[0.001264] (-) JobUnselected: {'identifier': 'onyx_robot'}
[0.002115] (-) JobUnselected: {'identifier': 'pump_controller'}
[0.002193] (-) JobUnselected: {'identifier': 'ros_bot_camera'}
[0.003047] (-) JobUnselected: {'identifier': 'ros_bot_imu'}
[0.003134] (-) JobUnselected: {'identifier': 'ros_bot_sim'}
[0.003194] (-) JobUnselected: {'identifier': 'rosapi'}
[0.003352] (-) JobUnselected: {'identifier': 'rosapi_msgs'}
[0.003425] (rosbridge_msgs) JobQueued: {'identifier': 'rosbridge_msgs', 'dependencies': OrderedDict()}
[0.003503] (rosbridge_test_msgs) JobQueued: {'identifier': 'rosbridge_test_msgs', 'dependencies': OrderedDict()}
[0.003569] (rosbridge_library) JobQueued: {'identifier': 'rosbridge_library', 'dependencies': OrderedDict({'rosbridge_test_msgs': '/home/Malvin/my_ros_bot/install/rosbridge_test_msgs'})}
[0.003716] (rosbridge_server) JobQueued: {'identifier': 'rosbridge_server', 'dependencies': OrderedDict({'rosapi_msgs': '/home/Malvin/my_ros_bot/install/rosapi_msgs', 'rosbridge_msgs': '/home/Malvin/my_ros_bot/install/rosbridge_msgs', 'rosbridge_test_msgs': '/home/Malvin/my_ros_bot/install/rosbridge_test_msgs', 'rosbridge_library': '/home/Malvin/my_ros_bot/install/rosbridge_library', 'rosapi': '/home/Malvin/my_ros_bot/install/rosapi'})}
[0.003829] (rosbridge_suite) JobQueued: {'identifier': 'rosbridge_suite', 'dependencies': OrderedDict({'rosapi_msgs': '/home/Malvin/my_ros_bot/install/rosapi_msgs', 'rosbridge_msgs': '/home/Malvin/my_ros_bot/install/rosbridge_msgs', 'rosbridge_test_msgs': '/home/Malvin/my_ros_bot/install/rosbridge_test_msgs', 'rosbridge_library': '/home/Malvin/my_ros_bot/install/rosbridge_library', 'rosapi': '/home/Malvin/my_ros_bot/install/rosapi', 'rosbridge_server': '/home/Malvin/my_ros_bot/install/rosbridge_server'})}
[0.003925] (rosbridge_test_msgs) JobStarted: {'identifier': 'rosbridge_test_msgs'}
[0.033550] (rosbridge_msgs) JobStarted: {'identifier': 'rosbridge_msgs'}
[0.057973] (rosbridge_test_msgs) JobProgress: {'identifier': 'rosbridge_test_msgs', 'progress': 'cmake'}
[0.059983] (rosbridge_test_msgs) Command: {'cmd': ['/usr/bin/cmake', '/home/Malvin/my_ros_bot/src/rosbridge_suite/rosbridge_test_msgs', '-DCMAKE_INSTALL_PREFIX=/home/Malvin/my_ros_bot/install/rosbridge_test_msgs'], 'cwd': '/home/Malvin/my_ros_bot/build/rosbridge_test_msgs', 'env': OrderedDict({'LESSOPEN': '| /usr/bin/lesspipe %s', 'USER': 'Malvin', 'SSH_CLIENT': '192.168.50.252 54194 22', 'XDG_SESSION_TYPE': 'tty', 'SHLVL': '1', 'LD_LIBRARY_PATH': '/opt/ros/jazzy/lib/aarch64-linux-gnu:/opt/ros/jazzy/lib', 'HOME': '/home/Malvin', 'OLDPWD': '/home/Malvin/my_ros_bot/src', 'SSH_TTY': '/dev/pts/1', 'ROS_PYTHON_VERSION': '3', 'PS1': '(robot_space) \\[\\e]0;\\u@\\h: \\w\\a\\]${debian_chroot:+($debian_chroot)}\\[\\033[01;32m\\]\\u@\\h\\[\\033[00m\\]:\\[\\033[01;34m\\]\\w\\[\\033[00m\\]\\$', 'DBUS_SESSION_BUS_ADDRESS': 'unix:path=/run/user/1000/bus', 'COLCON_PREFIX_PATH': '/home/Malvin/my_ros_bot/install', 'ROS_DISTRO': 'jazzy', 'LOGNAME': 'Malvin', '_': '/usr/bin/colcon', 'ROS_VERSION': '2', 'XDG_SESSION_CLASS': 'user', 'TERM': 'xterm-256color', 'XDG_SESSION_ID': '9', 'PATH': '/opt/ros/jazzy/bin:/home/Malvin/robot_space/bin:/usr/local/sbin:/usr/local/bin:/usr/sbin:/usr/bin:/sbin:/bin:/usr/games:/usr/local/games:/snap/bin', 'XDG_RUNTIME_DIR': '/run/user/1000', 'LANG': 'en_US.UTF-8', 'VIRTUAL_ENV_PROMPT': '(robot_space)', 'RMW_IMPLEMENTATION': 'rmw_fastrtps_cpp', 'LS_COLORS': 'rs=0:di=01;34:ln=01;36:mh=00:pi=40;33:so=01;35:do=01;35:bd=40;33;01:cd=40;33;01:or=40;31;01:mi=00:su=37;41:sg=30;43:ca=00:tw=30;42:ow=34;42:st=37;44:ex=01;32:*.tar=01;31:*.tgz=01;31:*.arc=01;31:*.arj=01;31:*.taz=01;31:*.lha=01;31:*.lz4=01;31:*.lzh=01;31:*.lzma=01;31:*.tlz=01;31:*.txz=01;31:*.tzo=01;31:*.t7z=01;31:*.zip=01;31:*.z=01;31:*.dz=01;31:*.gz=01;31:*.lrz=01;31:*.lz=01;31:*.lzo=01;31:*.xz=01;31:*.zst=01;31:*.tzst=01;31:*.bz2=01;31:*.bz=01;31:*.tbz=01;31:*.tbz2=01;31:*.tz=01;31:*.deb=01;31:*.rpm=01;31:*.jar=01;31:*.war=01;31:*.ear=01;31:*.sar=01;31:*.rar=01;31:*.alz=01;31:*.ace=01;31:*.zoo=01;31:*.cpio=01;31:*.7z=01;31:*.rz=01;31:*.cab=01;31:*.wim=01;31:*.swm=01;31:*.dwm=01;31:*.esd=01;31:*.avif=01;35:*.jpg=01;35:*.jpeg=01;35:*.mjpg=01;35:*.mjpeg=01;35:*.gif=01;35:*.bmp=01;35:*.pbm=01;35:*.pgm=01;35:*.ppm=01;35:*.tga=01;35:*.xbm=01;35:*.xpm=01;35:*.tif=01;35:*.tiff=01;35:*.png=01;35:*.svg=01;35:*.svgz=01;35:*.mng=01;35:*.pcx=01;35:*.mov=01;35:*.mpg=01;35:*.mpeg=01;35:*.m2v=01;35:*.mkv=01;35:*.webm=01;35:*.webp=01;35:*.ogm=01;35:*.mp4=01;35:*.m4v=01;35:*.mp4v=01;35:*.vob=01;35:*.qt=01;35:*.nuv=01;35:*.wmv=01;35:*.asf=01;35:*.rm=01;35:*.rmvb=01;35:*.flc=01;35:*.avi=01;35:*.fli=01;35:*.flv=01;35:*.gl=01;35:*.dl=01;35:*.xcf=01;35:*.xwd=01;35:*.yuv=01;35:*.cgm=01;35:*.emf=01;35:*.ogv=01;35:*.ogx=01;35:*.aac=00;36:*.au=00;36:*.flac=00;36:*.m4a=00;36:*.mid=00;36:*.midi=00;36:*.mka=00;36:*.mp3=00;36:*.mpc=00;36:*.ogg=00;36:*.ra=00;36:*.wav=00;36:*.oga=00;36:*.opus=00;36:*.spx=00;36:*.xspf=00;36:*~=00;90:*#=00;90:*.bak=00;90:*.crdownload=00;90:*.dpkg-dist=00;90:*.dpkg-new=00;90:*.dpkg-old=00;90:*.dpkg-tmp=00;90:*.old=00;90:*.orig=00;90:*.part=00;90:*.rej=00;90:*.rpmnew=00;90:*.rpmorig=00;90:*.rpmsave=00;90:*.swp=00;90:*.tmp=00;90:*.ucf-dist=00;90:*.ucf-new=00;90:*.ucf-old=00;90:', 'ROS_DOMAIN_ID': '23', 'AMENT_PREFIX_PATH': '/home/Malvin/my_ros_bot/install/ros_bot_sim:/home/Malvin/my_ros_bot/install/ros_bot_imu:/home/Malvin/my_ros_bot/install/ros_bot_camera:/home/Malvin/my_ros_bot/install/pump_controller:/home/Malvin/my_ros_bot/install/onyx_robot:/home/Malvin/my_ros_bot/install/move_base:/home/Malvin/my_ros_bot/install/bot_teleop:/home/Malvin/my_ros_bot/install/arduino_ros:/opt/ros/jazzy', 'SHELL': '/bin/bash', 'GST_PLUGIN_PATH': '/usr/local/lib/aarch64-linux-gnu/gstreamer-1.0', 'LESSCLOSE': '/usr/bin/lesspipe %s %s', 'VIRTUAL_ENV': '/home/Malvin/robot_space', 'ROS_AUTOMATIC_DISCOVERY_RANGE': 'SUBNET', 'PWD': '/home/Malvin/my_ros_bot/build/rosbridge_test_msgs', 'LC_ALL': 'en_US.UTF-8', 'SSH_CONNECTION': '192.168.50.252 54194 192.168.50.1 22', 'XDG_DATA_DIRS': '/usr/local/share:/usr/share:/var/lib/snapd/desktop', 'PYTHONPATH': '/home/Malvin/my_ros_bot/build/ros_bot_sim:/home/Malvin/my_ros_bot/install/ros_bot_sim/lib/python3.12/site-packages:/home/Malvin/my_ros_bot/build/ros_bot_imu:/home/Malvin/my_ros_bot/install/ros_bot_imu/lib/python3.12/site-packages:/home/Malvin/my_ros_bot/build/ros_bot_camera:/home/Malvin/my_ros_bot/install/ros_bot_camera/lib/python3.12/site-packages:/home/Malvin/my_ros_bot/build/pump_controller:/home/Malvin/my_ros_bot/install/pump_controller/lib/python3.12/site-packages:/home/Malvin/my_ros_bot/build/onyx_robot:/home/Malvin/my_ros_bot/install/onyx_robot/lib/python3.12/site-packages:/home/Malvin/my_ros_bot/build/move_base:/home/Malvin/my_ros_bot/install/move_base/lib/python3.12/site-packages:/home/Malvin/my_ros_bot/build/bot_teleop:/home/Malvin/my_ros_bot/install/bot_teleop/lib/python3.12/site-packages:/home/Malvin/my_ros_bot/build/arduino_ros:/home/Malvin/my_ros_bot/install/arduino_ros/lib/python3.12/site-packages:/opt/ros/jazzy/lib/python3.12/site-packages', 'COLCON': '1', 'CMAKE_PREFIX_PATH': '/home/Malvin/my_ros_bot/install/ros_bot_sim:/home/Malvin/my_ros_bot/install/ros_bot_imu:/home/Malvin/my_ros_bot/install/ros_bot_camera:/home/Malvin/my_ros_bot/install/pump_controller:/home/Malvin/my_ros_bot/install/onyx_robot:/home/Malvin/my_ros_bot/install/move_base:/home/Malvin/my_ros_bot/install/bot_teleop:/home/Malvin/my_ros_bot/install/arduino_ros:/opt/ros/jazzy'}), 'shell': False}
[0.088943] (rosbridge_msgs) JobProgress: {'identifier': 'rosbridge_msgs', 'progress': 'cmake'}
[0.096201] (rosbridge_msgs) Command: {'cmd': ['/usr/bin/cmake', '/home/Malvin/my_ros_bot/src/rosbridge_suite/rosbridge_msgs', '-DCMAKE_INSTALL_PREFIX=/home/Malvin/my_ros_bot/install/rosbridge_msgs'], 'cwd': '/home/Malvin/my_ros_bot/build/rosbridge_msgs', 'env': OrderedDict({'LESSOPEN': '| /usr/bin/lesspipe %s', 'USER': 'Malvin', 'SSH_CLIENT': '192.168.50.252 54194 22', 'XDG_SESSION_TYPE': 'tty', 'SHLVL': '1', 'LD_LIBRARY_PATH': '/opt/ros/jazzy/lib/aarch64-linux-gnu:/opt/ros/jazzy/lib', 'HOME': '/home/Malvin', 'OLDPWD': '/home/Malvin/my_ros_bot/src', 'SSH_TTY': '/dev/pts/1', 'ROS_PYTHON_VERSION': '3', 'PS1': '(robot_space) \\[\\e]0;\\u@\\h: \\w\\a\\]${debian_chroot:+($debian_chroot)}\\[\\033[01;32m\\]\\u@\\h\\[\\033[00m\\]:\\[\\033[01;34m\\]\\w\\[\\033[00m\\]\\$', 'DBUS_SESSION_BUS_ADDRESS': 'unix:path=/run/user/1000/bus', 'COLCON_PREFIX_PATH': '/home/Malvin/my_ros_bot/install', 'ROS_DISTRO': 'jazzy', 'LOGNAME': 'Malvin', '_': '/usr/bin/colcon', 'ROS_VERSION': '2', 'XDG_SESSION_CLASS': 'user', 'TERM': 'xterm-256color', 'XDG_SESSION_ID': '9', 'PATH': '/opt/ros/jazzy/bin:/home/Malvin/robot_space/bin:/usr/local/sbin:/usr/local/bin:/usr/sbin:/usr/bin:/sbin:/bin:/usr/games:/usr/local/games:/snap/bin', 'XDG_RUNTIME_DIR': '/run/user/1000', 'LANG': 'en_US.UTF-8', 'VIRTUAL_ENV_PROMPT': '(robot_space)', 'RMW_IMPLEMENTATION': 'rmw_fastrtps_cpp', 'LS_COLORS': 'rs=0:di=01;34:ln=01;36:mh=00:pi=40;33:so=01;35:do=01;35:bd=40;33;01:cd=40;33;01:or=40;31;01:mi=00:su=37;41:sg=30;43:ca=00:tw=30;42:ow=34;42:st=37;44:ex=01;32:*.tar=01;31:*.tgz=01;31:*.arc=01;31:*.arj=01;31:*.taz=01;31:*.lha=01;31:*.lz4=01;31:*.lzh=01;31:*.lzma=01;31:*.tlz=01;31:*.txz=01;31:*.tzo=01;31:*.t7z=01;31:*.zip=01;31:*.z=01;31:*.dz=01;31:*.gz=01;31:*.lrz=01;31:*.lz=01;31:*.lzo=01;31:*.xz=01;31:*.zst=01;31:*.tzst=01;31:*.bz2=01;31:*.bz=01;31:*.tbz=01;31:*.tbz2=01;31:*.tz=01;31:*.deb=01;31:*.rpm=01;31:*.jar=01;31:*.war=01;31:*.ear=01;31:*.sar=01;31:*.rar=01;31:*.alz=01;31:*.ace=01;31:*.zoo=01;31:*.cpio=01;31:*.7z=01;31:*.rz=01;31:*.cab=01;31:*.wim=01;31:*.swm=01;31:*.dwm=01;31:*.esd=01;31:*.avif=01;35:*.jpg=01;35:*.jpeg=01;35:*.mjpg=01;35:*.mjpeg=01;35:*.gif=01;35:*.bmp=01;35:*.pbm=01;35:*.pgm=01;35:*.ppm=01;35:*.tga=01;35:*.xbm=01;35:*.xpm=01;35:*.tif=01;35:*.tiff=01;35:*.png=01;35:*.svg=01;35:*.svgz=01;35:*.mng=01;35:*.pcx=01;35:*.mov=01;35:*.mpg=01;35:*.mpeg=01;35:*.m2v=01;35:*.mkv=01;35:*.webm=01;35:*.webp=01;35:*.ogm=01;35:*.mp4=01;35:*.m4v=01;35:*.mp4v=01;35:*.vob=01;35:*.qt=01;35:*.nuv=01;35:*.wmv=01;35:*.asf=01;35:*.rm=01;35:*.rmvb=01;35:*.flc=01;35:*.avi=01;35:*.fli=01;35:*.flv=01;35:*.gl=01;35:*.dl=01;35:*.xcf=01;35:*.xwd=01;35:*.yuv=01;35:*.cgm=01;35:*.emf=01;35:*.ogv=01;35:*.ogx=01;35:*.aac=00;36:*.au=00;36:*.flac=00;36:*.m4a=00;36:*.mid=00;36:*.midi=00;36:*.mka=00;36:*.mp3=00;36:*.mpc=00;36:*.ogg=00;36:*.ra=00;36:*.wav=00;36:*.oga=00;36:*.opus=00;36:*.spx=00;36:*.xspf=00;36:*~=00;90:*#=00;90:*.bak=00;90:*.crdownload=00;90:*.dpkg-dist=00;90:*.dpkg-new=00;90:*.dpkg-old=00;90:*.dpkg-tmp=00;90:*.old=00;90:*.orig=00;90:*.part=00;90:*.rej=00;90:*.rpmnew=00;90:*.rpmorig=00;90:*.rpmsave=00;90:*.swp=00;90:*.tmp=00;90:*.ucf-dist=00;90:*.ucf-new=00;90:*.ucf-old=00;90:', 'ROS_DOMAIN_ID': '23', 'AMENT_PREFIX_PATH': '/home/Malvin/my_ros_bot/install/ros_bot_sim:/home/Malvin/my_ros_bot/install/ros_bot_imu:/home/Malvin/my_ros_bot/install/ros_bot_camera:/home/Malvin/my_ros_bot/install/pump_controller:/home/Malvin/my_ros_bot/install/onyx_robot:/home/Malvin/my_ros_bot/install/move_base:/home/Malvin/my_ros_bot/install/bot_teleop:/home/Malvin/my_ros_bot/install/arduino_ros:/opt/ros/jazzy', 'SHELL': '/bin/bash', 'GST_PLUGIN_PATH': '/usr/local/lib/aarch64-linux-gnu/gstreamer-1.0', 'LESSCLOSE': '/usr/bin/lesspipe %s %s', 'VIRTUAL_ENV': '/home/Malvin/robot_space', 'ROS_AUTOMATIC_DISCOVERY_RANGE': 'SUBNET', 'PWD': '/home/Malvin/my_ros_bot/build/rosbridge_msgs', 'LC_ALL': 'en_US.UTF-8', 'SSH_CONNECTION': '192.168.50.252 54194 192.168.50.1 22', 'XDG_DATA_DIRS': '/usr/local/share:/usr/share:/var/lib/snapd/desktop', 'PYTHONPATH': '/home/Malvin/my_ros_bot/build/ros_bot_sim:/home/Malvin/my_ros_bot/install/ros_bot_sim/lib/python3.12/site-packages:/home/Malvin/my_ros_bot/build/ros_bot_imu:/home/Malvin/my_ros_bot/install/ros_bot_imu/lib/python3.12/site-packages:/home/Malvin/my_ros_bot/build/ros_bot_camera:/home/Malvin/my_ros_bot/install/ros_bot_camera/lib/python3.12/site-packages:/home/Malvin/my_ros_bot/build/pump_controller:/home/Malvin/my_ros_bot/install/pump_controller/lib/python3.12/site-packages:/home/Malvin/my_ros_bot/build/onyx_robot:/home/Malvin/my_ros_bot/install/onyx_robot/lib/python3.12/site-packages:/home/Malvin/my_ros_bot/build/move_base:/home/Malvin/my_ros_bot/install/move_base/lib/python3.12/site-packages:/home/Malvin/my_ros_bot/build/bot_teleop:/home/Malvin/my_ros_bot/install/bot_teleop/lib/python3.12/site-packages:/home/Malvin/my_ros_bot/build/arduino_ros:/home/Malvin/my_ros_bot/install/arduino_ros/lib/python3.12/site-packages:/opt/ros/jazzy/lib/python3.12/site-packages', 'COLCON': '1', 'CMAKE_PREFIX_PATH': '/home/Malvin/my_ros_bot/install/ros_bot_sim:/home/Malvin/my_ros_bot/install/ros_bot_imu:/home/Malvin/my_ros_bot/install/ros_bot_camera:/home/Malvin/my_ros_bot/install/pump_controller:/home/Malvin/my_ros_bot/install/onyx_robot:/home/Malvin/my_ros_bot/install/move_base:/home/Malvin/my_ros_bot/install/bot_teleop:/home/Malvin/my_ros_bot/install/arduino_ros:/opt/ros/jazzy'}), 'shell': False}
[0.099625] (-) TimerEvent: {}
[0.201466] (-) TimerEvent: {}
[0.302494] (-) TimerEvent: {}
[0.403474] (-) TimerEvent: {}
[0.504293] (-) TimerEvent: {}
[0.605430] (-) TimerEvent: {}
[0.706607] (-) TimerEvent: {}
[0.807688] (-) TimerEvent: {}
[0.908705] (-) TimerEvent: {}
[1.009729] (-) TimerEvent: {}
[1.110735] (-) TimerEvent: {}
[1.211730] (-) TimerEvent: {}
[1.312781] (-) TimerEvent: {}
[1.413847] (-) TimerEvent: {}
[1.514865] (-) TimerEvent: {}
[1.615801] (-) TimerEvent: {}
[1.716861] (-) TimerEvent: {}
[1.817906] (-) TimerEvent: {}
[1.918928] (-) TimerEvent: {}
[2.019978] (-) TimerEvent: {}
[2.121038] (-) TimerEvent: {}
[2.222062] (-) TimerEvent: {}
[2.323088] (-) TimerEvent: {}
[2.424153] (-) TimerEvent: {}
[2.525195] (-) TimerEvent: {}
[2.626401] (-) TimerEvent: {}
[2.727359] (-) TimerEvent: {}
[2.828376] (-) TimerEvent: {}
[2.929408] (-) TimerEvent: {}
[3.030378] (-) TimerEvent: {}
[3.131124] (-) TimerEvent: {}
[3.232273] (-) TimerEvent: {}
[3.333293] (-) TimerEvent: {}
[3.434358] (-) TimerEvent: {}
[3.535370] (-) TimerEvent: {}
[3.636344] (-) TimerEvent: {}
[3.737357] (-) TimerEvent: {}
[3.838347] (-) TimerEvent: {}
[3.939439] (-) TimerEvent: {}
[4.040447] (-) TimerEvent: {}
[4.141466] (-) TimerEvent: {}
[4.242541] (-) TimerEvent: {}
[4.343604] (-) TimerEvent: {}
[4.444649] (-) TimerEvent: {}
[4.545697] (-) TimerEvent: {}
[4.680400] (-) TimerEvent: {}
[4.781368] (-) TimerEvent: {}
[4.882383] (-) TimerEvent: {}
[4.983364] (-) TimerEvent: {}
[5.084373] (-) TimerEvent: {}
[5.185418] (-) TimerEvent: {}
[5.286414] (-) TimerEvent: {}
[5.387154] (-) TimerEvent: {}
[5.487943] (-) TimerEvent: {}
[5.588880] (-) TimerEvent: {}
[5.689919] (-) TimerEvent: {}
[5.791000] (-) TimerEvent: {}
[5.892096] (-) TimerEvent: {}
[5.993167] (-) TimerEvent: {}
[6.094205] (-) TimerEvent: {}
[6.195163] (-) TimerEvent: {}
[6.278275] (rosbridge_test_msgs) StdoutLine: {'line': b'-- The C compiler identification is GNU 13.3.0\n'}
[6.280437] (rosbridge_msgs) StdoutLine: {'line': b'-- The C compiler identification is GNU 13.3.0\n'}
[6.295365] (-) TimerEvent: {}
[6.396073] (-) TimerEvent: {}
[6.496989] (-) TimerEvent: {}
[6.597749] (-) TimerEvent: {}
[6.698786] (-) TimerEvent: {}
[6.799847] (-) TimerEvent: {}
[6.900888] (-) TimerEvent: {}
[7.001948] (-) TimerEvent: {}
[7.102998] (-) TimerEvent: {}
[7.204074] (-) TimerEvent: {}
[7.305158] (-) TimerEvent: {}
[7.405920] (-) TimerEvent: {}
[7.506996] (-) TimerEvent: {}
[7.608029] (-) TimerEvent: {}
[7.709003] (-) TimerEvent: {}
[7.810006] (-) TimerEvent: {}
[7.910937] (-) TimerEvent: {}
[8.011672] (-) TimerEvent: {}
[8.112722] (-) TimerEvent: {}
[8.213735] (-) TimerEvent: {}
[8.314752] (-) TimerEvent: {}
[8.415749] (-) TimerEvent: {}
[8.516702] (-) TimerEvent: {}
[8.617642] (-) TimerEvent: {}
[8.718563] (-) TimerEvent: {}
[8.819594] (-) TimerEvent: {}
[8.920625] (-) TimerEvent: {}
[9.021642] (-) TimerEvent: {}
[9.122614] (-) TimerEvent: {}
[9.223485] (-) TimerEvent: {}
[9.324614] (-) TimerEvent: {}
[9.425344] (-) TimerEvent: {}
[9.460796] (rosbridge_msgs) StdoutLine: {'line': b'-- The CXX compiler identification is GNU 13.3.0\n'}
[9.461760] (rosbridge_test_msgs) StdoutLine: {'line': b'-- The CXX compiler identification is GNU 13.3.0\n'}
[9.525608] (-) TimerEvent: {}
[9.626675] (-) TimerEvent: {}
[9.691990] (rosbridge_test_msgs) StdoutLine: {'line': b'-- Detecting C compiler ABI info\n'}
[9.693050] (rosbridge_msgs) StdoutLine: {'line': b'-- Detecting C compiler ABI info\n'}
[9.726904] (-) TimerEvent: {}
[9.827845] (-) TimerEvent: {}
[9.928805] (-) TimerEvent: {}
[10.029861] (-) TimerEvent: {}
[10.130955] (-) TimerEvent: {}
[10.231938] (-) TimerEvent: {}
[10.332733] (-) TimerEvent: {}
[10.433776] (-) TimerEvent: {}
[10.534553] (-) TimerEvent: {}
[10.635359] (-) TimerEvent: {}
[10.678377] (rosbridge_test_msgs) StdoutLine: {'line': b'-- Detecting C compiler ABI info - done\n'}
[10.679062] (rosbridge_msgs) StdoutLine: {'line': b'-- Detecting C compiler ABI info - done\n'}
[10.713867] (rosbridge_test_msgs) StdoutLine: {'line': b'-- Check for working C compiler: /usr/bin/cc - skipped\n'}
[10.714473] (rosbridge_msgs) StdoutLine: {'line': b'-- Check for working C compiler: /usr/bin/cc - skipped\n'}
[10.716078] (rosbridge_test_msgs) StdoutLine: {'line': b'-- Detecting C compile features\n'}
[10.716721] (rosbridge_msgs) StdoutLine: {'line': b'-- Detecting C compile features\n'}
[10.718809] (rosbridge_test_msgs) StdoutLine: {'line': b'-- Detecting C compile features - done\n'}
[10.719496] (rosbridge_msgs) StdoutLine: {'line': b'-- Detecting C compile features - done\n'}
[10.735567] (-) TimerEvent: {}
[10.777488] (rosbridge_msgs) StdoutLine: {'line': b'-- Detecting CXX compiler ABI info\n'}
[10.778335] (rosbridge_test_msgs) StdoutLine: {'line': b'-- Detecting CXX compiler ABI info\n'}
[10.835783] (-) TimerEvent: {}
[10.936576] (-) TimerEvent: {}
[11.037712] (-) TimerEvent: {}
[11.138553] (-) TimerEvent: {}
[11.239356] (-) TimerEvent: {}
[11.324716] (rosbridge_msgs) StdoutLine: {'line': b'-- Detecting CXX compiler ABI info - done\n'}
[11.326390] (rosbridge_test_msgs) StdoutLine: {'line': b'-- Detecting CXX compiler ABI info - done\n'}
[11.339501] (-) TimerEvent: {}
[11.361406] (rosbridge_test_msgs) StdoutLine: {'line': b'-- Check for working CXX compiler: /usr/bin/c++ - skipped\n'}
[11.362099] (rosbridge_msgs) StdoutLine: {'line': b'-- Check for working CXX compiler: /usr/bin/c++ - skipped\n'}
[11.362840] (rosbridge_test_msgs) StdoutLine: {'line': b'-- Detecting CXX compile features\n'}
[11.363530] (rosbridge_msgs) StdoutLine: {'line': b'-- Detecting CXX compile features\n'}
[11.364564] (rosbridge_msgs) StdoutLine: {'line': b'-- Detecting CXX compile features - done\n'}
[11.365203] (rosbridge_test_msgs) StdoutLine: {'line': b'-- Detecting CXX compile features - done\n'}
[11.413739] (rosbridge_test_msgs) StdoutLine: {'line': b'-- Found ament_cmake: 2.5.5 (/opt/ros/jazzy/share/ament_cmake/cmake)\n'}
[11.414649] (rosbridge_msgs) StdoutLine: {'line': b'-- Found ament_cmake: 2.5.5 (/opt/ros/jazzy/share/ament_cmake/cmake)\n'}
[11.439656] (-) TimerEvent: {}
[11.540554] (-) TimerEvent: {}
[11.641537] (-) TimerEvent: {}
[11.742681] (-) TimerEvent: {}
[11.843319] (-) TimerEvent: {}
[11.943950] (-) TimerEvent: {}
[12.044967] (-) TimerEvent: {}
[12.146508] (-) TimerEvent: {}
[12.247134] (-) TimerEvent: {}
[12.347950] (-) TimerEvent: {}
[12.359112] (rosbridge_msgs) StdoutLine: {'line': b'-- Found Python3: /home/Malvin/robot_space/bin/python3 (found version "3.12.3") found components: Interpreter \n'}
[12.361391] (rosbridge_test_msgs) StdoutLine: {'line': b'-- Found Python3: /home/Malvin/robot_space/bin/python3 (found version "3.12.3") found components: Interpreter \n'}
[12.448095] (-) TimerEvent: {}
[12.548756] (-) TimerEvent: {}
[12.649544] (-) TimerEvent: {}
[12.750864] (-) TimerEvent: {}
[12.851601] (-) TimerEvent: {}
[12.952635] (-) TimerEvent: {}
[13.053290] (-) TimerEvent: {}
[13.153899] (-) TimerEvent: {}
[13.254639] (-) TimerEvent: {}
[13.355661] (-) TimerEvent: {}
[13.365591] (rosbridge_msgs) StdoutLine: {'line': b'-- Found builtin_interfaces: 2.0.3 (/opt/ros/jazzy/share/builtin_interfaces/cmake)\n'}
[13.366492] (rosbridge_test_msgs) StdoutLine: {'line': b'-- Found builtin_interfaces: 2.0.3 (/opt/ros/jazzy/share/builtin_interfaces/cmake)\n'}
[13.455913] (-) TimerEvent: {}
[13.556916] (-) TimerEvent: {}
[13.657581] (-) TimerEvent: {}
[13.758268] (-) TimerEvent: {}
[13.855642] (rosbridge_test_msgs) StdoutLine: {'line': b'-- Found rosidl_generator_c: 4.6.7 (/opt/ros/jazzy/share/rosidl_generator_c/cmake)\n'}
[13.856363] (rosbridge_msgs) StdoutLine: {'line': b'-- Found rosidl_generator_c: 4.6.7 (/opt/ros/jazzy/share/rosidl_generator_c/cmake)\n'}
[13.858385] (-) TimerEvent: {}
[13.959031] (-) TimerEvent: {}
[13.988355] (rosbridge_msgs) StdoutLine: {'line': b'-- Found rosidl_generator_cpp: 4.6.7 (/opt/ros/jazzy/share/rosidl_generator_cpp/cmake)\n'}
[13.988918] (rosbridge_test_msgs) StdoutLine: {'line': b'-- Found rosidl_generator_cpp: 4.6.7 (/opt/ros/jazzy/share/rosidl_generator_cpp/cmake)\n'}
[14.059233] (-) TimerEvent: {}
[14.159941] (-) TimerEvent: {}
[14.195707] (rosbridge_msgs) StdoutLine: {'line': b'-- Using all available rosidl_typesupport_c: rosidl_typesupport_fastrtps_c;rosidl_typesupport_introspection_c\n'}
[14.196838] (rosbridge_test_msgs) StdoutLine: {'line': b'-- Using all available rosidl_typesupport_c: rosidl_typesupport_fastrtps_c;rosidl_typesupport_introspection_c\n'}
[14.260115] (-) TimerEvent: {}
[14.360886] (-) TimerEvent: {}
[14.460302] (rosbridge_msgs) StdoutLine: {'line': b'-- Using all available rosidl_typesupport_cpp: rosidl_typesupport_fastrtps_cpp;rosidl_typesupport_introspection_cpp\n'}
[14.461139] (-) TimerEvent: {}
[14.461789] (rosbridge_test_msgs) StdoutLine: {'line': b'-- Using all available rosidl_typesupport_cpp: rosidl_typesupport_fastrtps_cpp;rosidl_typesupport_introspection_cpp\n'}
[14.561344] (-) TimerEvent: {}
[14.662040] (-) TimerEvent: {}
[14.717611] (rosbridge_test_msgs) StdoutLine: {'line': b'-- Found geometry_msgs: 5.3.6 (/opt/ros/jazzy/share/geometry_msgs/cmake)\n'}
[14.721627] (rosbridge_msgs) StdoutLine: {'line': b'-- Found rosidl_default_generators: 1.6.0 (/opt/ros/jazzy/share/rosidl_default_generators/cmake)\n'}
[14.762225] (-) TimerEvent: {}
[14.862904] (-) TimerEvent: {}
[14.957732] (rosbridge_msgs) StdoutLine: {'line': b'-- Found rosidl_adapter: 4.6.7 (/opt/ros/jazzy/share/rosidl_adapter/cmake)\n'}
[14.963078] (-) TimerEvent: {}
[15.037757] (rosbridge_test_msgs) StdoutLine: {'line': b'-- Found rosidl_default_generators: 1.6.0 (/opt/ros/jazzy/share/rosidl_default_generators/cmake)\n'}
[15.063254] (-) TimerEvent: {}
[15.164325] (-) TimerEvent: {}
[15.178136] (rosbridge_test_msgs) StdoutLine: {'line': b'-- Found rosidl_adapter: 4.6.7 (/opt/ros/jazzy/share/rosidl_adapter/cmake)\n'}
[15.264558] (-) TimerEvent: {}
[15.365453] (-) TimerEvent: {}
[15.466783] (-) TimerEvent: {}
[15.567361] (-) TimerEvent: {}
[15.668024] (-) TimerEvent: {}
[15.768788] (-) TimerEvent: {}
[15.869707] (-) TimerEvent: {}
[15.970300] (-) TimerEvent: {}
[16.070927] (-) TimerEvent: {}
[16.171776] (-) TimerEvent: {}
[16.272702] (-) TimerEvent: {}
[16.373329] (-) TimerEvent: {}
[16.474029] (-) TimerEvent: {}
[16.574689] (-) TimerEvent: {}
[16.675468] (-) TimerEvent: {}
[16.776184] (-) TimerEvent: {}
[16.876959] (-) TimerEvent: {}
[16.977635] (-) TimerEvent: {}
[17.078551] (-) TimerEvent: {}
[17.179689] (-) TimerEvent: {}
[17.280366] (-) TimerEvent: {}
[17.380954] (-) TimerEvent: {}
[17.481710] (-) TimerEvent: {}
[17.582848] (-) TimerEvent: {}
[17.683515] (-) TimerEvent: {}
[17.784701] (-) TimerEvent: {}
[17.885348] (-) TimerEvent: {}
[17.986004] (-) TimerEvent: {}
[18.086653] (-) TimerEvent: {}
[18.187299] (-) TimerEvent: {}
[18.287909] (-) TimerEvent: {}
[18.388682] (-) TimerEvent: {}
[18.489313] (-) TimerEvent: {}
[18.537299] (rosbridge_msgs) StdoutLine: {'line': b'-- Found ament_cmake_ros: 0.12.0 (/opt/ros/jazzy/share/ament_cmake_ros/cmake)\n'}
[18.589520] (-) TimerEvent: {}
[18.690191] (-) TimerEvent: {}
[18.790854] (-) TimerEvent: {}
[18.891605] (-) TimerEvent: {}
[18.992679] (-) TimerEvent: {}
[19.093396] (-) TimerEvent: {}
[19.194939] (-) TimerEvent: {}
[19.295672] (-) TimerEvent: {}
[19.396352] (-) TimerEvent: {}
[19.496973] (-) TimerEvent: {}
[19.597669] (-) TimerEvent: {}
[19.698322] (-) TimerEvent: {}
[19.809000] (-) TimerEvent: {}
[19.909727] (-) TimerEvent: {}
[20.010440] (-) TimerEvent: {}
[20.111138] (-) TimerEvent: {}
[20.212253] (-) TimerEvent: {}
[20.312894] (-) TimerEvent: {}
[20.413865] (-) TimerEvent: {}
[20.450693] (rosbridge_test_msgs) StdoutLine: {'line': b'-- Found ament_cmake_ros: 0.12.0 (/opt/ros/jazzy/share/ament_cmake_ros/cmake)\n'}
[20.514056] (-) TimerEvent: {}
[20.614697] (-) TimerEvent: {}
[20.715459] (-) TimerEvent: {}
[20.816333] (-) TimerEvent: {}
[20.917313] (-) TimerEvent: {}
[21.018031] (-) TimerEvent: {}
[21.118915] (-) TimerEvent: {}
[21.220140] (-) TimerEvent: {}
[21.321135] (-) TimerEvent: {}
[21.421773] (-) TimerEvent: {}
[21.522588] (-) TimerEvent: {}
[21.623350] (-) TimerEvent: {}
[21.724002] (-) TimerEvent: {}
[21.824710] (-) TimerEvent: {}
[21.925334] (-) TimerEvent: {}
[22.026059] (-) TimerEvent: {}
[22.127029] (-) TimerEvent: {}
[22.227814] (-) TimerEvent: {}
[22.329343] (-) TimerEvent: {}
[22.430009] (-) TimerEvent: {}
[22.530674] (-) TimerEvent: {}
[22.631361] (-) TimerEvent: {}
[22.731986] (-) TimerEvent: {}
[22.832700] (-) TimerEvent: {}
[22.933547] (-) TimerEvent: {}
[23.034660] (-) TimerEvent: {}
[23.135439] (-) TimerEvent: {}
[23.236193] (-) TimerEvent: {}
[23.260552] (rosbridge_msgs) StdoutLine: {'line': b'-- Using all available rosidl_typesupport_c: rosidl_typesupport_fastrtps_c;rosidl_typesupport_introspection_c\n'}
[23.336388] (-) TimerEvent: {}
[23.437347] (-) TimerEvent: {}
[23.538071] (-) TimerEvent: {}
[23.639041] (-) TimerEvent: {}
[23.739949] (-) TimerEvent: {}
[23.840727] (-) TimerEvent: {}
[23.941535] (-) TimerEvent: {}
[24.042592] (-) TimerEvent: {}
[24.143274] (-) TimerEvent: {}
[24.243968] (-) TimerEvent: {}
[24.344571] (-) TimerEvent: {}
[24.445150] (-) TimerEvent: {}
[24.546020] (-) TimerEvent: {}
[24.647007] (-) TimerEvent: {}
[24.747790] (-) TimerEvent: {}
[24.848482] (-) TimerEvent: {}
[24.949126] (-) TimerEvent: {}
[24.997752] (rosbridge_msgs) StdoutLine: {'line': b'-- Using all available rosidl_typesupport_cpp: rosidl_typesupport_fastrtps_cpp;rosidl_typesupport_introspection_cpp\n'}
[25.033753] (rosbridge_msgs) StdoutLine: {'line': b'-- Found python_cmake_module: 0.11.1 (/opt/ros/jazzy/share/python_cmake_module/cmake)\n'}
[25.049380] (-) TimerEvent: {}
[25.150165] (-) TimerEvent: {}
[25.251079] (-) TimerEvent: {}
[25.351706] (-) TimerEvent: {}
[25.452361] (-) TimerEvent: {}
[25.553116] (-) TimerEvent: {}
[25.653982] (-) TimerEvent: {}
[25.732044] (rosbridge_test_msgs) StdoutLine: {'line': b'-- Using all available rosidl_typesupport_c: rosidl_typesupport_fastrtps_c;rosidl_typesupport_introspection_c\n'}
[25.754187] (-) TimerEvent: {}
[25.854850] (-) TimerEvent: {}
[25.885202] (rosbridge_msgs) StdoutLine: {'line': b'-- Found PythonExtra: /home/Malvin/robot_space/bin/python3  \n'}
[25.955039] (-) TimerEvent: {}
[26.055704] (-) TimerEvent: {}
[26.156345] (-) TimerEvent: {}
[26.256960] (-) TimerEvent: {}
[26.357730] (-) TimerEvent: {}
[26.458488] (-) TimerEvent: {}
[26.559319] (-) TimerEvent: {}
[26.660274] (-) TimerEvent: {}
[26.760965] (-) TimerEvent: {}
[26.861857] (-) TimerEvent: {}
[26.962536] (-) TimerEvent: {}
[27.063188] (-) TimerEvent: {}
[27.163825] (-) TimerEvent: {}
[27.264585] (-) TimerEvent: {}
[27.365591] (-) TimerEvent: {}
[27.466292] (-) TimerEvent: {}
[27.566922] (-) TimerEvent: {}
[27.667571] (-) TimerEvent: {}
[27.768724] (-) TimerEvent: {}
[27.792720] (rosbridge_test_msgs) StdoutLine: {'line': b'-- Using all available rosidl_typesupport_cpp: rosidl_typesupport_fastrtps_cpp;rosidl_typesupport_introspection_cpp\n'}
[27.825437] (rosbridge_test_msgs) StdoutLine: {'line': b'-- Found python_cmake_module: 0.11.1 (/opt/ros/jazzy/share/python_cmake_module/cmake)\n'}
[27.868992] (-) TimerEvent: {}
[27.970047] (-) TimerEvent: {}
[28.071481] (-) TimerEvent: {}
[28.172250] (-) TimerEvent: {}
[28.272836] (-) TimerEvent: {}
[28.373876] (-) TimerEvent: {}
[28.474787] (-) TimerEvent: {}
[28.504658] (rosbridge_msgs) StdoutLine: {'line': b'-- Found Python3: /home/Malvin/robot_space/bin/python3 (found version "3.12.3") found components: Interpreter Development NumPy Development.Module Development.Embed \n'}
[28.574935] (-) TimerEvent: {}
[28.675758] (-) TimerEvent: {}
[28.700764] (rosbridge_test_msgs) StdoutLine: {'line': b'-- Found PythonExtra: /home/Malvin/robot_space/bin/python3  \n'}
[28.775873] (-) TimerEvent: {}
[28.777282] (rosbridge_msgs) StdoutLine: {'line': b'-- Configuring done (26.7s)\n'}
[28.876037] (-) TimerEvent: {}
[28.976681] (-) TimerEvent: {}
[29.034502] (rosbridge_msgs) StdoutLine: {'line': b'-- Generating done (0.2s)\n'}
[29.076828] (-) TimerEvent: {}
[29.094482] (rosbridge_msgs) StdoutLine: {'line': b'-- Build files have been written to: /home/Malvin/my_ros_bot/build/rosbridge_msgs\n'}
[29.119785] (rosbridge_msgs) CommandEnded: {'returncode': 0}
[29.121949] (rosbridge_msgs) JobProgress: {'identifier': 'rosbridge_msgs', 'progress': 'build'}
[29.127044] (rosbridge_msgs) Command: {'cmd': ['/usr/bin/cmake', '--build', '/home/Malvin/my_ros_bot/build/rosbridge_msgs', '--', '-j4', '-l4'], 'cwd': '/home/Malvin/my_ros_bot/build/rosbridge_msgs', 'env': OrderedDict({'LESSOPEN': '| /usr/bin/lesspipe %s', 'USER': 'Malvin', 'SSH_CLIENT': '192.168.50.252 54194 22', 'XDG_SESSION_TYPE': 'tty', 'SHLVL': '1', 'LD_LIBRARY_PATH': '/opt/ros/jazzy/lib/aarch64-linux-gnu:/opt/ros/jazzy/lib', 'HOME': '/home/Malvin', 'OLDPWD': '/home/Malvin/my_ros_bot/src', 'SSH_TTY': '/dev/pts/1', 'ROS_PYTHON_VERSION': '3', 'PS1': '(robot_space) \\[\\e]0;\\u@\\h: \\w\\a\\]${debian_chroot:+($debian_chroot)}\\[\\033[01;32m\\]\\u@\\h\\[\\033[00m\\]:\\[\\033[01;34m\\]\\w\\[\\033[00m\\]\\$', 'DBUS_SESSION_BUS_ADDRESS': 'unix:path=/run/user/1000/bus', 'COLCON_PREFIX_PATH': '/home/Malvin/my_ros_bot/install', 'ROS_DISTRO': 'jazzy', 'LOGNAME': 'Malvin', '_': '/usr/bin/colcon', 'ROS_VERSION': '2', 'XDG_SESSION_CLASS': 'user', 'TERM': 'xterm-256color', 'XDG_SESSION_ID': '9', 'PATH': '/opt/ros/jazzy/bin:/home/Malvin/robot_space/bin:/usr/local/sbin:/usr/local/bin:/usr/sbin:/usr/bin:/sbin:/bin:/usr/games:/usr/local/games:/snap/bin', 'XDG_RUNTIME_DIR': '/run/user/1000', 'LANG': 'en_US.UTF-8', 'VIRTUAL_ENV_PROMPT': '(robot_space)', 'RMW_IMPLEMENTATION': 'rmw_fastrtps_cpp', 'LS_COLORS': 'rs=0:di=01;34:ln=01;36:mh=00:pi=40;33:so=01;35:do=01;35:bd=40;33;01:cd=40;33;01:or=40;31;01:mi=00:su=37;41:sg=30;43:ca=00:tw=30;42:ow=34;42:st=37;44:ex=01;32:*.tar=01;31:*.tgz=01;31:*.arc=01;31:*.arj=01;31:*.taz=01;31:*.lha=01;31:*.lz4=01;31:*.lzh=01;31:*.lzma=01;31:*.tlz=01;31:*.txz=01;31:*.tzo=01;31:*.t7z=01;31:*.zip=01;31:*.z=01;31:*.dz=01;31:*.gz=01;31:*.lrz=01;31:*.lz=01;31:*.lzo=01;31:*.xz=01;31:*.zst=01;31:*.tzst=01;31:*.bz2=01;31:*.bz=01;31:*.tbz=01;31:*.tbz2=01;31:*.tz=01;31:*.deb=01;31:*.rpm=01;31:*.jar=01;31:*.war=01;31:*.ear=01;31:*.sar=01;31:*.rar=01;31:*.alz=01;31:*.ace=01;31:*.zoo=01;31:*.cpio=01;31:*.7z=01;31:*.rz=01;31:*.cab=01;31:*.wim=01;31:*.swm=01;31:*.dwm=01;31:*.esd=01;31:*.avif=01;35:*.jpg=01;35:*.jpeg=01;35:*.mjpg=01;35:*.mjpeg=01;35:*.gif=01;35:*.bmp=01;35:*.pbm=01;35:*.pgm=01;35:*.ppm=01;35:*.tga=01;35:*.xbm=01;35:*.xpm=01;35:*.tif=01;35:*.tiff=01;35:*.png=01;35:*.svg=01;35:*.svgz=01;35:*.mng=01;35:*.pcx=01;35:*.mov=01;35:*.mpg=01;35:*.mpeg=01;35:*.m2v=01;35:*.mkv=01;35:*.webm=01;35:*.webp=01;35:*.ogm=01;35:*.mp4=01;35:*.m4v=01;35:*.mp4v=01;35:*.vob=01;35:*.qt=01;35:*.nuv=01;35:*.wmv=01;35:*.asf=01;35:*.rm=01;35:*.rmvb=01;35:*.flc=01;35:*.avi=01;35:*.fli=01;35:*.flv=01;35:*.gl=01;35:*.dl=01;35:*.xcf=01;35:*.xwd=01;35:*.yuv=01;35:*.cgm=01;35:*.emf=01;35:*.ogv=01;35:*.ogx=01;35:*.aac=00;36:*.au=00;36:*.flac=00;36:*.m4a=00;36:*.mid=00;36:*.midi=00;36:*.mka=00;36:*.mp3=00;36:*.mpc=00;36:*.ogg=00;36:*.ra=00;36:*.wav=00;36:*.oga=00;36:*.opus=00;36:*.spx=00;36:*.xspf=00;36:*~=00;90:*#=00;90:*.bak=00;90:*.crdownload=00;90:*.dpkg-dist=00;90:*.dpkg-new=00;90:*.dpkg-old=00;90:*.dpkg-tmp=00;90:*.old=00;90:*.orig=00;90:*.part=00;90:*.rej=00;90:*.rpmnew=00;90:*.rpmorig=00;90:*.rpmsave=00;90:*.swp=00;90:*.tmp=00;90:*.ucf-dist=00;90:*.ucf-new=00;90:*.ucf-old=00;90:', 'ROS_DOMAIN_ID': '23', 'AMENT_PREFIX_PATH': '/home/Malvin/my_ros_bot/install/ros_bot_sim:/home/Malvin/my_ros_bot/install/ros_bot_imu:/home/Malvin/my_ros_bot/install/ros_bot_camera:/home/Malvin/my_ros_bot/install/pump_controller:/home/Malvin/my_ros_bot/install/onyx_robot:/home/Malvin/my_ros_bot/install/move_base:/home/Malvin/my_ros_bot/install/bot_teleop:/home/Malvin/my_ros_bot/install/arduino_ros:/opt/ros/jazzy', 'SHELL': '/bin/bash', 'GST_PLUGIN_PATH': '/usr/local/lib/aarch64-linux-gnu/gstreamer-1.0', 'LESSCLOSE': '/usr/bin/lesspipe %s %s', 'VIRTUAL_ENV': '/home/Malvin/robot_space', 'ROS_AUTOMATIC_DISCOVERY_RANGE': 'SUBNET', 'PWD': '/home/Malvin/my_ros_bot/build/rosbridge_msgs', 'LC_ALL': 'en_US.UTF-8', 'SSH_CONNECTION': '192.168.50.252 54194 192.168.50.1 22', 'XDG_DATA_DIRS': '/usr/local/share:/usr/share:/var/lib/snapd/desktop', 'PYTHONPATH': '/home/Malvin/my_ros_bot/build/ros_bot_sim:/home/Malvin/my_ros_bot/install/ros_bot_sim/lib/python3.12/site-packages:/home/Malvin/my_ros_bot/build/ros_bot_imu:/home/Malvin/my_ros_bot/install/ros_bot_imu/lib/python3.12/site-packages:/home/Malvin/my_ros_bot/build/ros_bot_camera:/home/Malvin/my_ros_bot/install/ros_bot_camera/lib/python3.12/site-packages:/home/Malvin/my_ros_bot/build/pump_controller:/home/Malvin/my_ros_bot/install/pump_controller/lib/python3.12/site-packages:/home/Malvin/my_ros_bot/build/onyx_robot:/home/Malvin/my_ros_bot/install/onyx_robot/lib/python3.12/site-packages:/home/Malvin/my_ros_bot/build/move_base:/home/Malvin/my_ros_bot/install/move_base/lib/python3.12/site-packages:/home/Malvin/my_ros_bot/build/bot_teleop:/home/Malvin/my_ros_bot/install/bot_teleop/lib/python3.12/site-packages:/home/Malvin/my_ros_bot/build/arduino_ros:/home/Malvin/my_ros_bot/install/arduino_ros/lib/python3.12/site-packages:/opt/ros/jazzy/lib/python3.12/site-packages', 'COLCON': '1', 'CMAKE_PREFIX_PATH': '/home/Malvin/my_ros_bot/install/ros_bot_sim:/home/Malvin/my_ros_bot/install/ros_bot_imu:/home/Malvin/my_ros_bot/install/ros_bot_camera:/home/Malvin/my_ros_bot/install/pump_controller:/home/Malvin/my_ros_bot/install/onyx_robot:/home/Malvin/my_ros_bot/install/move_base:/home/Malvin/my_ros_bot/install/bot_teleop:/home/Malvin/my_ros_bot/install/arduino_ros:/opt/ros/jazzy'}), 'shell': False}
[29.176979] (-) TimerEvent: {}
[29.277676] (-) TimerEvent: {}
[29.378703] (-) TimerEvent: {}
[29.400741] (rosbridge_msgs) StdoutLine: {'line': b'[  2%] \x1b[34m\x1b[1mGenerating type hashes for ROS interfaces\x1b[0m\n'}
[29.445008] (rosbridge_msgs) StdoutLine: {'line': b'[  2%] Built target ament_cmake_python_copy_rosbridge_msgs\n'}
[29.478859] (-) TimerEvent: {}
[29.579533] (-) TimerEvent: {}
[29.681136] (-) TimerEvent: {}
[29.782765] (-) TimerEvent: {}
[29.884747] (-) TimerEvent: {}
[29.987650] (-) TimerEvent: {}
[30.088851] (-) TimerEvent: {}
[30.192343] (-) TimerEvent: {}
[30.292945] (-) TimerEvent: {}
[30.394313] (-) TimerEvent: {}
[30.496036] (-) TimerEvent: {}
[30.568558] (rosbridge_msgs) StdoutLine: {'line': b'[  2%] Built target rosbridge_msgs__rosidl_generator_type_description\n'}
[30.597470] (-) TimerEvent: {}
[30.653495] (rosbridge_msgs) StdoutLine: {'line': b'[  4%] \x1b[34m\x1b[1mGenerating C code for ROS interfaces\x1b[0m\n'}
[30.697636] (-) TimerEvent: {}
[30.713516] (rosbridge_msgs) StdoutLine: {'line': b'[  6%] \x1b[34m\x1b[1mGenerating C++ code for ROS interfaces\x1b[0m\n'}
[30.800457] (-) TimerEvent: {}
[30.901683] (-) TimerEvent: {}
[31.002522] (-) TimerEvent: {}
[31.104730] (-) TimerEvent: {}
[31.113883] (rosbridge_msgs) StdoutLine: {'line': b'running egg_info\n'}
[31.119463] (rosbridge_msgs) StdoutLine: {'line': b'creating rosbridge_msgs.egg-info\n'}
[31.206339] (-) TimerEvent: {}
[31.276039] (rosbridge_msgs) StdoutLine: {'line': b'writing rosbridge_msgs.egg-info/PKG-INFO\n'}
[31.278253] (rosbridge_msgs) StdoutLine: {'line': b'writing dependency_links to rosbridge_msgs.egg-info/dependency_links.txt\n'}
[31.280550] (rosbridge_msgs) StdoutLine: {'line': b'writing top-level names to rosbridge_msgs.egg-info/top_level.txt\n'}
[31.281191] (rosbridge_msgs) StdoutLine: {'line': b"writing manifest file 'rosbridge_msgs.egg-info/SOURCES.txt'\n"}
[31.308365] (-) TimerEvent: {}
[31.409190] (-) TimerEvent: {}
[31.510989] (-) TimerEvent: {}
[31.561413] (rosbridge_test_msgs) StdoutLine: {'line': b'-- Found Python3: /home/Malvin/robot_space/bin/python3 (found version "3.12.3") found components: Interpreter Development NumPy Development.Module Development.Embed \n'}
[31.612355] (-) TimerEvent: {}
[31.715519] (-) TimerEvent: {}
[31.751187] (rosbridge_msgs) StdoutLine: {'line': b"reading manifest file 'rosbridge_msgs.egg-info/SOURCES.txt'\n"}
[31.754460] (rosbridge_msgs) StdoutLine: {'line': b"writing manifest file 'rosbridge_msgs.egg-info/SOURCES.txt'\n"}
[31.815761] (-) TimerEvent: {}
[31.931143] (rosbridge_msgs) StdoutLine: {'line': b'[  6%] Built target ament_cmake_python_build_rosbridge_msgs_egg\n'}
[31.931868] (-) TimerEvent: {}
[32.037404] (-) TimerEvent: {}
[32.077606] (rosbridge_test_msgs) StdoutLine: {'line': b'-- Configuring done (30.0s)\n'}
[32.137587] (-) TimerEvent: {}
[32.238578] (-) TimerEvent: {}
[32.341508] (-) TimerEvent: {}
[32.442987] (-) TimerEvent: {}
[32.547518] (-) TimerEvent: {}
[32.649095] (-) TimerEvent: {}
[32.706084] (rosbridge_msgs) StdoutLine: {'line': b'[  6%] Built target rosbridge_msgs__cpp\n'}
[32.749351] (-) TimerEvent: {}
[32.802552] (rosbridge_msgs) StdoutLine: {'line': b'[  9%] \x1b[32mBuilding C object CMakeFiles/rosbridge_msgs__rosidl_generator_c.dir/rosidl_generator_c/rosbridge_msgs/msg/detail/connected_client__functions.c.o\x1b[0m\n'}
[32.816462] (rosbridge_msgs) StdoutLine: {'line': b'[ 11%] \x1b[32mBuilding C object CMakeFiles/rosbridge_msgs__rosidl_generator_c.dir/rosidl_generator_c/rosbridge_msgs/msg/detail/connected_client__description.c.o\x1b[0m\n'}
[32.834385] (rosbridge_msgs) StdoutLine: {'line': b'[ 13%] \x1b[32mBuilding C object CMakeFiles/rosbridge_msgs__rosidl_generator_c.dir/rosidl_generator_c/rosbridge_msgs/msg/detail/connected_clients__description.c.o\x1b[0m\n'}
[32.854381] (rosbridge_msgs) StdoutLine: {'line': b'[ 15%] \x1b[32mBuilding C object CMakeFiles/rosbridge_msgs__rosidl_generator_c.dir/rosidl_generator_c/rosbridge_msgs/msg/detail/connected_client__type_support.c.o\x1b[0m\n'}
[32.855038] (-) TimerEvent: {}
[32.865877] (rosbridge_test_msgs) StdoutLine: {'line': b'-- Generating done (0.6s)\n'}
[32.950765] (rosbridge_test_msgs) StdoutLine: {'line': b'-- Build files have been written to: /home/Malvin/my_ros_bot/build/rosbridge_test_msgs\n'}
[32.955327] (-) TimerEvent: {}
[33.003579] (rosbridge_test_msgs) CommandEnded: {'returncode': 0}
[33.009866] (rosbridge_test_msgs) JobProgress: {'identifier': 'rosbridge_test_msgs', 'progress': 'build'}
[33.009982] (rosbridge_test_msgs) Command: {'cmd': ['/usr/bin/cmake', '--build', '/home/Malvin/my_ros_bot/build/rosbridge_test_msgs', '--', '-j4', '-l4'], 'cwd': '/home/Malvin/my_ros_bot/build/rosbridge_test_msgs', 'env': OrderedDict({'LESSOPEN': '| /usr/bin/lesspipe %s', 'USER': 'Malvin', 'SSH_CLIENT': '192.168.50.252 54194 22', 'XDG_SESSION_TYPE': 'tty', 'SHLVL': '1', 'LD_LIBRARY_PATH': '/opt/ros/jazzy/lib/aarch64-linux-gnu:/opt/ros/jazzy/lib', 'HOME': '/home/Malvin', 'OLDPWD': '/home/Malvin/my_ros_bot/src', 'SSH_TTY': '/dev/pts/1', 'ROS_PYTHON_VERSION': '3', 'PS1': '(robot_space) \\[\\e]0;\\u@\\h: \\w\\a\\]${debian_chroot:+($debian_chroot)}\\[\\033[01;32m\\]\\u@\\h\\[\\033[00m\\]:\\[\\033[01;34m\\]\\w\\[\\033[00m\\]\\$', 'DBUS_SESSION_BUS_ADDRESS': 'unix:path=/run/user/1000/bus', 'COLCON_PREFIX_PATH': '/home/Malvin/my_ros_bot/install', 'ROS_DISTRO': 'jazzy', 'LOGNAME': 'Malvin', '_': '/usr/bin/colcon', 'ROS_VERSION': '2', 'XDG_SESSION_CLASS': 'user', 'TERM': 'xterm-256color', 'XDG_SESSION_ID': '9', 'PATH': '/opt/ros/jazzy/bin:/home/Malvin/robot_space/bin:/usr/local/sbin:/usr/local/bin:/usr/sbin:/usr/bin:/sbin:/bin:/usr/games:/usr/local/games:/snap/bin', 'XDG_RUNTIME_DIR': '/run/user/1000', 'LANG': 'en_US.UTF-8', 'VIRTUAL_ENV_PROMPT': '(robot_space)', 'RMW_IMPLEMENTATION': 'rmw_fastrtps_cpp', 'LS_COLORS': 'rs=0:di=01;34:ln=01;36:mh=00:pi=40;33:so=01;35:do=01;35:bd=40;33;01:cd=40;33;01:or=40;31;01:mi=00:su=37;41:sg=30;43:ca=00:tw=30;42:ow=34;42:st=37;44:ex=01;32:*.tar=01;31:*.tgz=01;31:*.arc=01;31:*.arj=01;31:*.taz=01;31:*.lha=01;31:*.lz4=01;31:*.lzh=01;31:*.lzma=01;31:*.tlz=01;31:*.txz=01;31:*.tzo=01;31:*.t7z=01;31:*.zip=01;31:*.z=01;31:*.dz=01;31:*.gz=01;31:*.lrz=01;31:*.lz=01;31:*.lzo=01;31:*.xz=01;31:*.zst=01;31:*.tzst=01;31:*.bz2=01;31:*.bz=01;31:*.tbz=01;31:*.tbz2=01;31:*.tz=01;31:*.deb=01;31:*.rpm=01;31:*.jar=01;31:*.war=01;31:*.ear=01;31:*.sar=01;31:*.rar=01;31:*.alz=01;31:*.ace=01;31:*.zoo=01;31:*.cpio=01;31:*.7z=01;31:*.rz=01;31:*.cab=01;31:*.wim=01;31:*.swm=01;31:*.dwm=01;31:*.esd=01;31:*.avif=01;35:*.jpg=01;35:*.jpeg=01;35:*.mjpg=01;35:*.mjpeg=01;35:*.gif=01;35:*.bmp=01;35:*.pbm=01;35:*.pgm=01;35:*.ppm=01;35:*.tga=01;35:*.xbm=01;35:*.xpm=01;35:*.tif=01;35:*.tiff=01;35:*.png=01;35:*.svg=01;35:*.svgz=01;35:*.mng=01;35:*.pcx=01;35:*.mov=01;35:*.mpg=01;35:*.mpeg=01;35:*.m2v=01;35:*.mkv=01;35:*.webm=01;35:*.webp=01;35:*.ogm=01;35:*.mp4=01;35:*.m4v=01;35:*.mp4v=01;35:*.vob=01;35:*.qt=01;35:*.nuv=01;35:*.wmv=01;35:*.asf=01;35:*.rm=01;35:*.rmvb=01;35:*.flc=01;35:*.avi=01;35:*.fli=01;35:*.flv=01;35:*.gl=01;35:*.dl=01;35:*.xcf=01;35:*.xwd=01;35:*.yuv=01;35:*.cgm=01;35:*.emf=01;35:*.ogv=01;35:*.ogx=01;35:*.aac=00;36:*.au=00;36:*.flac=00;36:*.m4a=00;36:*.mid=00;36:*.midi=00;36:*.mka=00;36:*.mp3=00;36:*.mpc=00;36:*.ogg=00;36:*.ra=00;36:*.wav=00;36:*.oga=00;36:*.opus=00;36:*.spx=00;36:*.xspf=00;36:*~=00;90:*#=00;90:*.bak=00;90:*.crdownload=00;90:*.dpkg-dist=00;90:*.dpkg-new=00;90:*.dpkg-old=00;90:*.dpkg-tmp=00;90:*.old=00;90:*.orig=00;90:*.part=00;90:*.rej=00;90:*.rpmnew=00;90:*.rpmorig=00;90:*.rpmsave=00;90:*.swp=00;90:*.tmp=00;90:*.ucf-dist=00;90:*.ucf-new=00;90:*.ucf-old=00;90:', 'ROS_DOMAIN_ID': '23', 'AMENT_PREFIX_PATH': '/home/Malvin/my_ros_bot/install/ros_bot_sim:/home/Malvin/my_ros_bot/install/ros_bot_imu:/home/Malvin/my_ros_bot/install/ros_bot_camera:/home/Malvin/my_ros_bot/install/pump_controller:/home/Malvin/my_ros_bot/install/onyx_robot:/home/Malvin/my_ros_bot/install/move_base:/home/Malvin/my_ros_bot/install/bot_teleop:/home/Malvin/my_ros_bot/install/arduino_ros:/opt/ros/jazzy', 'SHELL': '/bin/bash', 'GST_PLUGIN_PATH': '/usr/local/lib/aarch64-linux-gnu/gstreamer-1.0', 'LESSCLOSE': '/usr/bin/lesspipe %s %s', 'VIRTUAL_ENV': '/home/Malvin/robot_space', 'ROS_AUTOMATIC_DISCOVERY_RANGE': 'SUBNET', 'PWD': '/home/Malvin/my_ros_bot/build/rosbridge_test_msgs', 'LC_ALL': 'en_US.UTF-8', 'SSH_CONNECTION': '192.168.50.252 54194 192.168.50.1 22', 'XDG_DATA_DIRS': '/usr/local/share:/usr/share:/var/lib/snapd/desktop', 'PYTHONPATH': '/home/Malvin/my_ros_bot/build/ros_bot_sim:/home/Malvin/my_ros_bot/install/ros_bot_sim/lib/python3.12/site-packages:/home/Malvin/my_ros_bot/build/ros_bot_imu:/home/Malvin/my_ros_bot/install/ros_bot_imu/lib/python3.12/site-packages:/home/Malvin/my_ros_bot/build/ros_bot_camera:/home/Malvin/my_ros_bot/install/ros_bot_camera/lib/python3.12/site-packages:/home/Malvin/my_ros_bot/build/pump_controller:/home/Malvin/my_ros_bot/install/pump_controller/lib/python3.12/site-packages:/home/Malvin/my_ros_bot/build/onyx_robot:/home/Malvin/my_ros_bot/install/onyx_robot/lib/python3.12/site-packages:/home/Malvin/my_ros_bot/build/move_base:/home/Malvin/my_ros_bot/install/move_base/lib/python3.12/site-packages:/home/Malvin/my_ros_bot/build/bot_teleop:/home/Malvin/my_ros_bot/install/bot_teleop/lib/python3.12/site-packages:/home/Malvin/my_ros_bot/build/arduino_ros:/home/Malvin/my_ros_bot/install/arduino_ros/lib/python3.12/site-packages:/opt/ros/jazzy/lib/python3.12/site-packages', 'COLCON': '1', 'CMAKE_PREFIX_PATH': '/home/Malvin/my_ros_bot/install/ros_bot_sim:/home/Malvin/my_ros_bot/install/ros_bot_imu:/home/Malvin/my_ros_bot/install/ros_bot_camera:/home/Malvin/my_ros_bot/install/pump_controller:/home/Malvin/my_ros_bot/install/onyx_robot:/home/Malvin/my_ros_bot/install/move_base:/home/Malvin/my_ros_bot/install/bot_teleop:/home/Malvin/my_ros_bot/install/arduino_ros:/opt/ros/jazzy'}), 'shell': False}
[33.055511] (-) TimerEvent: {}
[33.157459] (-) TimerEvent: {}
[33.258161] (-) TimerEvent: {}
[33.318107] (rosbridge_msgs) StdoutLine: {'line': b'[ 18%] \x1b[32mBuilding C object CMakeFiles/rosbridge_msgs__rosidl_generator_c.dir/rosidl_generator_c/rosbridge_msgs/msg/detail/connected_clients__functions.c.o\x1b[0m\n'}
[33.359439] (-) TimerEvent: {}
[33.399457] (rosbridge_test_msgs) StdoutLine: {'line': b'[  0%] \x1b[34m\x1b[1mGenerating type hashes for ROS interfaces\x1b[0m\n'}
[33.422842] (rosbridge_test_msgs) StdoutLine: {'line': b'[  0%] Built target ament_cmake_python_copy_rosbridge_test_msgs\n'}
[33.460383] (rosbridge_msgs) StdoutLine: {'line': b'[ 20%] \x1b[32mBuilding C object CMakeFiles/rosbridge_msgs__rosidl_generator_c.dir/rosidl_generator_c/rosbridge_msgs/msg/detail/connected_clients__type_support.c.o\x1b[0m\n'}
[33.461394] (-) TimerEvent: {}
[33.566355] (-) TimerEvent: {}
[33.667022] (-) TimerEvent: {}
[33.769502] (-) TimerEvent: {}
[33.870614] (-) TimerEvent: {}
[33.873534] (rosbridge_msgs) StdoutLine: {'line': b'[ 22%] \x1b[32m\x1b[1mLinking C shared library librosbridge_msgs__rosidl_generator_c.so\x1b[0m\n'}
[33.973355] (-) TimerEvent: {}
[34.073968] (-) TimerEvent: {}
[34.177620] (-) TimerEvent: {}
[34.259743] (rosbridge_msgs) StdoutLine: {'line': b'[ 22%] Built target rosbridge_msgs__rosidl_generator_c\n'}
[34.280374] (-) TimerEvent: {}
[34.340689] (rosbridge_msgs) StdoutLine: {'line': b'[ 25%] \x1b[34m\x1b[1mGenerating C++ type support for eProsima Fast-RTPS\x1b[0m\n'}
[34.366102] (rosbridge_msgs) StdoutLine: {'line': b'[ 27%] \x1b[34m\x1b[1mGenerating C++ introspection for ROS interfaces\x1b[0m\n'}
[34.370604] (rosbridge_msgs) StdoutLine: {'line': b'[ 29%] \x1b[34m\x1b[1mGenerating C introspection for ROS interfaces\x1b[0m\n'}
[34.381402] (-) TimerEvent: {}
[34.390117] (rosbridge_msgs) StdoutLine: {'line': b'[ 31%] \x1b[34m\x1b[1mGenerating C type support dispatch for ROS interfaces\x1b[0m\n'}
[34.484371] (-) TimerEvent: {}
[34.587367] (-) TimerEvent: {}
[34.692417] (-) TimerEvent: {}
[34.794432] (-) TimerEvent: {}
[34.895339] (-) TimerEvent: {}
[34.996197] (-) TimerEvent: {}
[35.099729] (-) TimerEvent: {}
[35.200570] (-) TimerEvent: {}
[35.208652] (rosbridge_test_msgs) StdoutLine: {'line': b'running egg_info\n'}
[35.214427] (rosbridge_test_msgs) StdoutLine: {'line': b'creating rosbridge_test_msgs.egg-info\n'}
[35.301406] (-) TimerEvent: {}
[35.361180] (rosbridge_test_msgs) StdoutLine: {'line': b'writing rosbridge_test_msgs.egg-info/PKG-INFO\n'}
[35.363742] (rosbridge_test_msgs) StdoutLine: {'line': b'writing dependency_links to rosbridge_test_msgs.egg-info/dependency_links.txt\n'}
[35.367422] (rosbridge_test_msgs) StdoutLine: {'line': b'writing top-level names to rosbridge_test_msgs.egg-info/top_level.txt\n'}
[35.373001] (rosbridge_test_msgs) StdoutLine: {'line': b"writing manifest file 'rosbridge_test_msgs.egg-info/SOURCES.txt'\n"}
[35.401581] (-) TimerEvent: {}
[35.505662] (-) TimerEvent: {}
[35.606354] (-) TimerEvent: {}
[35.707041] (-) TimerEvent: {}
[35.782466] (rosbridge_test_msgs) StdoutLine: {'line': b"reading manifest file 'rosbridge_test_msgs.egg-info/SOURCES.txt'\n"}
[35.791528] (rosbridge_test_msgs) StdoutLine: {'line': b"writing manifest file 'rosbridge_test_msgs.egg-info/SOURCES.txt'\n"}
[35.809387] (-) TimerEvent: {}
[35.910250] (-) TimerEvent: {}
[36.013570] (-) TimerEvent: {}
[36.078486] (rosbridge_test_msgs) StdoutLine: {'line': b'[  0%] Built target ament_cmake_python_build_rosbridge_test_msgs_egg\n'}
[36.113945] (-) TimerEvent: {}
[36.216913] (-) TimerEvent: {}
[36.319612] (-) TimerEvent: {}
[36.423560] (-) TimerEvent: {}
[36.528307] (-) TimerEvent: {}
[36.630801] (-) TimerEvent: {}
[36.636809] (rosbridge_msgs) StdoutLine: {'line': b'[ 34%] \x1b[32mBuilding CXX object CMakeFiles/rosbridge_msgs__rosidl_typesupport_c.dir/rosidl_typesupport_c/rosbridge_msgs/msg/connected_client__type_support.cpp.o\x1b[0m\n'}
[36.715159] (rosbridge_msgs) StdoutLine: {'line': b'[ 36%] \x1b[32mBuilding CXX object CMakeFiles/rosbridge_msgs__rosidl_typesupport_introspection_cpp.dir/rosidl_typesupport_introspection_cpp/rosbridge_msgs/msg/detail/connected_client__type_support.cpp.o\x1b[0m\n'}
[36.731121] (-) TimerEvent: {}
[36.833496] (-) TimerEvent: {}
[37.079380] (-) TimerEvent: {}
[37.101256] (rosbridge_msgs) StdoutLine: {'line': b'[ 38%] \x1b[32mBuilding C object CMakeFiles/rosbridge_msgs__rosidl_typesupport_introspection_c.dir/rosidl_typesupport_introspection_c/rosbridge_msgs/msg/detail/connected_client__type_support.c.o\x1b[0m\n'}
[37.185370] (-) TimerEvent: {}
[37.286016] (-) TimerEvent: {}
[37.321238] (rosbridge_msgs) StdoutLine: {'line': b'[ 40%] \x1b[32mBuilding CXX object CMakeFiles/rosbridge_msgs__rosidl_typesupport_fastrtps_cpp.dir/rosidl_typesupport_fastrtps_cpp/rosbridge_msgs/msg/detail/dds_fastrtps/connected_client__type_support.cpp.o\x1b[0m\n'}
[37.386172] (-) TimerEvent: {}
[37.486822] (-) TimerEvent: {}
[37.587562] (-) TimerEvent: {}
[37.688535] (-) TimerEvent: {}
[37.789116] (-) TimerEvent: {}
[37.889737] (rosbridge_msgs) StdoutLine: {'line': b'[ 43%] \x1b[32mBuilding C object CMakeFiles/rosbridge_msgs__rosidl_typesupport_introspection_c.dir/rosidl_typesupport_introspection_c/rosbridge_msgs/msg/detail/connected_clients__type_support.c.o\x1b[0m\n'}
[37.890919] (-) TimerEvent: {}
[37.950623] (rosbridge_msgs) StdoutLine: {'line': b'[ 45%] \x1b[32mBuilding CXX object CMakeFiles/rosbridge_msgs__rosidl_typesupport_c.dir/rosidl_typesupport_c/rosbridge_msgs/msg/connected_clients__type_support.cpp.o\x1b[0m\n'}
[37.991138] (-) TimerEvent: {}
[38.092119] (-) TimerEvent: {}
[38.193741] (-) TimerEvent: {}
[38.204970] (rosbridge_msgs) StdoutLine: {'line': b'[ 47%] \x1b[32m\x1b[1mLinking C shared library librosbridge_msgs__rosidl_typesupport_introspection_c.so\x1b[0m\n'}
[38.293945] (-) TimerEvent: {}
[38.307795] (rosbridge_msgs) StdoutLine: {'line': b'[ 50%] \x1b[32m\x1b[1mLinking CXX shared library librosbridge_msgs__rosidl_typesupport_c.so\x1b[0m\n'}
[38.396401] (-) TimerEvent: {}
[38.497963] (-) TimerEvent: {}
[38.507528] (rosbridge_msgs) StdoutLine: {'line': b'[ 50%] Built target rosbridge_msgs__rosidl_typesupport_introspection_c\n'}
[38.556895] (rosbridge_msgs) StdoutLine: {'line': b'[ 52%] \x1b[32mBuilding CXX object CMakeFiles/rosbridge_msgs__rosidl_typesupport_fastrtps_cpp.dir/rosidl_typesupport_fastrtps_cpp/rosbridge_msgs/msg/detail/dds_fastrtps/connected_clients__type_support.cpp.o\x1b[0m\n'}
[38.575918] (rosbridge_test_msgs) StdoutLine: {'line': b'[  0%] Built target rosbridge_test_msgs__rosidl_generator_type_description\n'}
[38.599418] (-) TimerEvent: {}
[38.646664] (rosbridge_msgs) StdoutLine: {'line': b'[ 52%] Built target rosbridge_msgs__rosidl_typesupport_c\n'}
[38.661534] (rosbridge_test_msgs) StdoutLine: {'line': b'[  0%] \x1b[34m\x1b[1mGenerating C code for ROS interfaces\x1b[0m\n'}
[38.700385] (-) TimerEvent: {}
[38.719503] (rosbridge_msgs) StdoutLine: {'line': b'[ 54%] \x1b[32mBuilding CXX object CMakeFiles/rosbridge_msgs__rosidl_typesupport_introspection_cpp.dir/rosidl_typesupport_introspection_cpp/rosbridge_msgs/msg/detail/connected_clients__type_support.cpp.o\x1b[0m\n'}
[38.752577] (rosbridge_test_msgs) StdoutLine: {'line': b'[  0%] \x1b[34m\x1b[1mGenerating C++ code for ROS interfaces\x1b[0m\n'}
[38.802392] (-) TimerEvent: {}
[38.904344] (-) TimerEvent: {}
[39.005444] (-) TimerEvent: {}
[39.106763] (-) TimerEvent: {}
[39.209107] (-) TimerEvent: {}
[39.312357] (-) TimerEvent: {}
[39.413058] (-) TimerEvent: {}
[39.513715] (-) TimerEvent: {}
[39.617397] (-) TimerEvent: {}
[39.718267] (-) TimerEvent: {}
[39.819170] (-) TimerEvent: {}
[39.920031] (-) TimerEvent: {}
[40.022693] (-) TimerEvent: {}
[40.125756] (-) TimerEvent: {}
[40.229426] (-) TimerEvent: {}
[40.332423] (-) TimerEvent: {}
[40.435387] (-) TimerEvent: {}
[40.538393] (-) TimerEvent: {}
[40.641453] (-) TimerEvent: {}
[40.744391] (-) TimerEvent: {}
[40.847377] (-) TimerEvent: {}
[40.948154] (-) TimerEvent: {}
[41.051376] (-) TimerEvent: {}
[41.152253] (-) TimerEvent: {}
[41.252949] (-) TimerEvent: {}
[41.358360] (-) TimerEvent: {}
[41.459285] (-) TimerEvent: {}
[41.560159] (-) TimerEvent: {}
[41.664387] (-) TimerEvent: {}
[41.768400] (-) TimerEvent: {}
[41.869392] (-) TimerEvent: {}
[42.205792] (-) TimerEvent: {}
[42.311420] (-) TimerEvent: {}
[42.412181] (-) TimerEvent: {}
[42.481781] (rosbridge_msgs) StdoutLine: {'line': b'[ 56%] \x1b[34m\x1b[1mGenerating C++ type support dispatch for ROS interfaces\x1b[0m\n'}
[42.516386] (-) TimerEvent: {}
[42.619428] (-) TimerEvent: {}
[42.720266] (-) TimerEvent: {}
[42.825739] (-) TimerEvent: {}
[42.865045] (rosbridge_msgs) StdoutLine: {'line': b'[ 59%] \x1b[32m\x1b[1mLinking CXX shared library librosbridge_msgs__rosidl_typesupport_introspection_cpp.so\x1b[0m\n'}
[42.928437] (-) TimerEvent: {}
[43.032696] (-) TimerEvent: {}
[43.134001] (-) TimerEvent: {}
[43.241413] (-) TimerEvent: {}
[43.343506] (-) TimerEvent: {}
[43.446414] (-) TimerEvent: {}
[43.480102] (rosbridge_msgs) StdoutLine: {'line': b'[ 61%] \x1b[34m\x1b[1mGenerating C type support for eProsima Fast-RTPS\x1b[0m\n'}
[43.549421] (-) TimerEvent: {}
[43.650163] (-) TimerEvent: {}
[43.655280] (rosbridge_msgs) StdoutLine: {'line': b'[ 61%] Built target rosbridge_msgs__rosidl_typesupport_introspection_cpp\n'}
[43.750387] (-) TimerEvent: {}
[43.853414] (-) TimerEvent: {}
[43.957690] (-) TimerEvent: {}
[44.059248] (-) TimerEvent: {}
[44.113523] (rosbridge_msgs) StdoutLine: {'line': b'[ 63%] \x1b[32m\x1b[1mLinking CXX shared library librosbridge_msgs__rosidl_typesupport_fastrtps_cpp.so\x1b[0m\n'}
[44.162543] (-) TimerEvent: {}
[44.263803] (-) TimerEvent: {}
[44.367759] (-) TimerEvent: {}
[44.471396] (-) TimerEvent: {}
[44.573424] (-) TimerEvent: {}
[44.623371] (rosbridge_msgs) StdoutLine: {'line': b'[ 65%] \x1b[32mBuilding CXX object CMakeFiles/rosbridge_msgs__rosidl_typesupport_cpp.dir/rosidl_typesupport_cpp/rosbridge_msgs/msg/connected_clients__type_support.cpp.o\x1b[0m\n'}
[44.649474] (rosbridge_msgs) StdoutLine: {'line': b'[ 68%] \x1b[32mBuilding CXX object CMakeFiles/rosbridge_msgs__rosidl_typesupport_cpp.dir/rosidl_typesupport_cpp/rosbridge_msgs/msg/connected_client__type_support.cpp.o\x1b[0m\n'}
[44.676380] (-) TimerEvent: {}
[44.713364] (rosbridge_msgs) StdoutLine: {'line': b'[ 68%] Built target rosbridge_msgs__rosidl_typesupport_fastrtps_cpp\n'}
[44.776565] (-) TimerEvent: {}
[44.880364] (-) TimerEvent: {}
[44.981083] (-) TimerEvent: {}
[45.082350] (-) TimerEvent: {}
[45.183712] (-) TimerEvent: {}
[45.286728] (-) TimerEvent: {}
[45.388391] (-) TimerEvent: {}
[45.489582] (-) TimerEvent: {}
[45.594382] (-) TimerEvent: {}
[45.697732] (-) TimerEvent: {}
[45.803400] (-) TimerEvent: {}
[45.905407] (-) TimerEvent: {}
[46.006319] (-) TimerEvent: {}
[46.109366] (-) TimerEvent: {}
[46.210198] (-) TimerEvent: {}
[46.262544] (rosbridge_msgs) StdoutLine: {'line': b'[ 70%] \x1b[32mBuilding CXX object CMakeFiles/rosbridge_msgs__rosidl_typesupport_fastrtps_c.dir/rosidl_typesupport_fastrtps_c/rosbridge_msgs/msg/detail/connected_client__type_support_c.cpp.o\x1b[0m\n'}
[46.264437] (rosbridge_msgs) StdoutLine: {'line': b'[ 72%] \x1b[32mBuilding CXX object CMakeFiles/rosbridge_msgs__rosidl_typesupport_fastrtps_c.dir/rosidl_typesupport_fastrtps_c/rosbridge_msgs/msg/detail/connected_clients__type_support_c.cpp.o\x1b[0m\n'}
[46.310489] (-) TimerEvent: {}
[46.414779] (-) TimerEvent: {}
[46.516033] (-) TimerEvent: {}
[46.618388] (-) TimerEvent: {}
[46.719238] (-) TimerEvent: {}
[46.822386] (-) TimerEvent: {}
[46.923343] (-) TimerEvent: {}
[47.697807] (rosbridge_msgs) StdoutLine: {'line': b'[ 75%] \x1b[32m\x1b[1mLinking CXX shared library librosbridge_msgs__rosidl_typesupport_cpp.so\x1b[0m\n'}
[47.699872] (-) TimerEvent: {}
[47.804368] (-) TimerEvent: {}
[47.905162] (-) TimerEvent: {}
[48.006020] (-) TimerEvent: {}
[48.110589] (-) TimerEvent: {}
[48.150278] (rosbridge_msgs) StdoutLine: {'line': b'[ 75%] Built target rosbridge_msgs__rosidl_typesupport_cpp\n'}
[48.210793] (-) TimerEvent: {}
[48.311700] (-) TimerEvent: {}
[48.414830] (-) TimerEvent: {}
[48.517187] (-) TimerEvent: {}
[48.619735] (-) TimerEvent: {}
[48.722547] (-) TimerEvent: {}
[48.823429] (-) TimerEvent: {}
[48.925833] (-) TimerEvent: {}
[49.029777] (-) TimerEvent: {}
[49.130616] (-) TimerEvent: {}
[49.234537] (-) TimerEvent: {}
[49.335379] (-) TimerEvent: {}
[49.436401] (-) TimerEvent: {}
[49.538837] (-) TimerEvent: {}
[49.641411] (-) TimerEvent: {}
[49.746364] (-) TimerEvent: {}
[49.847386] (-) TimerEvent: {}
[49.949902] (-) TimerEvent: {}
[50.050837] (-) TimerEvent: {}
[50.154672] (-) TimerEvent: {}
[50.255449] (-) TimerEvent: {}
[50.359647] (-) TimerEvent: {}
[50.460366] (-) TimerEvent: {}
[50.472389] (rosbridge_msgs) StdoutLine: {'line': b'[ 77%] \x1b[32m\x1b[1mLinking CXX shared library librosbridge_msgs__rosidl_typesupport_fastrtps_c.so\x1b[0m\n'}
[50.560552] (-) TimerEvent: {}
[50.661297] (-) TimerEvent: {}
[50.762282] (-) TimerEvent: {}
[50.849358] (rosbridge_msgs) StdoutLine: {'line': b'[ 77%] Built target rosbridge_msgs__rosidl_typesupport_fastrtps_c\n'}
[50.863027] (-) TimerEvent: {}
[50.963540] (rosbridge_msgs) StdoutLine: {'line': b'[ 77%] Built target rosbridge_msgs\n'}
[50.964149] (-) TimerEvent: {}
[51.067156] (-) TimerEvent: {}
[51.079450] (rosbridge_msgs) StdoutLine: {'line': b'[ 79%] \x1b[34m\x1b[1mGenerating Python code for ROS interfaces\x1b[0m\n'}
[51.167815] (-) TimerEvent: {}
[51.268497] (-) TimerEvent: {}
[51.369161] (-) TimerEvent: {}
[51.469841] (-) TimerEvent: {}
[51.570650] (-) TimerEvent: {}
[51.671957] (-) TimerEvent: {}
[51.772830] (-) TimerEvent: {}
[51.874674] (-) TimerEvent: {}
[51.975432] (-) TimerEvent: {}
[52.211694] (-) TimerEvent: {}
[52.313338] (-) TimerEvent: {}
[52.414881] (-) TimerEvent: {}
[52.515620] (-) TimerEvent: {}
[52.616988] (-) TimerEvent: {}
[52.718192] (-) TimerEvent: {}
[52.820608] (-) TimerEvent: {}
[52.921788] (-) TimerEvent: {}
[52.967060] (rosbridge_msgs) StdoutLine: {'line': b'[ 79%] Built target rosbridge_msgs__py\n'}
[53.022027] (-) TimerEvent: {}
[53.080834] (rosbridge_msgs) StdoutLine: {'line': b'[ 81%] \x1b[32mBuilding C object CMakeFiles/rosbridge_msgs__rosidl_generator_py.dir/rosidl_generator_py/rosbridge_msgs/msg/_connected_client_s.c.o\x1b[0m\n'}
[53.095401] (rosbridge_msgs) StdoutLine: {'line': b'[ 84%] \x1b[32mBuilding C object CMakeFiles/rosbridge_msgs__rosidl_generator_py.dir/rosidl_generator_py/rosbridge_msgs/msg/_connected_clients_s.c.o\x1b[0m\n'}
[53.122269] (-) TimerEvent: {}
[53.224692] (-) TimerEvent: {}
[53.328812] (-) TimerEvent: {}
[53.431355] (-) TimerEvent: {}
[53.532057] (-) TimerEvent: {}
[53.632837] (-) TimerEvent: {}
[53.734158] (-) TimerEvent: {}
[53.834807] (-) TimerEvent: {}
[53.935514] (-) TimerEvent: {}
[54.037613] (-) TimerEvent: {}
[54.139717] (-) TimerEvent: {}
[54.240518] (-) TimerEvent: {}
[54.341101] (-) TimerEvent: {}
[54.442064] (-) TimerEvent: {}
[54.544029] (-) TimerEvent: {}
[54.646537] (-) TimerEvent: {}
[54.703974] (rosbridge_msgs) StdoutLine: {'line': b'[ 86%] \x1b[32m\x1b[1mLinking C shared library librosbridge_msgs__rosidl_generator_py.so\x1b[0m\n'}
[54.746712] (-) TimerEvent: {}
[54.847382] (-) TimerEvent: {}
[54.948120] (-) TimerEvent: {}
[54.956023] (rosbridge_msgs) StdoutLine: {'line': b'[ 86%] Built target rosbridge_msgs__rosidl_generator_py\n'}
[55.048898] (-) TimerEvent: {}
[55.076660] (rosbridge_msgs) StdoutLine: {'line': b'[ 88%] \x1b[32mBuilding C object CMakeFiles/rosbridge_msgs_s__rosidl_typesupport_fastrtps_c.dir/rosidl_generator_py/rosbridge_msgs/_rosbridge_msgs_s.ep.rosidl_typesupport_fastrtps_c.c.o\x1b[0m\n'}
[55.149053] (-) TimerEvent: {}
[55.202823] (rosbridge_msgs) StdoutLine: {'line': b'[ 93%] \x1b[32mBuilding C object CMakeFiles/rosbridge_msgs_s__rosidl_typesupport_introspection_c.dir/rosidl_generator_py/rosbridge_msgs/_rosbridge_msgs_s.ep.rosidl_typesupport_introspection_c.c.o\x1b[0m\n'}
[55.206834] (rosbridge_msgs) StdoutLine: {'line': b'[ 90%] \x1b[32mBuilding C object CMakeFiles/rosbridge_msgs_s__rosidl_typesupport_c.dir/rosidl_generator_py/rosbridge_msgs/_rosbridge_msgs_s.ep.rosidl_typesupport_c.c.o\x1b[0m\n'}
[55.249301] (-) TimerEvent: {}
[55.350264] (-) TimerEvent: {}
[55.450987] (-) TimerEvent: {}
[55.556365] (-) TimerEvent: {}
[55.657144] (-) TimerEvent: {}
[55.760605] (-) TimerEvent: {}
[55.833156] (rosbridge_msgs) StdoutLine: {'line': b'[ 95%] \x1b[32m\x1b[1mLinking C shared module rosidl_generator_py/rosbridge_msgs/rosbridge_msgs_s__rosidl_typesupport_introspection_c.so\x1b[0m\n'}
[55.866530] (-) TimerEvent: {}
[55.948955] (rosbridge_msgs) StdoutLine: {'line': b'[ 97%] \x1b[32m\x1b[1mLinking C shared module rosidl_generator_py/rosbridge_msgs/rosbridge_msgs_s__rosidl_typesupport_c.so\x1b[0m\n'}
[55.966962] (-) TimerEvent: {}
[56.069347] (-) TimerEvent: {}
[56.083288] (rosbridge_msgs) StdoutLine: {'line': b'[ 97%] Built target rosbridge_msgs_s__rosidl_typesupport_introspection_c\n'}
[56.131853] (rosbridge_msgs) StdoutLine: {'line': b'[100%] \x1b[32m\x1b[1mLinking C shared module rosidl_generator_py/rosbridge_msgs/rosbridge_msgs_s__rosidl_typesupport_fastrtps_c.so\x1b[0m\n'}
[56.170252] (-) TimerEvent: {}
[56.195393] (rosbridge_msgs) StdoutLine: {'line': b'[100%] Built target rosbridge_msgs_s__rosidl_typesupport_c\n'}
[56.270389] (-) TimerEvent: {}
[56.343797] (rosbridge_msgs) StdoutLine: {'line': b'[100%] Built target rosbridge_msgs_s__rosidl_typesupport_fastrtps_c\n'}
[56.370587] (-) TimerEvent: {}
[56.406318] (rosbridge_msgs) CommandEnded: {'returncode': 0}
[56.409283] (rosbridge_msgs) JobProgress: {'identifier': 'rosbridge_msgs', 'progress': 'install'}
[56.456910] (rosbridge_msgs) Command: {'cmd': ['/usr/bin/cmake', '--install', '/home/Malvin/my_ros_bot/build/rosbridge_msgs'], 'cwd': '/home/Malvin/my_ros_bot/build/rosbridge_msgs', 'env': OrderedDict({'LESSOPEN': '| /usr/bin/lesspipe %s', 'USER': 'Malvin', 'SSH_CLIENT': '192.168.50.252 54194 22', 'XDG_SESSION_TYPE': 'tty', 'SHLVL': '1', 'LD_LIBRARY_PATH': '/opt/ros/jazzy/lib/aarch64-linux-gnu:/opt/ros/jazzy/lib', 'HOME': '/home/Malvin', 'OLDPWD': '/home/Malvin/my_ros_bot/src', 'SSH_TTY': '/dev/pts/1', 'ROS_PYTHON_VERSION': '3', 'PS1': '(robot_space) \\[\\e]0;\\u@\\h: \\w\\a\\]${debian_chroot:+($debian_chroot)}\\[\\033[01;32m\\]\\u@\\h\\[\\033[00m\\]:\\[\\033[01;34m\\]\\w\\[\\033[00m\\]\\$', 'DBUS_SESSION_BUS_ADDRESS': 'unix:path=/run/user/1000/bus', 'COLCON_PREFIX_PATH': '/home/Malvin/my_ros_bot/install', 'ROS_DISTRO': 'jazzy', 'LOGNAME': 'Malvin', '_': '/usr/bin/colcon', 'ROS_VERSION': '2', 'XDG_SESSION_CLASS': 'user', 'TERM': 'xterm-256color', 'XDG_SESSION_ID': '9', 'PATH': '/opt/ros/jazzy/bin:/home/Malvin/robot_space/bin:/usr/local/sbin:/usr/local/bin:/usr/sbin:/usr/bin:/sbin:/bin:/usr/games:/usr/local/games:/snap/bin', 'XDG_RUNTIME_DIR': '/run/user/1000', 'LANG': 'en_US.UTF-8', 'VIRTUAL_ENV_PROMPT': '(robot_space)', 'RMW_IMPLEMENTATION': 'rmw_fastrtps_cpp', 'LS_COLORS': 'rs=0:di=01;34:ln=01;36:mh=00:pi=40;33:so=01;35:do=01;35:bd=40;33;01:cd=40;33;01:or=40;31;01:mi=00:su=37;41:sg=30;43:ca=00:tw=30;42:ow=34;42:st=37;44:ex=01;32:*.tar=01;31:*.tgz=01;31:*.arc=01;31:*.arj=01;31:*.taz=01;31:*.lha=01;31:*.lz4=01;31:*.lzh=01;31:*.lzma=01;31:*.tlz=01;31:*.txz=01;31:*.tzo=01;31:*.t7z=01;31:*.zip=01;31:*.z=01;31:*.dz=01;31:*.gz=01;31:*.lrz=01;31:*.lz=01;31:*.lzo=01;31:*.xz=01;31:*.zst=01;31:*.tzst=01;31:*.bz2=01;31:*.bz=01;31:*.tbz=01;31:*.tbz2=01;31:*.tz=01;31:*.deb=01;31:*.rpm=01;31:*.jar=01;31:*.war=01;31:*.ear=01;31:*.sar=01;31:*.rar=01;31:*.alz=01;31:*.ace=01;31:*.zoo=01;31:*.cpio=01;31:*.7z=01;31:*.rz=01;31:*.cab=01;31:*.wim=01;31:*.swm=01;31:*.dwm=01;31:*.esd=01;31:*.avif=01;35:*.jpg=01;35:*.jpeg=01;35:*.mjpg=01;35:*.mjpeg=01;35:*.gif=01;35:*.bmp=01;35:*.pbm=01;35:*.pgm=01;35:*.ppm=01;35:*.tga=01;35:*.xbm=01;35:*.xpm=01;35:*.tif=01;35:*.tiff=01;35:*.png=01;35:*.svg=01;35:*.svgz=01;35:*.mng=01;35:*.pcx=01;35:*.mov=01;35:*.mpg=01;35:*.mpeg=01;35:*.m2v=01;35:*.mkv=01;35:*.webm=01;35:*.webp=01;35:*.ogm=01;35:*.mp4=01;35:*.m4v=01;35:*.mp4v=01;35:*.vob=01;35:*.qt=01;35:*.nuv=01;35:*.wmv=01;35:*.asf=01;35:*.rm=01;35:*.rmvb=01;35:*.flc=01;35:*.avi=01;35:*.fli=01;35:*.flv=01;35:*.gl=01;35:*.dl=01;35:*.xcf=01;35:*.xwd=01;35:*.yuv=01;35:*.cgm=01;35:*.emf=01;35:*.ogv=01;35:*.ogx=01;35:*.aac=00;36:*.au=00;36:*.flac=00;36:*.m4a=00;36:*.mid=00;36:*.midi=00;36:*.mka=00;36:*.mp3=00;36:*.mpc=00;36:*.ogg=00;36:*.ra=00;36:*.wav=00;36:*.oga=00;36:*.opus=00;36:*.spx=00;36:*.xspf=00;36:*~=00;90:*#=00;90:*.bak=00;90:*.crdownload=00;90:*.dpkg-dist=00;90:*.dpkg-new=00;90:*.dpkg-old=00;90:*.dpkg-tmp=00;90:*.old=00;90:*.orig=00;90:*.part=00;90:*.rej=00;90:*.rpmnew=00;90:*.rpmorig=00;90:*.rpmsave=00;90:*.swp=00;90:*.tmp=00;90:*.ucf-dist=00;90:*.ucf-new=00;90:*.ucf-old=00;90:', 'ROS_DOMAIN_ID': '23', 'AMENT_PREFIX_PATH': '/home/Malvin/my_ros_bot/install/ros_bot_sim:/home/Malvin/my_ros_bot/install/ros_bot_imu:/home/Malvin/my_ros_bot/install/ros_bot_camera:/home/Malvin/my_ros_bot/install/pump_controller:/home/Malvin/my_ros_bot/install/onyx_robot:/home/Malvin/my_ros_bot/install/move_base:/home/Malvin/my_ros_bot/install/bot_teleop:/home/Malvin/my_ros_bot/install/arduino_ros:/opt/ros/jazzy', 'SHELL': '/bin/bash', 'GST_PLUGIN_PATH': '/usr/local/lib/aarch64-linux-gnu/gstreamer-1.0', 'LESSCLOSE': '/usr/bin/lesspipe %s %s', 'VIRTUAL_ENV': '/home/Malvin/robot_space', 'ROS_AUTOMATIC_DISCOVERY_RANGE': 'SUBNET', 'PWD': '/home/Malvin/my_ros_bot/build/rosbridge_msgs', 'LC_ALL': 'en_US.UTF-8', 'SSH_CONNECTION': '192.168.50.252 54194 192.168.50.1 22', 'XDG_DATA_DIRS': '/usr/local/share:/usr/share:/var/lib/snapd/desktop', 'PYTHONPATH': '/home/Malvin/my_ros_bot/build/ros_bot_sim:/home/Malvin/my_ros_bot/install/ros_bot_sim/lib/python3.12/site-packages:/home/Malvin/my_ros_bot/build/ros_bot_imu:/home/Malvin/my_ros_bot/install/ros_bot_imu/lib/python3.12/site-packages:/home/Malvin/my_ros_bot/build/ros_bot_camera:/home/Malvin/my_ros_bot/install/ros_bot_camera/lib/python3.12/site-packages:/home/Malvin/my_ros_bot/build/pump_controller:/home/Malvin/my_ros_bot/install/pump_controller/lib/python3.12/site-packages:/home/Malvin/my_ros_bot/build/onyx_robot:/home/Malvin/my_ros_bot/install/onyx_robot/lib/python3.12/site-packages:/home/Malvin/my_ros_bot/build/move_base:/home/Malvin/my_ros_bot/install/move_base/lib/python3.12/site-packages:/home/Malvin/my_ros_bot/build/bot_teleop:/home/Malvin/my_ros_bot/install/bot_teleop/lib/python3.12/site-packages:/home/Malvin/my_ros_bot/build/arduino_ros:/home/Malvin/my_ros_bot/install/arduino_ros/lib/python3.12/site-packages:/opt/ros/jazzy/lib/python3.12/site-packages', 'COLCON': '1', 'CMAKE_PREFIX_PATH': '/home/Malvin/my_ros_bot/install/ros_bot_sim:/home/Malvin/my_ros_bot/install/ros_bot_imu:/home/Malvin/my_ros_bot/install/ros_bot_camera:/home/Malvin/my_ros_bot/install/pump_controller:/home/Malvin/my_ros_bot/install/onyx_robot:/home/Malvin/my_ros_bot/install/move_base:/home/Malvin/my_ros_bot/install/bot_teleop:/home/Malvin/my_ros_bot/install/arduino_ros:/opt/ros/jazzy'}), 'shell': False}
[56.470766] (-) TimerEvent: {}
[56.504470] (rosbridge_msgs) StdoutLine: {'line': b'-- Install configuration: ""\n'}
[56.506135] (rosbridge_msgs) StdoutLine: {'line': b'-- Installing: /home/Malvin/my_ros_bot/install/rosbridge_msgs/share/ament_index/resource_index/rosidl_interfaces/rosbridge_msgs\n'}
[56.508535] (rosbridge_msgs) StdoutLine: {'line': b'-- Installing: /home/Malvin/my_ros_bot/install/rosbridge_msgs/share/rosbridge_msgs/msg/ConnectedClient.json\n'}
[56.510248] (rosbridge_msgs) StdoutLine: {'line': b'-- Installing: /home/Malvin/my_ros_bot/install/rosbridge_msgs/share/rosbridge_msgs/msg/ConnectedClients.json\n'}
[56.511908] (rosbridge_msgs) StdoutLine: {'line': b'-- Installing: /home/Malvin/my_ros_bot/install/rosbridge_msgs/include/rosbridge_msgs/rosbridge_msgs\n'}
[56.513097] (rosbridge_msgs) StdoutLine: {'line': b'-- Installing: /home/Malvin/my_ros_bot/install/rosbridge_msgs/include/rosbridge_msgs/rosbridge_msgs/msg\n'}
[56.514100] (rosbridge_msgs) StdoutLine: {'line': b'-- Installing: /home/Malvin/my_ros_bot/install/rosbridge_msgs/include/rosbridge_msgs/rosbridge_msgs/msg/connected_clients.h\n'}
[56.515472] (rosbridge_msgs) StdoutLine: {'line': b'-- Installing: /home/Malvin/my_ros_bot/install/rosbridge_msgs/include/rosbridge_msgs/rosbridge_msgs/msg/connected_client.h\n'}
[56.516689] (rosbridge_msgs) StdoutLine: {'line': b'-- Installing: /home/Malvin/my_ros_bot/install/rosbridge_msgs/include/rosbridge_msgs/rosbridge_msgs/msg/detail\n'}
[56.517688] (rosbridge_msgs) StdoutLine: {'line': b'-- Installing: /home/Malvin/my_ros_bot/install/rosbridge_msgs/include/rosbridge_msgs/rosbridge_msgs/msg/detail/connected_client__description.c\n'}
[56.519151] (rosbridge_msgs) StdoutLine: {'line': b'-- Installing: /home/Malvin/my_ros_bot/install/rosbridge_msgs/include/rosbridge_msgs/rosbridge_msgs/msg/detail/connected_client__struct.h\n'}
[56.520665] (rosbridge_msgs) StdoutLine: {'line': b'-- Installing: /home/Malvin/my_ros_bot/install/rosbridge_msgs/include/rosbridge_msgs/rosbridge_msgs/msg/detail/connected_clients__type_support.c\n'}
[56.522157] (rosbridge_msgs) StdoutLine: {'line': b'-- Installing: /home/Malvin/my_ros_bot/install/rosbridge_msgs/include/rosbridge_msgs/rosbridge_msgs/msg/detail/connected_client__functions.c\n'}
[56.523765] (rosbridge_msgs) StdoutLine: {'line': b'-- Installing: /home/Malvin/my_ros_bot/install/rosbridge_msgs/include/rosbridge_msgs/rosbridge_msgs/msg/detail/connected_clients__description.c\n'}
[56.525542] (rosbridge_msgs) StdoutLine: {'line': b'-- Installing: /home/Malvin/my_ros_bot/install/rosbridge_msgs/include/rosbridge_msgs/rosbridge_msgs/msg/detail/connected_clients__struct.h\n'}
[56.527381] (rosbridge_msgs) StdoutLine: {'line': b'-- Installing: /home/Malvin/my_ros_bot/install/rosbridge_msgs/include/rosbridge_msgs/rosbridge_msgs/msg/detail/connected_client__type_support.h\n'}
[56.528925] (rosbridge_msgs) StdoutLine: {'line': b'-- Installing: /home/Malvin/my_ros_bot/install/rosbridge_msgs/include/rosbridge_msgs/rosbridge_msgs/msg/detail/connected_clients__functions.h\n'}
[56.530647] (rosbridge_msgs) StdoutLine: {'line': b'-- Installing: /home/Malvin/my_ros_bot/install/rosbridge_msgs/include/rosbridge_msgs/rosbridge_msgs/msg/detail/connected_client__type_support.c\n'}
[56.532318] (rosbridge_msgs) StdoutLine: {'line': b'-- Installing: /home/Malvin/my_ros_bot/install/rosbridge_msgs/include/rosbridge_msgs/rosbridge_msgs/msg/detail/connected_clients__type_support.h\n'}
[56.533763] (rosbridge_msgs) StdoutLine: {'line': b'-- Installing: /home/Malvin/my_ros_bot/install/rosbridge_msgs/include/rosbridge_msgs/rosbridge_msgs/msg/detail/connected_client__functions.h\n'}
[56.535394] (rosbridge_msgs) StdoutLine: {'line': b'-- Installing: /home/Malvin/my_ros_bot/install/rosbridge_msgs/include/rosbridge_msgs/rosbridge_msgs/msg/detail/connected_clients__functions.c\n'}
[56.536934] (rosbridge_msgs) StdoutLine: {'line': b'-- Installing: /home/Malvin/my_ros_bot/install/rosbridge_msgs/include/rosbridge_msgs/rosbridge_msgs/msg/rosidl_generator_c__visibility_control.h\n'}
[56.539288] (rosbridge_msgs) StdoutLine: {'line': b'-- Installing: /home/Malvin/my_ros_bot/install/rosbridge_msgs/share/rosbridge_msgs/environment/library_path.sh\n'}
[56.540872] (rosbridge_msgs) StdoutLine: {'line': b'-- Installing: /home/Malvin/my_ros_bot/install/rosbridge_msgs/share/rosbridge_msgs/environment/library_path.dsv\n'}
[56.542972] (rosbridge_msgs) StdoutLine: {'line': b'-- Installing: /home/Malvin/my_ros_bot/install/rosbridge_msgs/lib/librosbridge_msgs__rosidl_generator_c.so\n'}
[56.547150] (rosbridge_msgs) StdoutLine: {'line': b'-- Set non-toolchain portion of runtime path of "/home/Malvin/my_ros_bot/install/rosbridge_msgs/lib/librosbridge_msgs__rosidl_generator_c.so" to ""\n'}
[56.547954] (rosbridge_msgs) StdoutLine: {'line': b'-- Up-to-date: /home/Malvin/my_ros_bot/install/rosbridge_msgs/include/rosbridge_msgs/rosbridge_msgs\n'}
[56.549134] (rosbridge_msgs) StdoutLine: {'line': b'-- Up-to-date: /home/Malvin/my_ros_bot/install/rosbridge_msgs/include/rosbridge_msgs/rosbridge_msgs/msg\n'}
[56.549833] (rosbridge_msgs) StdoutLine: {'line': b'-- Up-to-date: /home/Malvin/my_ros_bot/install/rosbridge_msgs/include/rosbridge_msgs/rosbridge_msgs/msg/detail\n'}
[56.550564] (rosbridge_msgs) StdoutLine: {'line': b'-- Installing: /home/Malvin/my_ros_bot/install/rosbridge_msgs/include/rosbridge_msgs/rosbridge_msgs/msg/detail/connected_clients__rosidl_typesupport_fastrtps_c.h\n'}
[56.551428] (rosbridge_msgs) StdoutLine: {'line': b'-- Installing: /home/Malvin/my_ros_bot/install/rosbridge_msgs/include/rosbridge_msgs/rosbridge_msgs/msg/detail/connected_client__rosidl_typesupport_fastrtps_c.h\n'}
[56.553081] (rosbridge_msgs) StdoutLine: {'line': b'-- Installing: /home/Malvin/my_ros_bot/install/rosbridge_msgs/include/rosbridge_msgs/rosbridge_msgs/msg/rosidl_typesupport_fastrtps_c__visibility_control.h\n'}
[56.555030] (rosbridge_msgs) StdoutLine: {'line': b'-- Installing: /home/Malvin/my_ros_bot/install/rosbridge_msgs/lib/librosbridge_msgs__rosidl_typesupport_fastrtps_c.so\n'}
[56.558741] (rosbridge_msgs) StdoutLine: {'line': b'-- Set non-toolchain portion of runtime path of "/home/Malvin/my_ros_bot/install/rosbridge_msgs/lib/librosbridge_msgs__rosidl_typesupport_fastrtps_c.so" to ""\n'}
[56.559524] (rosbridge_msgs) StdoutLine: {'line': b'-- Up-to-date: /home/Malvin/my_ros_bot/install/rosbridge_msgs/include/rosbridge_msgs/rosbridge_msgs\n'}
[56.560060] (rosbridge_msgs) StdoutLine: {'line': b'-- Up-to-date: /home/Malvin/my_ros_bot/install/rosbridge_msgs/include/rosbridge_msgs/rosbridge_msgs/msg\n'}
[56.560593] (rosbridge_msgs) StdoutLine: {'line': b'-- Installing: /home/Malvin/my_ros_bot/install/rosbridge_msgs/include/rosbridge_msgs/rosbridge_msgs/msg/rosidl_generator_cpp__visibility_control.hpp\n'}
[56.561811] (rosbridge_msgs) StdoutLine: {'line': b'-- Up-to-date: /home/Malvin/my_ros_bot/install/rosbridge_msgs/include/rosbridge_msgs/rosbridge_msgs/msg/detail\n'}
[56.562599] (rosbridge_msgs) StdoutLine: {'line': b'-- Installing: /home/Malvin/my_ros_bot/install/rosbridge_msgs/include/rosbridge_msgs/rosbridge_msgs/msg/detail/connected_clients__type_support.hpp\n'}
[56.564598] (rosbridge_msgs) StdoutLine: {'line': b'-- Installing: /home/Malvin/my_ros_bot/install/rosbridge_msgs/include/rosbridge_msgs/rosbridge_msgs/msg/detail/connected_client__type_support.hpp\n'}
[56.566266] (rosbridge_msgs) StdoutLine: {'line': b'-- Installing: /home/Malvin/my_ros_bot/install/rosbridge_msgs/include/rosbridge_msgs/rosbridge_msgs/msg/detail/connected_clients__struct.hpp\n'}
[56.567837] (rosbridge_msgs) StdoutLine: {'line': b'-- Installing: /home/Malvin/my_ros_bot/install/rosbridge_msgs/include/rosbridge_msgs/rosbridge_msgs/msg/detail/connected_client__struct.hpp\n'}
[56.569435] (rosbridge_msgs) StdoutLine: {'line': b'-- Installing: /home/Malvin/my_ros_bot/install/rosbridge_msgs/include/rosbridge_msgs/rosbridge_msgs/msg/detail/connected_client__builder.hpp\n'}
[56.570966] (rosbridge_msgs) StdoutLine: {'line': b'-- Installing: /home/Malvin/my_ros_bot/install/rosbridge_msgs/include/rosbridge_msgs/rosbridge_msgs/msg/detail/connected_client__traits.hpp\n'}
[56.571527] (-) TimerEvent: {}
[56.572611] (rosbridge_msgs) StdoutLine: {'line': b'-- Installing: /home/Malvin/my_ros_bot/install/rosbridge_msgs/include/rosbridge_msgs/rosbridge_msgs/msg/detail/connected_clients__traits.hpp\n'}
[56.574198] (rosbridge_msgs) StdoutLine: {'line': b'-- Installing: /home/Malvin/my_ros_bot/install/rosbridge_msgs/include/rosbridge_msgs/rosbridge_msgs/msg/detail/connected_clients__builder.hpp\n'}
[56.575676] (rosbridge_msgs) StdoutLine: {'line': b'-- Installing: /home/Malvin/my_ros_bot/install/rosbridge_msgs/include/rosbridge_msgs/rosbridge_msgs/msg/connected_clients.hpp\n'}
[56.577284] (rosbridge_msgs) StdoutLine: {'line': b'-- Installing: /home/Malvin/my_ros_bot/install/rosbridge_msgs/include/rosbridge_msgs/rosbridge_msgs/msg/connected_client.hpp\n'}
[56.578879] (rosbridge_msgs) StdoutLine: {'line': b'-- Up-to-date: /home/Malvin/my_ros_bot/install/rosbridge_msgs/include/rosbridge_msgs/rosbridge_msgs\n'}
[56.579886] (rosbridge_msgs) StdoutLine: {'line': b'-- Up-to-date: /home/Malvin/my_ros_bot/install/rosbridge_msgs/include/rosbridge_msgs/rosbridge_msgs/msg\n'}
[56.580669] (rosbridge_msgs) StdoutLine: {'line': b'-- Installing: /home/Malvin/my_ros_bot/install/rosbridge_msgs/include/rosbridge_msgs/rosbridge_msgs/msg/rosidl_typesupport_fastrtps_cpp__visibility_control.h\n'}
[56.581809] (rosbridge_msgs) StdoutLine: {'line': b'-- Up-to-date: /home/Malvin/my_ros_bot/install/rosbridge_msgs/include/rosbridge_msgs/rosbridge_msgs/msg/detail\n'}
[56.582613] (rosbridge_msgs) StdoutLine: {'line': b'-- Installing: /home/Malvin/my_ros_bot/install/rosbridge_msgs/include/rosbridge_msgs/rosbridge_msgs/msg/detail/dds_fastrtps\n'}
[56.583624] (rosbridge_msgs) StdoutLine: {'line': b'-- Installing: /home/Malvin/my_ros_bot/install/rosbridge_msgs/include/rosbridge_msgs/rosbridge_msgs/msg/detail/connected_client__rosidl_typesupport_fastrtps_cpp.hpp\n'}
[56.585429] (rosbridge_msgs) StdoutLine: {'line': b'-- Installing: /home/Malvin/my_ros_bot/install/rosbridge_msgs/include/rosbridge_msgs/rosbridge_msgs/msg/detail/connected_clients__rosidl_typesupport_fastrtps_cpp.hpp\n'}
[56.587142] (rosbridge_msgs) StdoutLine: {'line': b'-- Installing: /home/Malvin/my_ros_bot/install/rosbridge_msgs/lib/librosbridge_msgs__rosidl_typesupport_fastrtps_cpp.so\n'}
[56.590962] (rosbridge_msgs) StdoutLine: {'line': b'-- Set non-toolchain portion of runtime path of "/home/Malvin/my_ros_bot/install/rosbridge_msgs/lib/librosbridge_msgs__rosidl_typesupport_fastrtps_cpp.so" to ""\n'}
[56.591917] (rosbridge_msgs) StdoutLine: {'line': b'-- Up-to-date: /home/Malvin/my_ros_bot/install/rosbridge_msgs/include/rosbridge_msgs/rosbridge_msgs\n'}
[56.592734] (rosbridge_msgs) StdoutLine: {'line': b'-- Up-to-date: /home/Malvin/my_ros_bot/install/rosbridge_msgs/include/rosbridge_msgs/rosbridge_msgs/msg\n'}
[56.593140] (rosbridge_msgs) StdoutLine: {'line': b'-- Installing: /home/Malvin/my_ros_bot/install/rosbridge_msgs/include/rosbridge_msgs/rosbridge_msgs/msg/rosidl_typesupport_introspection_c__visibility_control.h\n'}
[56.593949] (rosbridge_msgs) StdoutLine: {'line': b'-- Up-to-date: /home/Malvin/my_ros_bot/install/rosbridge_msgs/include/rosbridge_msgs/rosbridge_msgs/msg/detail\n'}
[56.594662] (rosbridge_msgs) StdoutLine: {'line': b'-- Installing: /home/Malvin/my_ros_bot/install/rosbridge_msgs/include/rosbridge_msgs/rosbridge_msgs/msg/detail/connected_clients__rosidl_typesupport_introspection_c.h\n'}
[56.595879] (rosbridge_msgs) StdoutLine: {'line': b'-- Installing: /home/Malvin/my_ros_bot/install/rosbridge_msgs/include/rosbridge_msgs/rosbridge_msgs/msg/detail/connected_clients__type_support.c\n'}
[56.597379] (rosbridge_msgs) StdoutLine: {'line': b'-- Installing: /home/Malvin/my_ros_bot/install/rosbridge_msgs/include/rosbridge_msgs/rosbridge_msgs/msg/detail/connected_client__type_support.c\n'}
[56.598876] (rosbridge_msgs) StdoutLine: {'line': b'-- Installing: /home/Malvin/my_ros_bot/install/rosbridge_msgs/include/rosbridge_msgs/rosbridge_msgs/msg/detail/connected_client__rosidl_typesupport_introspection_c.h\n'}
[56.600593] (rosbridge_msgs) StdoutLine: {'line': b'-- Installing: /home/Malvin/my_ros_bot/install/rosbridge_msgs/lib/librosbridge_msgs__rosidl_typesupport_introspection_c.so\n'}
[56.604078] (rosbridge_msgs) StdoutLine: {'line': b'-- Set non-toolchain portion of runtime path of "/home/Malvin/my_ros_bot/install/rosbridge_msgs/lib/librosbridge_msgs__rosidl_typesupport_introspection_c.so" to ""\n'}
[56.605468] (rosbridge_msgs) StdoutLine: {'line': b'-- Installing: /home/Malvin/my_ros_bot/install/rosbridge_msgs/lib/librosbridge_msgs__rosidl_typesupport_c.so\n'}
[56.608129] (rosbridge_msgs) StdoutLine: {'line': b'-- Set non-toolchain portion of runtime path of "/home/Malvin/my_ros_bot/install/rosbridge_msgs/lib/librosbridge_msgs__rosidl_typesupport_c.so" to ""\n'}
[56.609138] (rosbridge_msgs) StdoutLine: {'line': b'-- Up-to-date: /home/Malvin/my_ros_bot/install/rosbridge_msgs/include/rosbridge_msgs/rosbridge_msgs\n'}
[56.609972] (rosbridge_msgs) StdoutLine: {'line': b'-- Up-to-date: /home/Malvin/my_ros_bot/install/rosbridge_msgs/include/rosbridge_msgs/rosbridge_msgs/msg\n'}
[56.610692] (rosbridge_msgs) StdoutLine: {'line': b'-- Up-to-date: /home/Malvin/my_ros_bot/install/rosbridge_msgs/include/rosbridge_msgs/rosbridge_msgs/msg/detail\n'}
[56.611200] (rosbridge_msgs) StdoutLine: {'line': b'-- Installing: /home/Malvin/my_ros_bot/install/rosbridge_msgs/include/rosbridge_msgs/rosbridge_msgs/msg/detail/connected_client__type_support.cpp\n'}
[56.612136] (rosbridge_msgs) StdoutLine: {'line': b'-- Installing: /home/Malvin/my_ros_bot/install/rosbridge_msgs/include/rosbridge_msgs/rosbridge_msgs/msg/detail/connected_clients__rosidl_typesupport_introspection_cpp.hpp\n'}
[56.613353] (rosbridge_msgs) StdoutLine: {'line': b'-- Installing: /home/Malvin/my_ros_bot/install/rosbridge_msgs/include/rosbridge_msgs/rosbridge_msgs/msg/detail/connected_clients__type_support.cpp\n'}
[56.614870] (rosbridge_msgs) StdoutLine: {'line': b'-- Installing: /home/Malvin/my_ros_bot/install/rosbridge_msgs/include/rosbridge_msgs/rosbridge_msgs/msg/detail/connected_client__rosidl_typesupport_introspection_cpp.hpp\n'}
[56.616731] (rosbridge_msgs) StdoutLine: {'line': b'-- Installing: /home/Malvin/my_ros_bot/install/rosbridge_msgs/lib/librosbridge_msgs__rosidl_typesupport_introspection_cpp.so\n'}
[56.620354] (rosbridge_msgs) StdoutLine: {'line': b'-- Set non-toolchain portion of runtime path of "/home/Malvin/my_ros_bot/install/rosbridge_msgs/lib/librosbridge_msgs__rosidl_typesupport_introspection_cpp.so" to ""\n'}
[56.621249] (rosbridge_msgs) StdoutLine: {'line': b'-- Installing: /home/Malvin/my_ros_bot/install/rosbridge_msgs/lib/librosbridge_msgs__rosidl_typesupport_cpp.so\n'}
[56.624346] (rosbridge_msgs) StdoutLine: {'line': b'-- Set non-toolchain portion of runtime path of "/home/Malvin/my_ros_bot/install/rosbridge_msgs/lib/librosbridge_msgs__rosidl_typesupport_cpp.so" to ""\n'}
[56.625347] (rosbridge_msgs) StdoutLine: {'line': b'-- Installing: /home/Malvin/my_ros_bot/install/rosbridge_msgs/share/rosbridge_msgs/environment/pythonpath.sh\n'}
[56.626090] (rosbridge_msgs) StdoutLine: {'line': b'-- Installing: /home/Malvin/my_ros_bot/install/rosbridge_msgs/share/rosbridge_msgs/environment/pythonpath.dsv\n'}
[56.627601] (rosbridge_msgs) StdoutLine: {'line': b'-- Installing: /home/Malvin/my_ros_bot/install/rosbridge_msgs/lib/python3.12/site-packages/rosbridge_msgs-4.1.0-py3.12.egg-info\n'}
[56.628701] (rosbridge_msgs) StdoutLine: {'line': b'-- Installing: /home/Malvin/my_ros_bot/install/rosbridge_msgs/lib/python3.12/site-packages/rosbridge_msgs-4.1.0-py3.12.egg-info/dependency_links.txt\n'}
[56.630191] (rosbridge_msgs) StdoutLine: {'line': b'-- Installing: /home/Malvin/my_ros_bot/install/rosbridge_msgs/lib/python3.12/site-packages/rosbridge_msgs-4.1.0-py3.12.egg-info/SOURCES.txt\n'}
[56.631640] (rosbridge_msgs) StdoutLine: {'line': b'-- Installing: /home/Malvin/my_ros_bot/install/rosbridge_msgs/lib/python3.12/site-packages/rosbridge_msgs-4.1.0-py3.12.egg-info/top_level.txt\n'}
[56.633056] (rosbridge_msgs) StdoutLine: {'line': b'-- Installing: /home/Malvin/my_ros_bot/install/rosbridge_msgs/lib/python3.12/site-packages/rosbridge_msgs-4.1.0-py3.12.egg-info/PKG-INFO\n'}
[56.634514] (rosbridge_msgs) StdoutLine: {'line': b'-- Installing: /home/Malvin/my_ros_bot/install/rosbridge_msgs/lib/python3.12/site-packages/rosbridge_msgs\n'}
[56.635482] (rosbridge_msgs) StdoutLine: {'line': b'-- Installing: /home/Malvin/my_ros_bot/install/rosbridge_msgs/lib/python3.12/site-packages/rosbridge_msgs/rosbridge_msgs_s__rosidl_typesupport_c.so\n'}
[56.637510] (rosbridge_msgs) StdoutLine: {'line': b'-- Installing: /home/Malvin/my_ros_bot/install/rosbridge_msgs/lib/python3.12/site-packages/rosbridge_msgs/_rosbridge_msgs_s.ep.rosidl_typesupport_c.c\n'}
[56.638829] (rosbridge_msgs) StdoutLine: {'line': b'-- Installing: /home/Malvin/my_ros_bot/install/rosbridge_msgs/lib/python3.12/site-packages/rosbridge_msgs/msg\n'}
[56.639700] (rosbridge_msgs) StdoutLine: {'line': b'-- Installing: /home/Malvin/my_ros_bot/install/rosbridge_msgs/lib/python3.12/site-packages/rosbridge_msgs/msg/_connected_clients.py\n'}
[56.641016] (rosbridge_msgs) StdoutLine: {'line': b'-- Installing: /home/Malvin/my_ros_bot/install/rosbridge_msgs/lib/python3.12/site-packages/rosbridge_msgs/msg/_connected_clients_s.c\n'}
[56.642359] (rosbridge_msgs) StdoutLine: {'line': b'-- Installing: /home/Malvin/my_ros_bot/install/rosbridge_msgs/lib/python3.12/site-packages/rosbridge_msgs/msg/__init__.py\n'}
[56.643611] (rosbridge_msgs) StdoutLine: {'line': b'-- Installing: /home/Malvin/my_ros_bot/install/rosbridge_msgs/lib/python3.12/site-packages/rosbridge_msgs/msg/_connected_client_s.c\n'}
[56.644995] (rosbridge_msgs) StdoutLine: {'line': b'-- Installing: /home/Malvin/my_ros_bot/install/rosbridge_msgs/lib/python3.12/site-packages/rosbridge_msgs/msg/_connected_client.py\n'}
[56.646813] (rosbridge_msgs) StdoutLine: {'line': b'-- Installing: /home/Malvin/my_ros_bot/install/rosbridge_msgs/lib/python3.12/site-packages/rosbridge_msgs/rosbridge_msgs_s__rosidl_typesupport_introspection_c.so\n'}
[56.648928] (rosbridge_msgs) StdoutLine: {'line': b'-- Installing: /home/Malvin/my_ros_bot/install/rosbridge_msgs/lib/python3.12/site-packages/rosbridge_msgs/__init__.py\n'}
[56.650132] (rosbridge_msgs) StdoutLine: {'line': b'-- Installing: /home/Malvin/my_ros_bot/install/rosbridge_msgs/lib/python3.12/site-packages/rosbridge_msgs/_rosbridge_msgs_s.ep.rosidl_typesupport_fastrtps_c.c\n'}
[56.651757] (rosbridge_msgs) StdoutLine: {'line': b'-- Installing: /home/Malvin/my_ros_bot/install/rosbridge_msgs/lib/python3.12/site-packages/rosbridge_msgs/rosbridge_msgs_s__rosidl_typesupport_fastrtps_c.so\n'}
[56.653832] (rosbridge_msgs) StdoutLine: {'line': b'-- Installing: /home/Malvin/my_ros_bot/install/rosbridge_msgs/lib/python3.12/site-packages/rosbridge_msgs/_rosbridge_msgs_s.ep.rosidl_typesupport_introspection_c.c\n'}
[56.671739] (-) TimerEvent: {}
[56.773249] (-) TimerEvent: {}
[56.874489] (-) TimerEvent: {}
[56.915953] (rosbridge_msgs) StdoutLine: {'line': b"Listing '/home/Malvin/my_ros_bot/install/rosbridge_msgs/lib/python3.12/site-packages/rosbridge_msgs'...\n"}
[56.917719] (rosbridge_msgs) StdoutLine: {'line': b"Compiling '/home/Malvin/my_ros_bot/install/rosbridge_msgs/lib/python3.12/site-packages/rosbridge_msgs/__init__.py'...\n"}
[56.921693] (rosbridge_msgs) StdoutLine: {'line': b"Listing '/home/Malvin/my_ros_bot/install/rosbridge_msgs/lib/python3.12/site-packages/rosbridge_msgs/msg'...\n"}
[56.924810] (rosbridge_msgs) StdoutLine: {'line': b"Compiling '/home/Malvin/my_ros_bot/install/rosbridge_msgs/lib/python3.12/site-packages/rosbridge_msgs/msg/__init__.py'...\n"}
[56.927456] (rosbridge_msgs) StdoutLine: {'line': b"Compiling '/home/Malvin/my_ros_bot/install/rosbridge_msgs/lib/python3.12/site-packages/rosbridge_msgs/msg/_connected_client.py'...\n"}
[56.929806] (rosbridge_msgs) StdoutLine: {'line': b"Compiling '/home/Malvin/my_ros_bot/install/rosbridge_msgs/lib/python3.12/site-packages/rosbridge_msgs/msg/_connected_clients.py'...\n"}
[56.971822] (rosbridge_msgs) StdoutLine: {'line': b'-- Installing: /home/Malvin/my_ros_bot/install/rosbridge_msgs/lib/python3.12/site-packages/rosbridge_msgs/rosbridge_msgs_s__rosidl_typesupport_fastrtps_c.so\n'}
[56.974688] (-) TimerEvent: {}
[56.977085] (rosbridge_msgs) StdoutLine: {'line': b'-- Set non-toolchain portion of runtime path of "/home/Malvin/my_ros_bot/install/rosbridge_msgs/lib/python3.12/site-packages/rosbridge_msgs/rosbridge_msgs_s__rosidl_typesupport_fastrtps_c.so" to ""\n'}
[56.979348] (rosbridge_msgs) StdoutLine: {'line': b'-- Installing: /home/Malvin/my_ros_bot/install/rosbridge_msgs/lib/python3.12/site-packages/rosbridge_msgs/rosbridge_msgs_s__rosidl_typesupport_introspection_c.so\n'}
[56.984457] (rosbridge_msgs) StdoutLine: {'line': b'-- Set non-toolchain portion of runtime path of "/home/Malvin/my_ros_bot/install/rosbridge_msgs/lib/python3.12/site-packages/rosbridge_msgs/rosbridge_msgs_s__rosidl_typesupport_introspection_c.so" to ""\n'}
[56.986167] (rosbridge_msgs) StdoutLine: {'line': b'-- Installing: /home/Malvin/my_ros_bot/install/rosbridge_msgs/lib/python3.12/site-packages/rosbridge_msgs/rosbridge_msgs_s__rosidl_typesupport_c.so\n'}
[56.990574] (rosbridge_msgs) StdoutLine: {'line': b'-- Set non-toolchain portion of runtime path of "/home/Malvin/my_ros_bot/install/rosbridge_msgs/lib/python3.12/site-packages/rosbridge_msgs/rosbridge_msgs_s__rosidl_typesupport_c.so" to ""\n'}
[56.991989] (rosbridge_msgs) StdoutLine: {'line': b'-- Installing: /home/Malvin/my_ros_bot/install/rosbridge_msgs/lib/librosbridge_msgs__rosidl_generator_py.so\n'}
[56.994922] (rosbridge_msgs) StdoutLine: {'line': b'-- Set non-toolchain portion of runtime path of "/home/Malvin/my_ros_bot/install/rosbridge_msgs/lib/librosbridge_msgs__rosidl_generator_py.so" to ""\n'}
[56.996874] (rosbridge_msgs) StdoutLine: {'line': b'-- Installing: /home/Malvin/my_ros_bot/install/rosbridge_msgs/share/rosbridge_msgs/msg/ConnectedClient.idl\n'}
[56.998465] (rosbridge_msgs) StdoutLine: {'line': b'-- Installing: /home/Malvin/my_ros_bot/install/rosbridge_msgs/share/rosbridge_msgs/msg/ConnectedClients.idl\n'}
[57.000354] (rosbridge_msgs) StdoutLine: {'line': b'-- Installing: /home/Malvin/my_ros_bot/install/rosbridge_msgs/share/rosbridge_msgs/msg/ConnectedClient.msg\n'}
[57.002393] (rosbridge_msgs) StdoutLine: {'line': b'-- Installing: /home/Malvin/my_ros_bot/install/rosbridge_msgs/share/rosbridge_msgs/msg/ConnectedClients.msg\n'}
[57.002994] (rosbridge_msgs) StdoutLine: {'line': b'-- Installing: /home/Malvin/my_ros_bot/install/rosbridge_msgs/share/ament_index/resource_index/package_run_dependencies/rosbridge_msgs\n'}
[57.004914] (rosbridge_msgs) StdoutLine: {'line': b'-- Installing: /home/Malvin/my_ros_bot/install/rosbridge_msgs/share/ament_index/resource_index/parent_prefix_path/rosbridge_msgs\n'}
[57.006055] (rosbridge_msgs) StdoutLine: {'line': b'-- Installing: /home/Malvin/my_ros_bot/install/rosbridge_msgs/share/rosbridge_msgs/environment/ament_prefix_path.sh\n'}
[57.006983] (rosbridge_msgs) StdoutLine: {'line': b'-- Installing: /home/Malvin/my_ros_bot/install/rosbridge_msgs/share/rosbridge_msgs/environment/ament_prefix_path.dsv\n'}
[57.009934] (rosbridge_msgs) StdoutLine: {'line': b'-- Installing: /home/Malvin/my_ros_bot/install/rosbridge_msgs/share/rosbridge_msgs/environment/path.sh\n'}
[57.011435] (rosbridge_msgs) StdoutLine: {'line': b'-- Installing: /home/Malvin/my_ros_bot/install/rosbridge_msgs/share/rosbridge_msgs/environment/path.dsv\n'}
[57.012522] (rosbridge_msgs) StdoutLine: {'line': b'-- Installing: /home/Malvin/my_ros_bot/install/rosbridge_msgs/share/rosbridge_msgs/local_setup.bash\n'}
[57.016101] (rosbridge_msgs) StdoutLine: {'line': b'-- Installing: /home/Malvin/my_ros_bot/install/rosbridge_msgs/share/rosbridge_msgs/local_setup.sh\n'}
[57.017733] (rosbridge_msgs) StdoutLine: {'line': b'-- Installing: /home/Malvin/my_ros_bot/install/rosbridge_msgs/share/rosbridge_msgs/local_setup.zsh\n'}
[57.018340] (rosbridge_msgs) StdoutLine: {'line': b'-- Installing: /home/Malvin/my_ros_bot/install/rosbridge_msgs/share/rosbridge_msgs/local_setup.dsv\n'}
[57.018891] (rosbridge_msgs) StdoutLine: {'line': b'-- Installing: /home/Malvin/my_ros_bot/install/rosbridge_msgs/share/rosbridge_msgs/package.dsv\n'}
[57.022832] (rosbridge_msgs) StdoutLine: {'line': b'-- Installing: /home/Malvin/my_ros_bot/install/rosbridge_msgs/share/ament_index/resource_index/packages/rosbridge_msgs\n'}
[57.023566] (rosbridge_msgs) StdoutLine: {'line': b'-- Installing: /home/Malvin/my_ros_bot/install/rosbridge_msgs/share/rosbridge_msgs/cmake/export_rosbridge_msgs__rosidl_generator_cExport.cmake\n'}
[57.024090] (rosbridge_msgs) StdoutLine: {'line': b'-- Installing: /home/Malvin/my_ros_bot/install/rosbridge_msgs/share/rosbridge_msgs/cmake/export_rosbridge_msgs__rosidl_generator_cExport-noconfig.cmake\n'}
[57.028658] (rosbridge_msgs) StdoutLine: {'line': b'-- Installing: /home/Malvin/my_ros_bot/install/rosbridge_msgs/share/rosbridge_msgs/cmake/export_rosbridge_msgs__rosidl_typesupport_fastrtps_cExport.cmake\n'}
[57.029545] (rosbridge_msgs) StdoutLine: {'line': b'-- Installing: /home/Malvin/my_ros_bot/install/rosbridge_msgs/share/rosbridge_msgs/cmake/export_rosbridge_msgs__rosidl_typesupport_fastrtps_cExport-noconfig.cmake\n'}
[57.030105] (rosbridge_msgs) StdoutLine: {'line': b'-- Installing: /home/Malvin/my_ros_bot/install/rosbridge_msgs/share/rosbridge_msgs/cmake/export_rosbridge_msgs__rosidl_generator_cppExport.cmake\n'}
[57.031844] (rosbridge_msgs) StdoutLine: {'line': b'-- Installing: /home/Malvin/my_ros_bot/install/rosbridge_msgs/share/rosbridge_msgs/cmake/export_rosbridge_msgs__rosidl_typesupport_fastrtps_cppExport.cmake\n'}
[57.035375] (rosbridge_msgs) StdoutLine: {'line': b'-- Installing: /home/Malvin/my_ros_bot/install/rosbridge_msgs/share/rosbridge_msgs/cmake/export_rosbridge_msgs__rosidl_typesupport_fastrtps_cppExport-noconfig.cmake\n'}
[57.036062] (rosbridge_msgs) StdoutLine: {'line': b'-- Installing: /home/Malvin/my_ros_bot/install/rosbridge_msgs/share/rosbridge_msgs/cmake/rosbridge_msgs__rosidl_typesupport_introspection_cExport.cmake\n'}
[57.037467] (rosbridge_msgs) StdoutLine: {'line': b'-- Installing: /home/Malvin/my_ros_bot/install/rosbridge_msgs/share/rosbridge_msgs/cmake/rosbridge_msgs__rosidl_typesupport_introspection_cExport-noconfig.cmake\n'}
[57.040749] (rosbridge_msgs) StdoutLine: {'line': b'-- Installing: /home/Malvin/my_ros_bot/install/rosbridge_msgs/share/rosbridge_msgs/cmake/rosbridge_msgs__rosidl_typesupport_cExport.cmake\n'}
[57.041856] (rosbridge_msgs) StdoutLine: {'line': b'-- Installing: /home/Malvin/my_ros_bot/install/rosbridge_msgs/share/rosbridge_msgs/cmake/rosbridge_msgs__rosidl_typesupport_cExport-noconfig.cmake\n'}
[57.045844] (rosbridge_msgs) StdoutLine: {'line': b'-- Installing: /home/Malvin/my_ros_bot/install/rosbridge_msgs/share/rosbridge_msgs/cmake/rosbridge_msgs__rosidl_typesupport_introspection_cppExport.cmake\n'}
[57.046637] (rosbridge_msgs) StdoutLine: {'line': b'-- Installing: /home/Malvin/my_ros_bot/install/rosbridge_msgs/share/rosbridge_msgs/cmake/rosbridge_msgs__rosidl_typesupport_introspection_cppExport-noconfig.cmake\n'}
[57.047595] (rosbridge_msgs) StdoutLine: {'line': b'-- Installing: /home/Malvin/my_ros_bot/install/rosbridge_msgs/share/rosbridge_msgs/cmake/rosbridge_msgs__rosidl_typesupport_cppExport.cmake\n'}
[57.049494] (rosbridge_msgs) StdoutLine: {'line': b'-- Installing: /home/Malvin/my_ros_bot/install/rosbridge_msgs/share/rosbridge_msgs/cmake/rosbridge_msgs__rosidl_typesupport_cppExport-noconfig.cmake\n'}
[57.052379] (rosbridge_msgs) StdoutLine: {'line': b'-- Installing: /home/Malvin/my_ros_bot/install/rosbridge_msgs/share/rosbridge_msgs/cmake/export_rosbridge_msgs__rosidl_generator_pyExport.cmake\n'}
[57.056404] (rosbridge_msgs) StdoutLine: {'line': b'-- Installing: /home/Malvin/my_ros_bot/install/rosbridge_msgs/share/rosbridge_msgs/cmake/export_rosbridge_msgs__rosidl_generator_pyExport-noconfig.cmake\n'}
[57.057568] (rosbridge_msgs) StdoutLine: {'line': b'-- Installing: /home/Malvin/my_ros_bot/install/rosbridge_msgs/share/rosbridge_msgs/cmake/rosidl_cmake-extras.cmake\n'}
[57.058291] (rosbridge_msgs) StdoutLine: {'line': b'-- Installing: /home/Malvin/my_ros_bot/install/rosbridge_msgs/share/rosbridge_msgs/cmake/ament_cmake_export_dependencies-extras.cmake\n'}
[57.058986] (rosbridge_msgs) StdoutLine: {'line': b'-- Installing: /home/Malvin/my_ros_bot/install/rosbridge_msgs/share/rosbridge_msgs/cmake/ament_cmake_export_include_directories-extras.cmake\n'}
[57.065386] (rosbridge_msgs) StdoutLine: {'line': b'-- Installing: /home/Malvin/my_ros_bot/install/rosbridge_msgs/share/rosbridge_msgs/cmake/ament_cmake_export_libraries-extras.cmake\n'}
[57.066111] (rosbridge_msgs) StdoutLine: {'line': b'-- Installing: /home/Malvin/my_ros_bot/install/rosbridge_msgs/share/rosbridge_msgs/cmake/ament_cmake_export_targets-extras.cmake\n'}
[57.066762] (rosbridge_msgs) StdoutLine: {'line': b'-- Installing: /home/Malvin/my_ros_bot/install/rosbridge_msgs/share/rosbridge_msgs/cmake/rosidl_cmake_export_typesupport_targets-extras.cmake\n'}
[57.069125] (rosbridge_msgs) StdoutLine: {'line': b'-- Installing: /home/Malvin/my_ros_bot/install/rosbridge_msgs/share/rosbridge_msgs/cmake/rosidl_cmake_export_typesupport_libraries-extras.cmake\n'}
[57.069850] (rosbridge_msgs) StdoutLine: {'line': b'-- Installing: /home/Malvin/my_ros_bot/install/rosbridge_msgs/share/rosbridge_msgs/cmake/rosbridge_msgsConfig.cmake\n'}
[57.074522] (rosbridge_msgs) StdoutLine: {'line': b'-- Installing: /home/Malvin/my_ros_bot/install/rosbridge_msgs/share/rosbridge_msgs/cmake/rosbridge_msgsConfig-version.cmake\n'}
[57.075439] (-) TimerEvent: {}
[57.076243] (rosbridge_msgs) StdoutLine: {'line': b'-- Installing: /home/Malvin/my_ros_bot/install/rosbridge_msgs/share/rosbridge_msgs/package.xml\n'}
[57.086393] (rosbridge_msgs) CommandEnded: {'returncode': 0}
[57.181156] (-) TimerEvent: {}
[57.281869] (-) TimerEvent: {}
[57.323726] (rosbridge_msgs) JobEnded: {'identifier': 'rosbridge_msgs', 'rc': 0}
[57.382067] (-) TimerEvent: {}
[57.484661] (-) TimerEvent: {}
[57.587055] (-) TimerEvent: {}
[57.689773] (-) TimerEvent: {}
[57.792452] (-) TimerEvent: {}
[57.893263] (-) TimerEvent: {}
[57.996322] (-) TimerEvent: {}
[58.097202] (-) TimerEvent: {}
[58.201252] (-) TimerEvent: {}
[58.301958] (-) TimerEvent: {}
[58.404759] (-) TimerEvent: {}
[58.506743] (-) TimerEvent: {}
[58.609742] (-) TimerEvent: {}
[58.711135] (-) TimerEvent: {}
[58.815448] (-) TimerEvent: {}
[58.917097] (-) TimerEvent: {}
[59.020453] (-) TimerEvent: {}
[59.122564] (-) TimerEvent: {}
[59.225401] (-) TimerEvent: {}
[59.328621] (-) TimerEvent: {}
[59.430708] (-) TimerEvent: {}
[59.534875] (-) TimerEvent: {}
[59.638784] (-) TimerEvent: {}
[59.740126] (-) TimerEvent: {}
[59.843125] (-) TimerEvent: {}
[59.845605] (rosbridge_test_msgs) StdoutLine: {'line': b'[  0%] Built target rosbridge_test_msgs__cpp\n'}
[59.943980] (-) TimerEvent: {}
[60.046372] (-) TimerEvent: {}
[60.147527] (-) TimerEvent: {}
[60.347336] (-) TimerEvent: {}
[60.449679] (-) TimerEvent: {}
[60.550446] (-) TimerEvent: {}
[60.653533] (-) TimerEvent: {}
[60.757853] (-) TimerEvent: {}
[60.858843] (-) TimerEvent: {}
[60.961752] (-) TimerEvent: {}
[61.066141] (-) TimerEvent: {}
[61.168401] (-) TimerEvent: {}
[61.270497] (-) TimerEvent: {}
[61.373603] (-) TimerEvent: {}
[61.474498] (-) TimerEvent: {}
[61.577467] (-) TimerEvent: {}
[61.680663] (-) TimerEvent: {}
[61.783660] (-) TimerEvent: {}
[61.884646] (-) TimerEvent: {}
[61.988741] (-) TimerEvent: {}
[62.039820] (rosbridge_test_msgs) StdoutLine: {'line': b'[  1%] \x1b[32mBuilding C object CMakeFiles/rosbridge_test_msgs__rosidl_generator_c.dir/rosidl_generator_c/rosbridge_test_msgs/msg/detail/num__description.c.o\x1b[0m\n'}
[62.041994] (rosbridge_test_msgs) StdoutLine: {'line': b'[  1%] \x1b[32mBuilding C object CMakeFiles/rosbridge_test_msgs__rosidl_generator_c.dir/rosidl_generator_c/rosbridge_test_msgs/msg/detail/num__type_support.c.o\x1b[0m\n'}
[62.045478] (rosbridge_test_msgs) StdoutLine: {'line': b'[  1%] \x1b[32mBuilding C object CMakeFiles/rosbridge_test_msgs__rosidl_generator_c.dir/rosidl_generator_c/rosbridge_test_msgs/msg/detail/num__functions.c.o\x1b[0m\n'}
[62.056880] (rosbridge_test_msgs) StdoutLine: {'line': b'[  2%] \x1b[32mBuilding C object CMakeFiles/rosbridge_test_msgs__rosidl_generator_c.dir/rosidl_generator_c/rosbridge_test_msgs/msg/detail/test_char__description.c.o\x1b[0m\n'}
[62.088980] (-) TimerEvent: {}
[62.191868] (-) TimerEvent: {}
[62.292895] (-) TimerEvent: {}
[62.393910] (-) TimerEvent: {}
[62.494928] (-) TimerEvent: {}
[62.595925] (-) TimerEvent: {}
[62.696929] (-) TimerEvent: {}
[62.800529] (-) TimerEvent: {}
[62.880758] (rosbridge_test_msgs) StdoutLine: {'line': b'[  2%] \x1b[32mBuilding C object CMakeFiles/rosbridge_test_msgs__rosidl_generator_c.dir/rosidl_generator_c/rosbridge_test_msgs/msg/detail/test_char__functions.c.o\x1b[0m\n'}
[62.900668] (-) TimerEvent: {}
[62.908933] (rosbridge_test_msgs) StdoutLine: {'line': b'[  2%] \x1b[32mBuilding C object CMakeFiles/rosbridge_test_msgs__rosidl_generator_c.dir/rosidl_generator_c/rosbridge_test_msgs/msg/detail/test_char__type_support.c.o\x1b[0m\n'}
[63.001500] (-) TimerEvent: {}
[63.029155] (rosbridge_test_msgs) StdoutLine: {'line': b'[  2%] \x1b[32mBuilding C object CMakeFiles/rosbridge_test_msgs__rosidl_generator_c.dir/rosidl_generator_c/rosbridge_test_msgs/msg/detail/test_duration_array__functions.c.o\x1b[0m\n'}
[63.031724] (rosbridge_test_msgs) StdoutLine: {'line': b'[  3%] \x1b[32mBuilding C object CMakeFiles/rosbridge_test_msgs__rosidl_generator_c.dir/rosidl_generator_c/rosbridge_test_msgs/msg/detail/test_duration_array__description.c.o\x1b[0m\n'}
[63.105358] (-) TimerEvent: {}
[63.206057] (-) TimerEvent: {}
[63.307078] (-) TimerEvent: {}
[63.408043] (-) TimerEvent: {}
[63.493760] (rosbridge_test_msgs) StdoutLine: {'line': b'[  3%] \x1b[32mBuilding C object CMakeFiles/rosbridge_test_msgs__rosidl_generator_c.dir/rosidl_generator_c/rosbridge_test_msgs/msg/detail/test_duration_array__type_support.c.o\x1b[0m\n'}
[63.508253] (-) TimerEvent: {}
[63.513493] (rosbridge_test_msgs) StdoutLine: {'line': b'[  4%] \x1b[32mBuilding C object CMakeFiles/rosbridge_test_msgs__rosidl_generator_c.dir/rosidl_generator_c/rosbridge_test_msgs/msg/detail/test_header_array__description.c.o\x1b[0m\n'}
[63.608399] (-) TimerEvent: {}
[63.709098] (-) TimerEvent: {}
[63.797958] (rosbridge_test_msgs) StdoutLine: {'line': b'[  4%] \x1b[32mBuilding C object CMakeFiles/rosbridge_test_msgs__rosidl_generator_c.dir/rosidl_generator_c/rosbridge_test_msgs/msg/detail/test_header_array__functions.c.o\x1b[0m\n'}
[63.809441] (-) TimerEvent: {}
[63.860802] (rosbridge_test_msgs) StdoutLine: {'line': b'[  4%] \x1b[32mBuilding C object CMakeFiles/rosbridge_test_msgs__rosidl_generator_c.dir/rosidl_generator_c/rosbridge_test_msgs/msg/detail/test_header_array__type_support.c.o\x1b[0m\n'}
[63.905107] (rosbridge_test_msgs) StdoutLine: {'line': b'[  5%] \x1b[32mBuilding C object CMakeFiles/rosbridge_test_msgs__rosidl_generator_c.dir/rosidl_generator_c/rosbridge_test_msgs/msg/detail/test_header__description.c.o\x1b[0m\n'}
[63.910404] (-) TimerEvent: {}
[63.941048] (rosbridge_test_msgs) StdoutLine: {'line': b'[  5%] \x1b[32mBuilding C object CMakeFiles/rosbridge_test_msgs__rosidl_generator_c.dir/rosidl_generator_c/rosbridge_test_msgs/msg/detail/test_header__functions.c.o\x1b[0m\n'}
[64.013409] (-) TimerEvent: {}
[64.094984] (rosbridge_test_msgs) StdoutLine: {'line': b'[  5%] \x1b[32mBuilding C object CMakeFiles/rosbridge_test_msgs__rosidl_generator_c.dir/rosidl_generator_c/rosbridge_test_msgs/msg/detail/test_header__type_support.c.o\x1b[0m\n'}
[64.103384] (rosbridge_test_msgs) StdoutLine: {'line': b'[  6%] \x1b[32mBuilding C object CMakeFiles/rosbridge_test_msgs__rosidl_generator_c.dir/rosidl_generator_c/rosbridge_test_msgs/msg/detail/test_header_two__description.c.o\x1b[0m\n'}
[64.114568] (-) TimerEvent: {}
[64.186548] (rosbridge_test_msgs) StdoutLine: {'line': b'[  6%] \x1b[32mBuilding C object CMakeFiles/rosbridge_test_msgs__rosidl_generator_c.dir/rosidl_generator_c/rosbridge_test_msgs/msg/detail/test_header_two__functions.c.o\x1b[0m\n'}
[64.214685] (-) TimerEvent: {}
[64.259308] (rosbridge_test_msgs) StdoutLine: {'line': b'[  6%] \x1b[32mBuilding C object CMakeFiles/rosbridge_test_msgs__rosidl_generator_c.dir/rosidl_generator_c/rosbridge_test_msgs/msg/detail/test_header_two__type_support.c.o\x1b[0m\n'}
[64.317481] (-) TimerEvent: {}
[64.348407] (rosbridge_test_msgs) StdoutLine: {'line': b'[  7%] \x1b[32mBuilding C object CMakeFiles/rosbridge_test_msgs__rosidl_generator_c.dir/rosidl_generator_c/rosbridge_test_msgs/msg/detail/test_time_array__description.c.o\x1b[0m\n'}
[64.368592] (rosbridge_test_msgs) StdoutLine: {'line': b'[  7%] \x1b[32mBuilding C object CMakeFiles/rosbridge_test_msgs__rosidl_generator_c.dir/rosidl_generator_c/rosbridge_test_msgs/msg/detail/test_time_array__functions.c.o\x1b[0m\n'}
[64.420110] (-) TimerEvent: {}
[64.489542] (rosbridge_test_msgs) StdoutLine: {'line': b'[  7%] \x1b[32mBuilding C object CMakeFiles/rosbridge_test_msgs__rosidl_generator_c.dir/rosidl_generator_c/rosbridge_test_msgs/msg/detail/test_time_array__type_support.c.o\x1b[0m\n'}
[64.509402] (rosbridge_test_msgs) StdoutLine: {'line': b'[  7%] \x1b[32mBuilding C object CMakeFiles/rosbridge_test_msgs__rosidl_generator_c.dir/rosidl_generator_c/rosbridge_test_msgs/msg/detail/test_u_int8__description.c.o\x1b[0m\n'}
[64.523416] (-) TimerEvent: {}
[64.617724] (rosbridge_test_msgs) StdoutLine: {'line': b'[  8%] \x1b[32mBuilding C object CMakeFiles/rosbridge_test_msgs__rosidl_generator_c.dir/rosidl_generator_c/rosbridge_test_msgs/msg/detail/test_u_int8__functions.c.o\x1b[0m\n'}
[64.623599] (-) TimerEvent: {}
[64.674953] (rosbridge_test_msgs) StdoutLine: {'line': b'[  8%] \x1b[32mBuilding C object CMakeFiles/rosbridge_test_msgs__rosidl_generator_c.dir/rosidl_generator_c/rosbridge_test_msgs/msg/detail/test_u_int8__type_support.c.o\x1b[0m\n'}
[64.711515] (rosbridge_test_msgs) StdoutLine: {'line': b'[  8%] \x1b[32mBuilding C object CMakeFiles/rosbridge_test_msgs__rosidl_generator_c.dir/rosidl_generator_c/rosbridge_test_msgs/msg/detail/test_u_int8_fixed_size_array16__description.c.o\x1b[0m\n'}
[64.725446] (-) TimerEvent: {}
[64.781477] (rosbridge_test_msgs) StdoutLine: {'line': b'[  9%] \x1b[32mBuilding C object CMakeFiles/rosbridge_test_msgs__rosidl_generator_c.dir/rosidl_generator_c/rosbridge_test_msgs/msg/detail/test_u_int8_fixed_size_array16__functions.c.o\x1b[0m\n'}
[64.825652] (-) TimerEvent: {}
[64.898102] (rosbridge_test_msgs) StdoutLine: {'line': b'[  9%] \x1b[32mBuilding C object CMakeFiles/rosbridge_test_msgs__rosidl_generator_c.dir/rosidl_generator_c/rosbridge_test_msgs/msg/detail/test_u_int8_fixed_size_array16__type_support.c.o\x1b[0m\n'}
[64.926020] (-) TimerEvent: {}
[64.932602] (rosbridge_test_msgs) StdoutLine: {'line': b'[  9%] \x1b[32mBuilding C object CMakeFiles/rosbridge_test_msgs__rosidl_generator_c.dir/rosidl_generator_c/rosbridge_test_msgs/msg/detail/test_float32_array__description.c.o\x1b[0m\n'}
[64.996931] (rosbridge_test_msgs) StdoutLine: {'line': b'[ 10%] \x1b[32mBuilding C object CMakeFiles/rosbridge_test_msgs__rosidl_generator_c.dir/rosidl_generator_c/rosbridge_test_msgs/msg/detail/test_float32_array__functions.c.o\x1b[0m\n'}
[65.026205] (-) TimerEvent: {}
[65.088349] (rosbridge_test_msgs) StdoutLine: {'line': b'[ 10%] \x1b[32mBuilding C object CMakeFiles/rosbridge_test_msgs__rosidl_generator_c.dir/rosidl_generator_c/rosbridge_test_msgs/msg/detail/test_float32_array__type_support.c.o\x1b[0m\n'}
[65.124848] (rosbridge_test_msgs) StdoutLine: {'line': b'[ 10%] \x1b[32mBuilding C object CMakeFiles/rosbridge_test_msgs__rosidl_generator_c.dir/rosidl_generator_c/rosbridge_test_msgs/msg/detail/test_float32_bounded_array__description.c.o\x1b[0m\n'}
[65.128439] (-) TimerEvent: {}
[65.229306] (-) TimerEvent: {}
[65.277104] (rosbridge_test_msgs) StdoutLine: {'line': b'[ 11%] \x1b[32mBuilding C object CMakeFiles/rosbridge_test_msgs__rosidl_generator_c.dir/rosidl_generator_c/rosbridge_test_msgs/msg/detail/test_float32_bounded_array__functions.c.o\x1b[0m\n'}
[65.329475] (-) TimerEvent: {}
[65.343268] (rosbridge_test_msgs) StdoutLine: {'line': b'[ 11%] \x1b[32mBuilding C object CMakeFiles/rosbridge_test_msgs__rosidl_generator_c.dir/rosidl_generator_c/rosbridge_test_msgs/msg/detail/test_float32_bounded_array__type_support.c.o\x1b[0m\n'}
[65.404326] (rosbridge_test_msgs) StdoutLine: {'line': b'[ 11%] \x1b[32mBuilding C object CMakeFiles/rosbridge_test_msgs__rosidl_generator_c.dir/rosidl_generator_c/rosbridge_test_msgs/msg/detail/test_nested_bounded_array__description.c.o\x1b[0m\n'}
[65.432427] (-) TimerEvent: {}
[65.479578] (rosbridge_test_msgs) StdoutLine: {'line': b'[ 12%] \x1b[32mBuilding C object CMakeFiles/rosbridge_test_msgs__rosidl_generator_c.dir/rosidl_generator_c/rosbridge_test_msgs/msg/detail/test_nested_bounded_array__functions.c.o\x1b[0m\n'}
[65.533275] (-) TimerEvent: {}
[65.575422] (rosbridge_test_msgs) StdoutLine: {'line': b'[ 12%] \x1b[32mBuilding C object CMakeFiles/rosbridge_test_msgs__rosidl_generator_c.dir/rosidl_generator_c/rosbridge_test_msgs/msg/detail/test_nested_bounded_array__type_support.c.o\x1b[0m\n'}
[65.598776] (rosbridge_test_msgs) StdoutLine: {'line': b'[ 12%] \x1b[32mBuilding C object CMakeFiles/rosbridge_test_msgs__rosidl_generator_c.dir/rosidl_generator_c/rosbridge_test_msgs/srv/detail/add_two_ints__description.c.o\x1b[0m\n'}
[65.635435] (-) TimerEvent: {}
[65.670368] (rosbridge_test_msgs) StdoutLine: {'line': b'[ 13%] \x1b[32mBuilding C object CMakeFiles/rosbridge_test_msgs__rosidl_generator_c.dir/rosidl_generator_c/rosbridge_test_msgs/srv/detail/add_two_ints__functions.c.o\x1b[0m\n'}
[65.736382] (-) TimerEvent: {}
[65.781989] (rosbridge_test_msgs) StdoutLine: {'line': b'[ 13%] \x1b[32mBuilding C object CMakeFiles/rosbridge_test_msgs__rosidl_generator_c.dir/rosidl_generator_c/rosbridge_test_msgs/srv/detail/add_two_ints__type_support.c.o\x1b[0m\n'}
[65.803414] (rosbridge_test_msgs) StdoutLine: {'line': b'[ 13%] \x1b[32mBuilding C object CMakeFiles/rosbridge_test_msgs__rosidl_generator_c.dir/rosidl_generator_c/rosbridge_test_msgs/srv/detail/send_bytes__description.c.o\x1b[0m\n'}
[65.838476] (-) TimerEvent: {}
[65.939447] (-) TimerEvent: {}
[65.947489] (rosbridge_test_msgs) StdoutLine: {'line': b'[ 14%] \x1b[32mBuilding C object CMakeFiles/rosbridge_test_msgs__rosidl_generator_c.dir/rosidl_generator_c/rosbridge_test_msgs/srv/detail/send_bytes__functions.c.o\x1b[0m\n'}
[66.042430] (-) TimerEvent: {}
[66.052392] (rosbridge_test_msgs) StdoutLine: {'line': b'[ 14%] \x1b[32mBuilding C object CMakeFiles/rosbridge_test_msgs__rosidl_generator_c.dir/rosidl_generator_c/rosbridge_test_msgs/srv/detail/send_bytes__type_support.c.o\x1b[0m\n'}
[66.112352] (rosbridge_test_msgs) StdoutLine: {'line': b'[ 14%] \x1b[32mBuilding C object CMakeFiles/rosbridge_test_msgs__rosidl_generator_c.dir/rosidl_generator_c/rosbridge_test_msgs/srv/detail/test_array_request__description.c.o\x1b[0m\n'}
[66.143043] (-) TimerEvent: {}
[66.202636] (rosbridge_test_msgs) StdoutLine: {'line': b'[ 14%] \x1b[32mBuilding C object CMakeFiles/rosbridge_test_msgs__rosidl_generator_c.dir/rosidl_generator_c/rosbridge_test_msgs/srv/detail/test_array_request__functions.c.o\x1b[0m\n'}
[66.245442] (-) TimerEvent: {}
[66.312521] (rosbridge_test_msgs) StdoutLine: {'line': b'[ 15%] \x1b[32mBuilding C object CMakeFiles/rosbridge_test_msgs__rosidl_generator_c.dir/rosidl_generator_c/rosbridge_test_msgs/srv/detail/test_array_request__type_support.c.o\x1b[0m\n'}
[66.345630] (-) TimerEvent: {}
[66.427080] (rosbridge_test_msgs) StdoutLine: {'line': b'[ 15%] \x1b[32mBuilding C object CMakeFiles/rosbridge_test_msgs__rosidl_generator_c.dir/rosidl_generator_c/rosbridge_test_msgs/srv/detail/test_empty__description.c.o\x1b[0m\n'}
[66.433426] (rosbridge_test_msgs) StdoutLine: {'line': b'[ 15%] \x1b[32mBuilding C object CMakeFiles/rosbridge_test_msgs__rosidl_generator_c.dir/rosidl_generator_c/rosbridge_test_msgs/srv/detail/test_empty__functions.c.o\x1b[0m\n'}
[66.445856] (-) TimerEvent: {}
[66.546659] (-) TimerEvent: {}
[66.573370] (rosbridge_test_msgs) StdoutLine: {'line': b'[ 16%] \x1b[32mBuilding C object CMakeFiles/rosbridge_test_msgs__rosidl_generator_c.dir/rosidl_generator_c/rosbridge_test_msgs/srv/detail/test_empty__type_support.c.o\x1b[0m\n'}
[66.646896] (-) TimerEvent: {}
[66.665528] (rosbridge_test_msgs) StdoutLine: {'line': b'[ 16%] \x1b[32mBuilding C object CMakeFiles/rosbridge_test_msgs__rosidl_generator_c.dir/rosidl_generator_c/rosbridge_test_msgs/srv/detail/test_multiple_request_fields__description.c.o\x1b[0m\n'}
[66.749429] (-) TimerEvent: {}
[66.788548] (rosbridge_test_msgs) StdoutLine: {'line': b'[ 16%] \x1b[32mBuilding C object CMakeFiles/rosbridge_test_msgs__rosidl_generator_c.dir/rosidl_generator_c/rosbridge_test_msgs/srv/detail/test_multiple_request_fields__functions.c.o\x1b[0m\n'}
[66.850428] (-) TimerEvent: {}
[66.870567] (rosbridge_test_msgs) StdoutLine: {'line': b'[ 17%] \x1b[32mBuilding C object CMakeFiles/rosbridge_test_msgs__rosidl_generator_c.dir/rosidl_generator_c/rosbridge_test_msgs/srv/detail/test_multiple_request_fields__type_support.c.o\x1b[0m\n'}
[66.883451] (rosbridge_test_msgs) StdoutLine: {'line': b'[ 17%] \x1b[32mBuilding C object CMakeFiles/rosbridge_test_msgs__rosidl_generator_c.dir/rosidl_generator_c/rosbridge_test_msgs/srv/detail/test_multiple_response_fields__description.c.o\x1b[0m\n'}
[66.953387] (-) TimerEvent: {}
[67.000008] (rosbridge_test_msgs) StdoutLine: {'line': b'[ 17%] \x1b[32mBuilding C object CMakeFiles/rosbridge_test_msgs__rosidl_generator_c.dir/rosidl_generator_c/rosbridge_test_msgs/srv/detail/test_multiple_response_fields__functions.c.o\x1b[0m\n'}
[67.056389] (-) TimerEvent: {}
[67.129566] (rosbridge_test_msgs) StdoutLine: {'line': b'[ 18%] \x1b[32mBuilding C object CMakeFiles/rosbridge_test_msgs__rosidl_generator_c.dir/rosidl_generator_c/rosbridge_test_msgs/srv/detail/test_multiple_response_fields__type_support.c.o\x1b[0m\n'}
[67.156597] (-) TimerEvent: {}
[67.243663] (rosbridge_test_msgs) StdoutLine: {'line': b'[ 18%] \x1b[32mBuilding C object CMakeFiles/rosbridge_test_msgs__rosidl_generator_c.dir/rosidl_generator_c/rosbridge_test_msgs/srv/detail/test_nested_service__functions.c.o\x1b[0m\n'}
[67.245632] (rosbridge_test_msgs) StdoutLine: {'line': b'[ 18%] \x1b[32mBuilding C object CMakeFiles/rosbridge_test_msgs__rosidl_generator_c.dir/rosidl_generator_c/rosbridge_test_msgs/srv/detail/test_nested_service__description.c.o\x1b[0m\n'}
[67.259389] (-) TimerEvent: {}
[67.360336] (-) TimerEvent: {}
[67.396697] (rosbridge_test_msgs) StdoutLine: {'line': b'[ 19%] \x1b[32mBuilding C object CMakeFiles/rosbridge_test_msgs__rosidl_generator_c.dir/rosidl_generator_c/rosbridge_test_msgs/srv/detail/test_nested_service__type_support.c.o\x1b[0m\n'}
[67.449545] (rosbridge_test_msgs) StdoutLine: {'line': b'[ 19%] \x1b[32mBuilding C object CMakeFiles/rosbridge_test_msgs__rosidl_generator_c.dir/rosidl_generator_c/rosbridge_test_msgs/srv/detail/test_request_and_response__description.c.o\x1b[0m\n'}
[67.461444] (-) TimerEvent: {}
[67.564757] (-) TimerEvent: {}
[67.636324] (rosbridge_test_msgs) StdoutLine: {'line': b'[ 19%] \x1b[32mBuilding C object CMakeFiles/rosbridge_test_msgs__rosidl_generator_c.dir/rosidl_generator_c/rosbridge_test_msgs/srv/detail/test_request_and_response__functions.c.o\x1b[0m\n'}
[67.665828] (-) TimerEvent: {}
[67.667983] (rosbridge_test_msgs) StdoutLine: {'line': b'[ 20%] \x1b[32mBuilding C object CMakeFiles/rosbridge_test_msgs__rosidl_generator_c.dir/rosidl_generator_c/rosbridge_test_msgs/srv/detail/test_request_and_response__type_support.c.o\x1b[0m\n'}
[67.766046] (-) TimerEvent: {}
[67.803500] (rosbridge_test_msgs) StdoutLine: {'line': b'[ 20%] \x1b[32mBuilding C object CMakeFiles/rosbridge_test_msgs__rosidl_generator_c.dir/rosidl_generator_c/rosbridge_test_msgs/srv/detail/test_request_only__description.c.o\x1b[0m\n'}
[67.833076] (rosbridge_test_msgs) StdoutLine: {'line': b'[ 20%] \x1b[32mBuilding C object CMakeFiles/rosbridge_test_msgs__rosidl_generator_c.dir/rosidl_generator_c/rosbridge_test_msgs/srv/detail/test_request_only__functions.c.o\x1b[0m\n'}
[67.867433] (-) TimerEvent: {}
[67.928780] (rosbridge_test_msgs) StdoutLine: {'line': b'[ 21%] \x1b[32mBuilding C object CMakeFiles/rosbridge_test_msgs__rosidl_generator_c.dir/rosidl_generator_c/rosbridge_test_msgs/srv/detail/test_request_only__type_support.c.o\x1b[0m\n'}
[67.968526] (-) TimerEvent: {}
[68.064793] (rosbridge_test_msgs) StdoutLine: {'line': b'[ 21%] \x1b[32mBuilding C object CMakeFiles/rosbridge_test_msgs__rosidl_generator_c.dir/rosidl_generator_c/rosbridge_test_msgs/srv/detail/test_response_only__description.c.o\x1b[0m\n'}
[68.070111] (-) TimerEvent: {}
[68.134643] (rosbridge_test_msgs) StdoutLine: {'line': b'[ 21%] \x1b[32mBuilding C object CMakeFiles/rosbridge_test_msgs__rosidl_generator_c.dir/rosidl_generator_c/rosbridge_test_msgs/srv/detail/test_response_only__functions.c.o\x1b[0m\n'}
[68.171300] (-) TimerEvent: {}
[68.194884] (rosbridge_test_msgs) StdoutLine: {'line': b'[ 21%] \x1b[32mBuilding C object CMakeFiles/rosbridge_test_msgs__rosidl_generator_c.dir/rosidl_generator_c/rosbridge_test_msgs/srv/detail/test_response_only__type_support.c.o\x1b[0m\n'}
[68.274414] (-) TimerEvent: {}
[68.350770] (rosbridge_test_msgs) StdoutLine: {'line': b'[ 22%] \x1b[32mBuilding C object CMakeFiles/rosbridge_test_msgs__rosidl_generator_c.dir/rosidl_generator_c/rosbridge_test_msgs/action/detail/test_empty__description.c.o\x1b[0m\n'}
[68.377432] (-) TimerEvent: {}
[68.399774] (rosbridge_test_msgs) StdoutLine: {'line': b'[ 22%] \x1b[32mBuilding C object CMakeFiles/rosbridge_test_msgs__rosidl_generator_c.dir/rosidl_generator_c/rosbridge_test_msgs/action/detail/test_empty__functions.c.o\x1b[0m\n'}
[68.464467] (rosbridge_test_msgs) StdoutLine: {'line': b'[ 22%] \x1b[32mBuilding C object CMakeFiles/rosbridge_test_msgs__rosidl_generator_c.dir/rosidl_generator_c/rosbridge_test_msgs/action/detail/test_empty__type_support.c.o\x1b[0m\n'}
[68.477621] (-) TimerEvent: {}
[68.564545] (rosbridge_test_msgs) StdoutLine: {'line': b'[ 23%] \x1b[32mBuilding C object CMakeFiles/rosbridge_test_msgs__rosidl_generator_c.dir/rosidl_generator_c/rosbridge_test_msgs/action/detail/test_feedback_and_result__description.c.o\x1b[0m\n'}
[68.577826] (-) TimerEvent: {}
[68.680648] (-) TimerEvent: {}
[68.744424] (rosbridge_test_msgs) StdoutLine: {'line': b'[ 23%] \x1b[32mBuilding C object CMakeFiles/rosbridge_test_msgs__rosidl_generator_c.dir/rosidl_generator_c/rosbridge_test_msgs/action/detail/test_feedback_and_result__functions.c.o\x1b[0m\n'}
[68.782456] (-) TimerEvent: {}
[68.883423] (-) TimerEvent: {}
[68.986007] (-) TimerEvent: {}
[69.012457] (rosbridge_test_msgs) StdoutLine: {'line': b'[ 23%] \x1b[32mBuilding C object CMakeFiles/rosbridge_test_msgs__rosidl_generator_c.dir/rosidl_generator_c/rosbridge_test_msgs/action/detail/test_feedback_and_result__type_support.c.o\x1b[0m\n'}
[69.090413] (-) TimerEvent: {}
[69.120832] (rosbridge_test_msgs) StdoutLine: {'line': b'[ 24%] \x1b[32mBuilding C object CMakeFiles/rosbridge_test_msgs__rosidl_generator_c.dir/rosidl_generator_c/rosbridge_test_msgs/action/detail/test_goal_and_result__description.c.o\x1b[0m\n'}
[69.191707] (-) TimerEvent: {}
[69.293808] (-) TimerEvent: {}
[69.331452] (rosbridge_test_msgs) StdoutLine: {'line': b'[ 24%] \x1b[32mBuilding C object CMakeFiles/rosbridge_test_msgs__rosidl_generator_c.dir/rosidl_generator_c/rosbridge_test_msgs/action/detail/test_goal_and_result__functions.c.o\x1b[0m\n'}
[69.341948] (rosbridge_test_msgs) StdoutLine: {'line': b'[ 24%] \x1b[32mBuilding C object CMakeFiles/rosbridge_test_msgs__rosidl_generator_c.dir/rosidl_generator_c/rosbridge_test_msgs/action/detail/test_goal_and_result__type_support.c.o\x1b[0m\n'}
[69.394000] (-) TimerEvent: {}
[69.494802] (-) TimerEvent: {}
[69.595909] (-) TimerEvent: {}
[69.675565] (rosbridge_test_msgs) StdoutLine: {'line': b'[ 25%] \x1b[32mBuilding C object CMakeFiles/rosbridge_test_msgs__rosidl_generator_c.dir/rosidl_generator_c/rosbridge_test_msgs/action/detail/test_goal_feedback_and_result__description.c.o\x1b[0m\n'}
[69.696171] (-) TimerEvent: {}
[69.798374] (-) TimerEvent: {}
[69.847675] (rosbridge_test_msgs) StdoutLine: {'line': b'[ 25%] \x1b[32mBuilding C object CMakeFiles/rosbridge_test_msgs__rosidl_generator_c.dir/rosidl_generator_c/rosbridge_test_msgs/action/detail/test_goal_feedback_and_result__functions.c.o\x1b[0m\n'}
[69.900419] (-) TimerEvent: {}
[70.001370] (-) TimerEvent: {}
[70.043322] (rosbridge_test_msgs) StdoutLine: {'line': b'[ 25%] \x1b[32mBuilding C object CMakeFiles/rosbridge_test_msgs__rosidl_generator_c.dir/rosidl_generator_c/rosbridge_test_msgs/action/detail/test_goal_feedback_and_result__type_support.c.o\x1b[0m\n'}
[70.101652] (-) TimerEvent: {}
[70.207437] (-) TimerEvent: {}
[70.308388] (-) TimerEvent: {}
[70.309280] (rosbridge_test_msgs) StdoutLine: {'line': b'[ 26%] \x1b[32mBuilding C object CMakeFiles/rosbridge_test_msgs__rosidl_generator_c.dir/rosidl_generator_c/rosbridge_test_msgs/action/detail/test_goal_only__description.c.o\x1b[0m\n'}
[70.352420] (rosbridge_test_msgs) StdoutLine: {'line': b'[ 26%] \x1b[32mBuilding C object CMakeFiles/rosbridge_test_msgs__rosidl_generator_c.dir/rosidl_generator_c/rosbridge_test_msgs/action/detail/test_goal_only__functions.c.o\x1b[0m\n'}
[70.408706] (-) TimerEvent: {}
[70.503940] (rosbridge_test_msgs) StdoutLine: {'line': b'[ 26%] \x1b[32mBuilding C object CMakeFiles/rosbridge_test_msgs__rosidl_generator_c.dir/rosidl_generator_c/rosbridge_test_msgs/action/detail/test_goal_only__type_support.c.o\x1b[0m\n'}
[70.510129] (-) TimerEvent: {}
[70.611789] (-) TimerEvent: {}
[70.714417] (-) TimerEvent: {}
[70.799448] (rosbridge_test_msgs) StdoutLine: {'line': b'[ 27%] \x1b[32mBuilding C object CMakeFiles/rosbridge_test_msgs__rosidl_generator_c.dir/rosidl_generator_c/rosbridge_test_msgs/action/detail/test_multiple_goal_fields__description.c.o\x1b[0m\n'}
[70.809300] (rosbridge_test_msgs) StdoutLine: {'line': b'[ 27%] \x1b[32mBuilding C object CMakeFiles/rosbridge_test_msgs__rosidl_generator_c.dir/rosidl_generator_c/rosbridge_test_msgs/action/detail/test_multiple_goal_fields__functions.c.o\x1b[0m\n'}
[70.815531] (-) TimerEvent: {}
[70.837601] (rosbridge_test_msgs) StdoutLine: {'line': b'[ 27%] \x1b[32mBuilding C object CMakeFiles/rosbridge_test_msgs__rosidl_generator_c.dir/rosidl_generator_c/rosbridge_test_msgs/action/detail/test_multiple_goal_fields__type_support.c.o\x1b[0m\n'}
[70.918412] (-) TimerEvent: {}
[71.019205] (-) TimerEvent: {}
[71.120177] (-) TimerEvent: {}
[71.153437] (rosbridge_test_msgs) StdoutLine: {'line': b'[ 28%] \x1b[32mBuilding C object CMakeFiles/rosbridge_test_msgs__rosidl_generator_c.dir/rosidl_generator_c/rosbridge_test_msgs/action/detail/test_result_only__description.c.o\x1b[0m\n'}
[71.220450] (-) TimerEvent: {}
[71.321443] (-) TimerEvent: {}
[71.325674] (rosbridge_test_msgs) StdoutLine: {'line': b'[ 28%] \x1b[32mBuilding C object CMakeFiles/rosbridge_test_msgs__rosidl_generator_c.dir/rosidl_generator_c/rosbridge_test_msgs/action/detail/test_result_only__functions.c.o\x1b[0m\n'}
[71.343394] (rosbridge_test_msgs) StdoutLine: {'line': b'[ 28%] \x1b[32mBuilding C object CMakeFiles/rosbridge_test_msgs__rosidl_generator_c.dir/rosidl_generator_c/rosbridge_test_msgs/action/detail/test_result_only__type_support.c.o\x1b[0m\n'}
[71.421664] (-) TimerEvent: {}
[71.525766] (-) TimerEvent: {}
[71.626667] (-) TimerEvent: {}
[71.728082] (-) TimerEvent: {}
[71.828885] (-) TimerEvent: {}
[71.929566] (-) TimerEvent: {}
[72.030181] (-) TimerEvent: {}
[72.117301] (rosbridge_test_msgs) StdoutLine: {'line': b'[ 28%] \x1b[32m\x1b[1mLinking C shared library librosbridge_test_msgs__rosidl_generator_c.so\x1b[0m\n'}
[72.130354] (-) TimerEvent: {}
[72.230993] (-) TimerEvent: {}
[72.331722] (-) TimerEvent: {}
[72.432735] (-) TimerEvent: {}
[72.533488] (-) TimerEvent: {}
[72.608793] (rosbridge_test_msgs) StdoutLine: {'line': b'[ 28%] Built target rosbridge_test_msgs__rosidl_generator_c\n'}
[72.634408] (-) TimerEvent: {}
[72.678884] (rosbridge_test_msgs) StdoutLine: {'line': b'[ 29%] \x1b[34m\x1b[1mGenerating C++ type support dispatch for ROS interfaces\x1b[0m\n'}
[72.679836] (rosbridge_test_msgs) StdoutLine: {'line': b'[ 29%] \x1b[34m\x1b[1mGenerating C type support for eProsima Fast-RTPS\x1b[0m\n'}
[72.684397] (rosbridge_test_msgs) StdoutLine: {'line': b'[ 29%] \x1b[34m\x1b[1mGenerating C++ type support for eProsima Fast-RTPS\x1b[0m\n'}
[72.700711] (rosbridge_test_msgs) StdoutLine: {'line': b'[ 29%] \x1b[34m\x1b[1mGenerating C introspection for ROS interfaces\x1b[0m\n'}
[72.734637] (-) TimerEvent: {}
[72.835620] (-) TimerEvent: {}
[72.939990] (-) TimerEvent: {}
[73.041610] (-) TimerEvent: {}
[73.144528] (-) TimerEvent: {}
[73.245353] (-) TimerEvent: {}
[73.348559] (-) TimerEvent: {}
[73.449873] (-) TimerEvent: {}
[73.552840] (-) TimerEvent: {}
[73.654143] (-) TimerEvent: {}
[73.758820] (-) TimerEvent: {}
[73.859603] (-) TimerEvent: {}
[73.960482] (-) TimerEvent: {}
[74.062642] (-) TimerEvent: {}
[74.165534] (-) TimerEvent: {}
[74.268410] (-) TimerEvent: {}
[74.369157] (-) TimerEvent: {}
[74.473366] (-) TimerEvent: {}
[74.574100] (-) TimerEvent: {}
[74.674829] (-) TimerEvent: {}
[74.776181] (-) TimerEvent: {}
[74.879022] (-) TimerEvent: {}
[74.980779] (-) TimerEvent: {}
[75.082946] (-) TimerEvent: {}
[75.185660] (-) TimerEvent: {}
[75.288403] (-) TimerEvent: {}
[75.389096] (-) TimerEvent: {}
[75.489797] (-) TimerEvent: {}
[75.591610] (-) TimerEvent: {}
[75.693530] (-) TimerEvent: {}
[75.795392] (-) TimerEvent: {}
[75.896150] (-) TimerEvent: {}
[75.998117] (-) TimerEvent: {}
[76.101383] (-) TimerEvent: {}
[76.202202] (-) TimerEvent: {}
[76.304667] (-) TimerEvent: {}
[76.407346] (-) TimerEvent: {}
[76.508059] (-) TimerEvent: {}
[76.610630] (-) TimerEvent: {}
[76.711346] (-) TimerEvent: {}
[76.814361] (-) TimerEvent: {}
[76.915247] (-) TimerEvent: {}
[77.018553] (-) TimerEvent: {}
[77.119690] (-) TimerEvent: {}
[77.223657] (-) TimerEvent: {}
[77.324392] (-) TimerEvent: {}
[77.426603] (-) TimerEvent: {}
[77.529612] (-) TimerEvent: {}
[77.633014] (-) TimerEvent: {}
[77.735442] (-) TimerEvent: {}
[77.837670] (-) TimerEvent: {}
[77.939336] (-) TimerEvent: {}
[78.040105] (-) TimerEvent: {}
[78.142055] (-) TimerEvent: {}
[78.244688] (-) TimerEvent: {}
[78.347082] (-) TimerEvent: {}
[78.449422] (-) TimerEvent: {}
[78.551670] (-) TimerEvent: {}
[78.653862] (-) TimerEvent: {}
[78.755118] (-) TimerEvent: {}
[78.858572] (-) TimerEvent: {}
[78.959320] (-) TimerEvent: {}
[79.060136] (-) TimerEvent: {}
[79.162131] (-) TimerEvent: {}
[79.264325] (-) TimerEvent: {}
[79.365660] (-) TimerEvent: {}
[79.467359] (-) TimerEvent: {}
[79.568197] (-) TimerEvent: {}
[79.669896] (-) TimerEvent: {}
[79.771460] (-) TimerEvent: {}
[79.873341] (-) TimerEvent: {}
[79.974713] (-) TimerEvent: {}
[80.077704] (-) TimerEvent: {}
[80.180042] (-) TimerEvent: {}
[80.282363] (-) TimerEvent: {}
[80.383046] (-) TimerEvent: {}
[80.484696] (-) TimerEvent: {}
[80.585969] (-) TimerEvent: {}
[80.687543] (-) TimerEvent: {}
[80.788911] (-) TimerEvent: {}
[80.891337] (-) TimerEvent: {}
[80.993347] (-) TimerEvent: {}
[81.081668] (rosbridge_test_msgs) StdoutLine: {'line': b'[ 29%] \x1b[32mBuilding CXX object CMakeFiles/rosbridge_test_msgs__rosidl_typesupport_cpp.dir/rosidl_typesupport_cpp/rosbridge_test_msgs/msg/num__type_support.cpp.o\x1b[0m\n'}
[81.094229] (-) TimerEvent: {}
[81.196511] (-) TimerEvent: {}
[81.298689] (-) TimerEvent: {}
[81.400746] (-) TimerEvent: {}
[81.501943] (-) TimerEvent: {}
[81.604152] (-) TimerEvent: {}
[81.706475] (-) TimerEvent: {}
[81.807272] (-) TimerEvent: {}
[81.909363] (-) TimerEvent: {}
[82.011395] (-) TimerEvent: {}
[82.113310] (-) TimerEvent: {}
[82.215482] (-) TimerEvent: {}
[82.317515] (-) TimerEvent: {}
[82.419921] (-) TimerEvent: {}
[82.521794] (-) TimerEvent: {}
[82.624627] (-) TimerEvent: {}
[82.725579] (-) TimerEvent: {}
[82.827990] (-) TimerEvent: {}
[82.929373] (-) TimerEvent: {}
[83.031529] (-) TimerEvent: {}
[83.127492] (rosbridge_test_msgs) StdoutLine: {'line': b'[ 29%] \x1b[32mBuilding CXX object CMakeFiles/rosbridge_test_msgs__rosidl_typesupport_cpp.dir/rosidl_typesupport_cpp/rosbridge_test_msgs/msg/test_char__type_support.cpp.o\x1b[0m\n'}
[83.131701] (-) TimerEvent: {}
[83.232439] (-) TimerEvent: {}
[83.336638] (-) TimerEvent: {}
[83.437365] (-) TimerEvent: {}
[83.538187] (-) TimerEvent: {}
[83.639184] (-) TimerEvent: {}
[83.741663] (-) TimerEvent: {}
[83.843163] (-) TimerEvent: {}
[83.946683] (-) TimerEvent: {}
[84.048363] (-) TimerEvent: {}
[84.149716] (-) TimerEvent: {}
[84.253479] (-) TimerEvent: {}
[84.354367] (-) TimerEvent: {}
[84.456064] (-) TimerEvent: {}
[84.559402] (-) TimerEvent: {}
[84.660857] (-) TimerEvent: {}
[84.763679] (-) TimerEvent: {}
[84.866607] (-) TimerEvent: {}
[84.967566] (-) TimerEvent: {}
[85.070420] (-) TimerEvent: {}
[85.174604] (-) TimerEvent: {}
[85.275514] (-) TimerEvent: {}
[85.487057] (rosbridge_test_msgs) StdoutLine: {'line': b'[ 30%] \x1b[32mBuilding CXX object CMakeFiles/rosbridge_test_msgs__rosidl_typesupport_cpp.dir/rosidl_typesupport_cpp/rosbridge_test_msgs/msg/test_duration_array__type_support.cpp.o\x1b[0m\n'}
[85.487874] (-) TimerEvent: {}
[85.591370] (-) TimerEvent: {}
[85.692156] (-) TimerEvent: {}
[85.795382] (-) TimerEvent: {}
[85.896042] (-) TimerEvent: {}
[85.969171] (rosbridge_test_msgs) StdoutLine: {'line': b'[ 30%] \x1b[32mBuilding C object CMakeFiles/rosbridge_test_msgs__rosidl_typesupport_introspection_c.dir/rosidl_typesupport_introspection_c/rosbridge_test_msgs/msg/detail/num__type_support.c.o\x1b[0m\n'}
[85.996324] (-) TimerEvent: {}
[86.099700] (-) TimerEvent: {}
[86.200513] (-) TimerEvent: {}
[86.230278] (rosbridge_test_msgs) StdoutLine: {'line': b'[ 31%] \x1b[32mBuilding C object CMakeFiles/rosbridge_test_msgs__rosidl_typesupport_introspection_c.dir/rosidl_typesupport_introspection_c/rosbridge_test_msgs/msg/detail/test_char__type_support.c.o\x1b[0m\n'}
[86.300714] (-) TimerEvent: {}
[86.404366] (-) TimerEvent: {}
[86.505170] (-) TimerEvent: {}
[86.512799] (rosbridge_test_msgs) StdoutLine: {'line': b'[ 31%] \x1b[32mBuilding C object CMakeFiles/rosbridge_test_msgs__rosidl_typesupport_introspection_c.dir/rosidl_typesupport_introspection_c/rosbridge_test_msgs/msg/detail/test_duration_array__type_support.c.o\x1b[0m\n'}
[86.606409] (-) TimerEvent: {}
[86.710709] (-) TimerEvent: {}
[86.811871] (-) TimerEvent: {}
[86.812965] (rosbridge_test_msgs) StdoutLine: {'line': b'[ 31%] \x1b[32mBuilding C object CMakeFiles/rosbridge_test_msgs__rosidl_typesupport_introspection_c.dir/rosidl_typesupport_introspection_c/rosbridge_test_msgs/msg/detail/test_header_array__type_support.c.o\x1b[0m\n'}
[86.912123] (-) TimerEvent: {}
[87.013899] (-) TimerEvent: {}
[87.110601] (rosbridge_test_msgs) StdoutLine: {'line': b'[ 32%] \x1b[32mBuilding C object CMakeFiles/rosbridge_test_msgs__rosidl_typesupport_introspection_c.dir/rosidl_typesupport_introspection_c/rosbridge_test_msgs/msg/detail/test_header__type_support.c.o\x1b[0m\n'}
[87.114126] (-) TimerEvent: {}
[87.216348] (-) TimerEvent: {}
[87.319599] (-) TimerEvent: {}
[87.391778] (rosbridge_test_msgs) StdoutLine: {'line': b'[ 32%] \x1b[32mBuilding C object CMakeFiles/rosbridge_test_msgs__rosidl_typesupport_introspection_c.dir/rosidl_typesupport_introspection_c/rosbridge_test_msgs/msg/detail/test_header_two__type_support.c.o\x1b[0m\n'}
[87.419840] (-) TimerEvent: {}
[87.520576] (-) TimerEvent: {}
[87.622585] (-) TimerEvent: {}
[87.659369] (rosbridge_test_msgs) StdoutLine: {'line': b'[ 32%] \x1b[32mBuilding C object CMakeFiles/rosbridge_test_msgs__rosidl_typesupport_introspection_c.dir/rosidl_typesupport_introspection_c/rosbridge_test_msgs/msg/detail/test_time_array__type_support.c.o\x1b[0m\n'}
[87.708140] (rosbridge_test_msgs) StdoutLine: {'line': b'[ 32%] \x1b[32mBuilding CXX object CMakeFiles/rosbridge_test_msgs__rosidl_typesupport_cpp.dir/rosidl_typesupport_cpp/rosbridge_test_msgs/msg/test_header_array__type_support.cpp.o\x1b[0m\n'}
[87.724122] (-) TimerEvent: {}
[87.827616] (-) TimerEvent: {}
[87.928891] (-) TimerEvent: {}
[87.960565] (rosbridge_test_msgs) StdoutLine: {'line': b'[ 33%] \x1b[32mBuilding C object CMakeFiles/rosbridge_test_msgs__rosidl_typesupport_introspection_c.dir/rosidl_typesupport_introspection_c/rosbridge_test_msgs/msg/detail/test_u_int8__type_support.c.o\x1b[0m\n'}
[88.029856] (-) TimerEvent: {}
[88.131083] (-) TimerEvent: {}
[88.233568] (-) TimerEvent: {}
[88.276007] (rosbridge_test_msgs) StdoutLine: {'line': b'[ 33%] \x1b[32mBuilding C object CMakeFiles/rosbridge_test_msgs__rosidl_typesupport_introspection_c.dir/rosidl_typesupport_introspection_c/rosbridge_test_msgs/msg/detail/test_u_int8_fixed_size_array16__type_support.c.o\x1b[0m\n'}
[88.334843] (-) TimerEvent: {}
[88.437521] (-) TimerEvent: {}
[88.538389] (-) TimerEvent: {}
[88.560306] (rosbridge_test_msgs) StdoutLine: {'line': b'[ 33%] \x1b[32mBuilding C object CMakeFiles/rosbridge_test_msgs__rosidl_typesupport_introspection_c.dir/rosidl_typesupport_introspection_c/rosbridge_test_msgs/msg/detail/test_float32_array__type_support.c.o\x1b[0m\n'}
[88.640378] (-) TimerEvent: {}
[88.741110] (-) TimerEvent: {}
[88.844698] (-) TimerEvent: {}
[88.846360] (rosbridge_test_msgs) StdoutLine: {'line': b'[ 34%] \x1b[32mBuilding C object CMakeFiles/rosbridge_test_msgs__rosidl_typesupport_introspection_c.dir/rosidl_typesupport_introspection_c/rosbridge_test_msgs/msg/detail/test_float32_bounded_array__type_support.c.o\x1b[0m\n'}
[88.944999] (-) TimerEvent: {}
[89.049381] (-) TimerEvent: {}
[89.148586] (rosbridge_test_msgs) StdoutLine: {'line': b'[ 34%] \x1b[32mBuilding C object CMakeFiles/rosbridge_test_msgs__rosidl_typesupport_introspection_c.dir/rosidl_typesupport_introspection_c/rosbridge_test_msgs/msg/detail/test_nested_bounded_array__type_support.c.o\x1b[0m\n'}
[89.149618] (-) TimerEvent: {}
[89.253718] (-) TimerEvent: {}
[89.354901] (-) TimerEvent: {}
[89.420472] (rosbridge_test_msgs) StdoutLine: {'line': b'[ 34%] \x1b[32mBuilding C object CMakeFiles/rosbridge_test_msgs__rosidl_typesupport_introspection_c.dir/rosidl_typesupport_introspection_c/rosbridge_test_msgs/srv/detail/add_two_ints__type_support.c.o\x1b[0m\n'}
[89.455095] (-) TimerEvent: {}
[89.558708] (-) TimerEvent: {}
[89.661391] (-) TimerEvent: {}
[89.757027] (rosbridge_test_msgs) StdoutLine: {'line': b'[ 35%] \x1b[32mBuilding C object CMakeFiles/rosbridge_test_msgs__rosidl_typesupport_introspection_c.dir/rosidl_typesupport_introspection_c/rosbridge_test_msgs/srv/detail/send_bytes__type_support.c.o\x1b[0m\n'}
[89.763381] (-) TimerEvent: {}
[89.853116] (rosbridge_test_msgs) StdoutLine: {'line': b'[ 35%] \x1b[32mBuilding CXX object CMakeFiles/rosbridge_test_msgs__rosidl_typesupport_cpp.dir/rosidl_typesupport_cpp/rosbridge_test_msgs/msg/test_header__type_support.cpp.o\x1b[0m\n'}
[89.863578] (-) TimerEvent: {}
[89.965942] (-) TimerEvent: {}
[90.068783] (-) TimerEvent: {}
[90.081559] (rosbridge_test_msgs) StdoutLine: {'line': b'[ 35%] \x1b[32mBuilding C object CMakeFiles/rosbridge_test_msgs__rosidl_typesupport_introspection_c.dir/rosidl_typesupport_introspection_c/rosbridge_test_msgs/srv/detail/test_array_request__type_support.c.o\x1b[0m\n'}
[90.168983] (-) TimerEvent: {}
[90.271631] (-) TimerEvent: {}
[90.526392] (-) TimerEvent: {}
[90.583446] (rosbridge_test_msgs) StdoutLine: {'line': b'[ 35%] \x1b[32mBuilding C object CMakeFiles/rosbridge_test_msgs__rosidl_typesupport_introspection_c.dir/rosidl_typesupport_introspection_c/rosbridge_test_msgs/srv/detail/test_empty__type_support.c.o\x1b[0m\n'}
[90.626649] (-) TimerEvent: {}
[90.727934] (-) TimerEvent: {}
[90.830350] (-) TimerEvent: {}
[90.932315] (-) TimerEvent: {}
[90.981123] (rosbridge_test_msgs) StdoutLine: {'line': b'[ 36%] \x1b[32mBuilding C object CMakeFiles/rosbridge_test_msgs__rosidl_typesupport_introspection_c.dir/rosidl_typesupport_introspection_c/rosbridge_test_msgs/srv/detail/test_multiple_request_fields__type_support.c.o\x1b[0m\n'}
[91.033190] (-) TimerEvent: {}
[91.135605] (-) TimerEvent: {}
[91.237850] (-) TimerEvent: {}
[91.338721] (-) TimerEvent: {}
[91.405553] (rosbridge_test_msgs) StdoutLine: {'line': b'[ 36%] \x1b[32mBuilding C object CMakeFiles/rosbridge_test_msgs__rosidl_typesupport_introspection_c.dir/rosidl_typesupport_introspection_c/rosbridge_test_msgs/srv/detail/test_multiple_response_fields__type_support.c.o\x1b[0m\n'}
[91.439281] (-) TimerEvent: {}
[91.542812] (-) TimerEvent: {}
[91.645815] (-) TimerEvent: {}
[91.748896] (-) TimerEvent: {}
[91.832672] (rosbridge_test_msgs) StdoutLine: {'line': b'[ 36%] \x1b[32mBuilding C object CMakeFiles/rosbridge_test_msgs__rosidl_typesupport_introspection_c.dir/rosidl_typesupport_introspection_c/rosbridge_test_msgs/srv/detail/test_nested_service__type_support.c.o\x1b[0m\n'}
[91.849482] (-) TimerEvent: {}
[91.951917] (-) TimerEvent: {}
[92.054592] (-) TimerEvent: {}
[92.088383] (rosbridge_test_msgs) StdoutLine: {'line': b'[ 36%] \x1b[32mBuilding CXX object CMakeFiles/rosbridge_test_msgs__rosidl_typesupport_cpp.dir/rosidl_typesupport_cpp/rosbridge_test_msgs/msg/test_header_two__type_support.cpp.o\x1b[0m\n'}
[92.150378] (rosbridge_test_msgs) StdoutLine: {'line': b'[ 37%] \x1b[32mBuilding CXX object CMakeFiles/rosbridge_test_msgs__rosidl_typesupport_fastrtps_cpp.dir/rosidl_typesupport_fastrtps_cpp/rosbridge_test_msgs/msg/detail/dds_fastrtps/num__type_support.cpp.o\x1b[0m\n'}
[92.154781] (-) TimerEvent: {}
[92.227860] (rosbridge_test_msgs) StdoutLine: {'line': b'[ 38%] \x1b[32mBuilding C object CMakeFiles/rosbridge_test_msgs__rosidl_typesupport_introspection_c.dir/rosidl_typesupport_introspection_c/rosbridge_test_msgs/srv/detail/test_request_and_response__type_support.c.o\x1b[0m\n'}
[92.254999] (-) TimerEvent: {}
[92.358862] (-) TimerEvent: {}
[92.460250] (-) TimerEvent: {}
[92.533657] (rosbridge_test_msgs) StdoutLine: {'line': b'[ 38%] \x1b[32mBuilding C object CMakeFiles/rosbridge_test_msgs__rosidl_typesupport_introspection_c.dir/rosidl_typesupport_introspection_c/rosbridge_test_msgs/srv/detail/test_request_only__type_support.c.o\x1b[0m\n'}
[92.560454] (-) TimerEvent: {}
[92.661376] (-) TimerEvent: {}
[92.763733] (-) TimerEvent: {}
[92.859636] (rosbridge_test_msgs) StdoutLine: {'line': b'[ 38%] \x1b[32mBuilding C object CMakeFiles/rosbridge_test_msgs__rosidl_typesupport_introspection_c.dir/rosidl_typesupport_introspection_c/rosbridge_test_msgs/srv/detail/test_response_only__type_support.c.o\x1b[0m\n'}
[92.863967] (-) TimerEvent: {}
[92.967778] (-) TimerEvent: {}
[93.068646] (-) TimerEvent: {}
[93.170453] (-) TimerEvent: {}
[93.203414] (rosbridge_test_msgs) StdoutLine: {'line': b'[ 38%] \x1b[32mBuilding C object CMakeFiles/rosbridge_test_msgs__rosidl_typesupport_introspection_c.dir/rosidl_typesupport_introspection_c/rosbridge_test_msgs/action/detail/test_empty__type_support.c.o\x1b[0m\n'}
[93.270659] (-) TimerEvent: {}
[93.374804] (-) TimerEvent: {}
[93.475653] (-) TimerEvent: {}
[93.577471] (-) TimerEvent: {}
[93.678396] (-) TimerEvent: {}
[93.708431] (rosbridge_test_msgs) StdoutLine: {'line': b'[ 39%] \x1b[32mBuilding C object CMakeFiles/rosbridge_test_msgs__rosidl_typesupport_introspection_c.dir/rosidl_typesupport_introspection_c/rosbridge_test_msgs/action/detail/test_feedback_and_result__type_support.c.o\x1b[0m\n'}
[93.781430] (-) TimerEvent: {}
[93.882287] (-) TimerEvent: {}
[93.983399] (-) TimerEvent: {}
[94.088475] (-) TimerEvent: {}
[94.189635] (-) TimerEvent: {}
[94.214454] (rosbridge_test_msgs) StdoutLine: {'line': b'[ 40%] \x1b[32mBuilding CXX object CMakeFiles/rosbridge_test_msgs__rosidl_typesupport_cpp.dir/rosidl_typesupport_cpp/rosbridge_test_msgs/msg/test_time_array__type_support.cpp.o\x1b[0m\n'}
[94.259662] (rosbridge_test_msgs) StdoutLine: {'line': b'[ 40%] \x1b[32mBuilding C object CMakeFiles/rosbridge_test_msgs__rosidl_typesupport_introspection_c.dir/rosidl_typesupport_introspection_c/rosbridge_test_msgs/action/detail/test_goal_and_result__type_support.c.o\x1b[0m\n'}
[94.289893] (-) TimerEvent: {}
[94.390747] (-) TimerEvent: {}
[94.398848] (rosbridge_test_msgs) StdoutLine: {'line': b'[ 41%] \x1b[32mBuilding CXX object CMakeFiles/rosbridge_test_msgs__rosidl_typesupport_fastrtps_c.dir/rosidl_typesupport_fastrtps_c/rosbridge_test_msgs/msg/detail/num__type_support_c.cpp.o\x1b[0m\n'}
[94.491067] (-) TimerEvent: {}
[94.594719] (-) TimerEvent: {}
[94.692764] (rosbridge_test_msgs) StdoutLine: {'line': b'[ 41%] \x1b[32mBuilding C object CMakeFiles/rosbridge_test_msgs__rosidl_typesupport_introspection_c.dir/rosidl_typesupport_introspection_c/rosbridge_test_msgs/action/detail/test_goal_feedback_and_result__type_support.c.o\x1b[0m\n'}
[94.696429] (-) TimerEvent: {}
[94.798436] (-) TimerEvent: {}
[94.899243] (-) TimerEvent: {}
[95.000560] (-) TimerEvent: {}
[95.102449] (-) TimerEvent: {}
[95.197445] (rosbridge_test_msgs) StdoutLine: {'line': b'[ 42%] \x1b[32mBuilding C object CMakeFiles/rosbridge_test_msgs__rosidl_typesupport_introspection_c.dir/rosidl_typesupport_introspection_c/rosbridge_test_msgs/action/detail/test_goal_only__type_support.c.o\x1b[0m\n'}
[95.202699] (-) TimerEvent: {}
[95.303625] (-) TimerEvent: {}
[95.406666] (-) TimerEvent: {}
[95.435535] (rosbridge_test_msgs) StdoutLine: {'line': b'[ 42%] \x1b[32mBuilding CXX object CMakeFiles/rosbridge_test_msgs__rosidl_typesupport_fastrtps_cpp.dir/rosidl_typesupport_fastrtps_cpp/rosbridge_test_msgs/msg/detail/dds_fastrtps/test_char__type_support.cpp.o\x1b[0m\n'}
[95.509386] (-) TimerEvent: {}
[95.610253] (-) TimerEvent: {}
[95.712731] (-) TimerEvent: {}
[95.764408] (rosbridge_test_msgs) StdoutLine: {'line': b'[ 42%] \x1b[32mBuilding C object CMakeFiles/rosbridge_test_msgs__rosidl_typesupport_introspection_c.dir/rosidl_typesupport_introspection_c/rosbridge_test_msgs/action/detail/test_multiple_goal_fields__type_support.c.o\x1b[0m\n'}
[95.815439] (-) TimerEvent: {}
[95.916169] (-) TimerEvent: {}
[96.017554] (-) TimerEvent: {}
[96.121740] (-) TimerEvent: {}
[96.222769] (-) TimerEvent: {}
[96.310446] (rosbridge_test_msgs) StdoutLine: {'line': b'[ 42%] \x1b[32mBuilding C object CMakeFiles/rosbridge_test_msgs__rosidl_typesupport_introspection_c.dir/rosidl_typesupport_introspection_c/rosbridge_test_msgs/action/detail/test_result_only__type_support.c.o\x1b[0m\n'}
[96.325388] (-) TimerEvent: {}
[96.366656] (rosbridge_test_msgs) StdoutLine: {'line': b'[ 42%] \x1b[32mBuilding CXX object CMakeFiles/rosbridge_test_msgs__rosidl_typesupport_cpp.dir/rosidl_typesupport_cpp/rosbridge_test_msgs/msg/test_u_int8__type_support.cpp.o\x1b[0m\n'}
[96.428454] (-) TimerEvent: {}
[96.529456] (-) TimerEvent: {}
[96.630629] (-) TimerEvent: {}
[96.734638] (-) TimerEvent: {}
[96.835690] (-) TimerEvent: {}
[96.859316] (rosbridge_test_msgs) StdoutLine: {'line': b'[ 43%] \x1b[32m\x1b[1mLinking C shared library librosbridge_test_msgs__rosidl_typesupport_introspection_c.so\x1b[0m\n'}
[96.935901] (-) TimerEvent: {}
[97.036892] (-) TimerEvent: {}
[97.138504] (-) TimerEvent: {}
[97.244472] (-) TimerEvent: {}
[97.280709] (rosbridge_test_msgs) StdoutLine: {'line': b'[ 43%] Built target rosbridge_test_msgs__rosidl_typesupport_introspection_c\n'}
[97.346423] (-) TimerEvent: {}
[97.357125] (rosbridge_test_msgs) StdoutLine: {'line': b'[ 43%] \x1b[32mBuilding CXX object CMakeFiles/rosbridge_test_msgs__rosidl_typesupport_fastrtps_cpp.dir/rosidl_typesupport_fastrtps_cpp/rosbridge_test_msgs/msg/detail/dds_fastrtps/test_duration_array__type_support.cpp.o\x1b[0m\n'}
[97.426410] (rosbridge_test_msgs) StdoutLine: {'line': b'[ 43%] \x1b[32mBuilding CXX object CMakeFiles/rosbridge_test_msgs__rosidl_typesupport_fastrtps_c.dir/rosidl_typesupport_fastrtps_c/rosbridge_test_msgs/msg/detail/test_char__type_support_c.cpp.o\x1b[0m\n'}
[97.446608] (-) TimerEvent: {}
[97.547371] (-) TimerEvent: {}
[97.651425] (-) TimerEvent: {}
[97.752363] (-) TimerEvent: {}
[97.853097] (-) TimerEvent: {}
[97.953937] (-) TimerEvent: {}
[98.056790] (-) TimerEvent: {}
[98.160444] (-) TimerEvent: {}
[98.261392] (-) TimerEvent: {}
[98.362373] (-) TimerEvent: {}
[98.466027] (-) TimerEvent: {}
[98.489020] (rosbridge_test_msgs) StdoutLine: {'line': b'[ 43%] \x1b[32mBuilding CXX object CMakeFiles/rosbridge_test_msgs__rosidl_typesupport_cpp.dir/rosidl_typesupport_cpp/rosbridge_test_msgs/msg/test_u_int8_fixed_size_array16__type_support.cpp.o\x1b[0m\n'}
[98.568477] (-) TimerEvent: {}
[98.669523] (-) TimerEvent: {}
[98.731529] (rosbridge_test_msgs) StdoutLine: {'line': b'[ 44%] \x1b[34m\x1b[1mGenerating C type support dispatch for ROS interfaces\x1b[0m\n'}
[98.772365] (-) TimerEvent: {}
[98.873427] (-) TimerEvent: {}
[98.974523] (-) TimerEvent: {}
[99.076756] (-) TimerEvent: {}
[99.180831] (-) TimerEvent: {}
[99.285420] (-) TimerEvent: {}
[99.386351] (-) TimerEvent: {}
[99.489502] (-) TimerEvent: {}
[99.592399] (-) TimerEvent: {}
[99.693379] (-) TimerEvent: {}
[99.794426] (-) TimerEvent: {}
[99.898824] (-) TimerEvent: {}
[100.001623] (-) TimerEvent: {}
[100.103277] (-) TimerEvent: {}
[100.205741] (-) TimerEvent: {}
[100.308306] (-) TimerEvent: {}
[100.411663] (-) TimerEvent: {}
[100.475079] (rosbridge_test_msgs) StdoutLine: {'line': b'[ 44%] \x1b[32mBuilding CXX object CMakeFiles/rosbridge_test_msgs__rosidl_typesupport_fastrtps_c.dir/rosidl_typesupport_fastrtps_c/rosbridge_test_msgs/msg/detail/test_duration_array__type_support_c.cpp.o\x1b[0m\n'}
[100.514404] (-) TimerEvent: {}
[100.615761] (-) TimerEvent: {}
[100.718769] (-) TimerEvent: {}
[100.766946] (rosbridge_test_msgs) StdoutLine: {'line': b'[ 45%] \x1b[32mBuilding CXX object CMakeFiles/rosbridge_test_msgs__rosidl_typesupport_fastrtps_cpp.dir/rosidl_typesupport_fastrtps_cpp/rosbridge_test_msgs/msg/detail/dds_fastrtps/test_header_array__type_support.cpp.o\x1b[0m\n'}
[100.821371] (-) TimerEvent: {}
[100.837647] (rosbridge_test_msgs) StdoutLine: {'line': b'[ 46%] \x1b[32mBuilding CXX object CMakeFiles/rosbridge_test_msgs__rosidl_typesupport_cpp.dir/rosidl_typesupport_cpp/rosbridge_test_msgs/msg/test_float32_array__type_support.cpp.o\x1b[0m\n'}
[100.921555] (-) TimerEvent: {}
[101.022311] (-) TimerEvent: {}
[101.122908] (-) TimerEvent: {}
[101.224386] (-) TimerEvent: {}
[101.327741] (-) TimerEvent: {}
[101.431388] (-) TimerEvent: {}
[101.532324] (-) TimerEvent: {}
[101.634420] (-) TimerEvent: {}
[101.735658] (-) TimerEvent: {}
[101.838789] (-) TimerEvent: {}
[101.941758] (-) TimerEvent: {}
[102.044773] (-) TimerEvent: {}
[102.148395] (-) TimerEvent: {}
[102.249182] (-) TimerEvent: {}
[102.350263] (-) TimerEvent: {}
[102.454709] (-) TimerEvent: {}
[102.555651] (-) TimerEvent: {}
[102.657315] (-) TimerEvent: {}
[102.761755] (-) TimerEvent: {}
[102.862623] (-) TimerEvent: {}
[102.923652] (rosbridge_test_msgs) StdoutLine: {'line': b'[ 46%] \x1b[32mBuilding CXX object CMakeFiles/rosbridge_test_msgs__rosidl_typesupport_cpp.dir/rosidl_typesupport_cpp/rosbridge_test_msgs/msg/test_float32_bounded_array__type_support.cpp.o\x1b[0m\n'}
[102.963436] (-) TimerEvent: {}
[103.067716] (-) TimerEvent: {}
[103.168529] (-) TimerEvent: {}
[103.272381] (-) TimerEvent: {}
[103.373338] (-) TimerEvent: {}
[103.476408] (-) TimerEvent: {}
[103.541646] (rosbridge_test_msgs) StdoutLine: {'line': b'[ 47%] \x1b[32mBuilding CXX object CMakeFiles/rosbridge_test_msgs__rosidl_typesupport_fastrtps_c.dir/rosidl_typesupport_fastrtps_c/rosbridge_test_msgs/msg/detail/test_header_array__type_support_c.cpp.o\x1b[0m\n'}
[103.576604] (-) TimerEvent: {}
[103.679358] (-) TimerEvent: {}
[103.782834] (-) TimerEvent: {}
[103.883777] (-) TimerEvent: {}
[103.986917] (-) TimerEvent: {}
[104.045147] (rosbridge_test_msgs) StdoutLine: {'line': b'[ 47%] \x1b[32mBuilding CXX object CMakeFiles/rosbridge_test_msgs__rosidl_typesupport_fastrtps_cpp.dir/rosidl_typesupport_fastrtps_cpp/rosbridge_test_msgs/msg/detail/dds_fastrtps/test_header__type_support.cpp.o\x1b[0m\n'}
[104.088336] (-) TimerEvent: {}
[104.190745] (-) TimerEvent: {}
[104.292712] (-) TimerEvent: {}
[104.394147] (-) TimerEvent: {}
[104.497605] (-) TimerEvent: {}
[104.599936] (-) TimerEvent: {}
[104.702304] (-) TimerEvent: {}
[104.803830] (-) TimerEvent: {}
[104.906820] (-) TimerEvent: {}
[104.923604] (rosbridge_test_msgs) StdoutLine: {'line': b'[ 47%] \x1b[32mBuilding CXX object CMakeFiles/rosbridge_test_msgs__rosidl_typesupport_cpp.dir/rosidl_typesupport_cpp/rosbridge_test_msgs/msg/test_nested_bounded_array__type_support.cpp.o\x1b[0m\n'}
[105.008375] (-) TimerEvent: {}
[105.109349] (-) TimerEvent: {}
[105.213666] (-) TimerEvent: {}
[105.314693] (-) TimerEvent: {}
[105.416073] (-) TimerEvent: {}
[105.519800] (-) TimerEvent: {}
[105.620659] (-) TimerEvent: {}
[105.724832] (-) TimerEvent: {}
[105.825898] (-) TimerEvent: {}
[105.929725] (-) TimerEvent: {}
[106.030635] (-) TimerEvent: {}
[106.133276] (-) TimerEvent: {}
[106.237393] (-) TimerEvent: {}
[106.338417] (-) TimerEvent: {}
[106.442381] (-) TimerEvent: {}
[106.485443] (rosbridge_test_msgs) StdoutLine: {'line': b'[ 47%] \x1b[32mBuilding CXX object CMakeFiles/rosbridge_test_msgs__rosidl_typesupport_fastrtps_c.dir/rosidl_typesupport_fastrtps_c/rosbridge_test_msgs/msg/detail/test_header__type_support_c.cpp.o\x1b[0m\n'}
[106.542683] (-) TimerEvent: {}
[106.646857] (-) TimerEvent: {}
[106.749689] (-) TimerEvent: {}
[106.852789] (-) TimerEvent: {}
[106.955729] (-) TimerEvent: {}
[107.059614] (-) TimerEvent: {}
[107.156521] (rosbridge_test_msgs) StdoutLine: {'line': b'[ 48%] \x1b[32mBuilding CXX object CMakeFiles/rosbridge_test_msgs__rosidl_typesupport_cpp.dir/rosidl_typesupport_cpp/rosbridge_test_msgs/srv/add_two_ints__type_support.cpp.o\x1b[0m\n'}
[107.159867] (-) TimerEvent: {}
[107.263404] (-) TimerEvent: {}
[107.364278] (-) TimerEvent: {}
[107.465288] (-) TimerEvent: {}
[107.567645] (-) TimerEvent: {}
[107.592924] (rosbridge_test_msgs) StdoutLine: {'line': b'[ 48%] \x1b[32mBuilding CXX object CMakeFiles/rosbridge_test_msgs__rosidl_typesupport_fastrtps_cpp.dir/rosidl_typesupport_fastrtps_cpp/rosbridge_test_msgs/msg/detail/dds_fastrtps/test_header_two__type_support.cpp.o\x1b[0m\n'}
[107.667937] (-) TimerEvent: {}
[107.769770] (-) TimerEvent: {}
[107.873477] (-) TimerEvent: {}
[107.974433] (-) TimerEvent: {}
[108.077771] (-) TimerEvent: {}
[108.180176] (-) TimerEvent: {}
[108.284073] (-) TimerEvent: {}
[108.385312] (-) TimerEvent: {}
[108.488814] (-) TimerEvent: {}
[108.589917] (-) TimerEvent: {}
[108.657652] (rosbridge_test_msgs) StdoutLine: {'line': b'[ 48%] \x1b[32mBuilding CXX object CMakeFiles/rosbridge_test_msgs__rosidl_typesupport_c.dir/rosidl_typesupport_c/rosbridge_test_msgs/msg/num__type_support.cpp.o\x1b[0m\n'}
[108.691441] (-) TimerEvent: {}
[108.794392] (-) TimerEvent: {}
[108.895409] (-) TimerEvent: {}
[108.990199] (rosbridge_test_msgs) StdoutLine: {'line': b'[ 48%] \x1b[32mBuilding CXX object CMakeFiles/rosbridge_test_msgs__rosidl_typesupport_c.dir/rosidl_typesupport_c/rosbridge_test_msgs/msg/test_char__type_support.cpp.o\x1b[0m\n'}
[108.997013] (-) TimerEvent: {}
[109.102764] (-) TimerEvent: {}
[109.203726] (-) TimerEvent: {}
[109.306765] (-) TimerEvent: {}
[109.328582] (rosbridge_test_msgs) StdoutLine: {'line': b'[ 49%] \x1b[32mBuilding CXX object CMakeFiles/rosbridge_test_msgs__rosidl_typesupport_c.dir/rosidl_typesupport_c/rosbridge_test_msgs/msg/test_duration_array__type_support.cpp.o\x1b[0m\n'}
[109.406983] (-) TimerEvent: {}
[109.447282] (rosbridge_test_msgs) StdoutLine: {'line': b'[ 49%] \x1b[32mBuilding CXX object CMakeFiles/rosbridge_test_msgs__rosidl_typesupport_fastrtps_c.dir/rosidl_typesupport_fastrtps_c/rosbridge_test_msgs/msg/detail/test_header_two__type_support_c.cpp.o\x1b[0m\n'}
[109.507259] (-) TimerEvent: {}
[109.610742] (-) TimerEvent: {}
[109.637601] (rosbridge_test_msgs) StdoutLine: {'line': b'[ 49%] \x1b[32mBuilding CXX object CMakeFiles/rosbridge_test_msgs__rosidl_typesupport_c.dir/rosidl_typesupport_c/rosbridge_test_msgs/msg/test_header_array__type_support.cpp.o\x1b[0m\n'}
[109.712449] (-) TimerEvent: {}
[109.815406] (-) TimerEvent: {}
[109.916312] (-) TimerEvent: {}
[109.940843] (rosbridge_test_msgs) StdoutLine: {'line': b'[ 49%] \x1b[32mBuilding CXX object CMakeFiles/rosbridge_test_msgs__rosidl_typesupport_c.dir/rosidl_typesupport_c/rosbridge_test_msgs/msg/test_header__type_support.cpp.o\x1b[0m\n'}
[110.016570] (-) TimerEvent: {}
[110.119279] (-) TimerEvent: {}
[110.174489] (rosbridge_test_msgs) StdoutLine: {'line': b'[ 49%] \x1b[32mBuilding CXX object CMakeFiles/rosbridge_test_msgs__rosidl_typesupport_cpp.dir/rosidl_typesupport_cpp/rosbridge_test_msgs/srv/send_bytes__type_support.cpp.o\x1b[0m\n'}
[110.219443] (-) TimerEvent: {}
[110.261610] (rosbridge_test_msgs) StdoutLine: {'line': b'[ 50%] \x1b[32mBuilding CXX object CMakeFiles/rosbridge_test_msgs__rosidl_typesupport_c.dir/rosidl_typesupport_c/rosbridge_test_msgs/msg/test_header_two__type_support.cpp.o\x1b[0m\n'}
[110.321410] (-) TimerEvent: {}
[110.422279] (-) TimerEvent: {}
[110.629764] (rosbridge_test_msgs) StdoutLine: {'line': b'[ 50%] \x1b[32mBuilding CXX object CMakeFiles/rosbridge_test_msgs__rosidl_typesupport_c.dir/rosidl_typesupport_c/rosbridge_test_msgs/msg/test_time_array__type_support.cpp.o\x1b[0m\n'}
[110.630625] (-) TimerEvent: {}
[110.680673] (rosbridge_test_msgs) StdoutLine: {'line': b'[ 51%] \x1b[32mBuilding CXX object CMakeFiles/rosbridge_test_msgs__rosidl_typesupport_fastrtps_cpp.dir/rosidl_typesupport_fastrtps_cpp/rosbridge_test_msgs/msg/detail/dds_fastrtps/test_time_array__type_support.cpp.o\x1b[0m\n'}
[110.730947] (-) TimerEvent: {}
[110.835823] (-) TimerEvent: {}
[110.935974] (rosbridge_test_msgs) StdoutLine: {'line': b'[ 51%] \x1b[32mBuilding CXX object CMakeFiles/rosbridge_test_msgs__rosidl_typesupport_c.dir/rosidl_typesupport_c/rosbridge_test_msgs/msg/test_u_int8__type_support.cpp.o\x1b[0m\n'}
[110.936816] (-) TimerEvent: {}
[111.040760] (-) TimerEvent: {}
[111.141621] (-) TimerEvent: {}
[111.241980] (rosbridge_test_msgs) StdoutLine: {'line': b'[ 52%] \x1b[32mBuilding CXX object CMakeFiles/rosbridge_test_msgs__rosidl_typesupport_c.dir/rosidl_typesupport_c/rosbridge_test_msgs/msg/test_u_int8_fixed_size_array16__type_support.cpp.o\x1b[0m\n'}
[111.243180] (-) TimerEvent: {}
[111.346279] (-) TimerEvent: {}
[111.448793] (-) TimerEvent: {}
[111.549801] (rosbridge_test_msgs) StdoutLine: {'line': b'[ 52%] \x1b[32mBuilding CXX object CMakeFiles/rosbridge_test_msgs__rosidl_typesupport_c.dir/rosidl_typesupport_c/rosbridge_test_msgs/msg/test_float32_array__type_support.cpp.o\x1b[0m\n'}
[111.550947] (-) TimerEvent: {}
[111.654324] (-) TimerEvent: {}
[111.758407] (-) TimerEvent: {}
[111.859370] (-) TimerEvent: {}
[111.870891] (rosbridge_test_msgs) StdoutLine: {'line': b'[ 52%] \x1b[32mBuilding CXX object CMakeFiles/rosbridge_test_msgs__rosidl_typesupport_c.dir/rosidl_typesupport_c/rosbridge_test_msgs/msg/test_float32_bounded_array__type_support.cpp.o\x1b[0m\n'}
[111.961427] (-) TimerEvent: {}
[112.062351] (-) TimerEvent: {}
[112.166427] (-) TimerEvent: {}
[112.259038] (rosbridge_test_msgs) StdoutLine: {'line': b'[ 52%] \x1b[32mBuilding CXX object CMakeFiles/rosbridge_test_msgs__rosidl_typesupport_c.dir/rosidl_typesupport_c/rosbridge_test_msgs/msg/test_nested_bounded_array__type_support.cpp.o\x1b[0m\n'}
[112.266627] (-) TimerEvent: {}
[112.271866] (rosbridge_test_msgs) StdoutLine: {'line': b'[ 53%] \x1b[32mBuilding CXX object CMakeFiles/rosbridge_test_msgs__rosidl_typesupport_fastrtps_c.dir/rosidl_typesupport_fastrtps_c/rosbridge_test_msgs/msg/detail/test_time_array__type_support_c.cpp.o\x1b[0m\n'}
[112.369408] (-) TimerEvent: {}
[112.470309] (-) TimerEvent: {}
[112.575441] (-) TimerEvent: {}
[112.616754] (rosbridge_test_msgs) StdoutLine: {'line': b'[ 54%] \x1b[32mBuilding CXX object CMakeFiles/rosbridge_test_msgs__rosidl_typesupport_c.dir/rosidl_typesupport_c/rosbridge_test_msgs/srv/add_two_ints__type_support.cpp.o\x1b[0m\n'}
[112.675017] (rosbridge_test_msgs) StdoutLine: {'line': b'[ 54%] \x1b[32mBuilding CXX object CMakeFiles/rosbridge_test_msgs__rosidl_typesupport_cpp.dir/rosidl_typesupport_cpp/rosbridge_test_msgs/srv/test_array_request__type_support.cpp.o\x1b[0m\n'}
[112.676187] (-) TimerEvent: {}
[112.779770] (-) TimerEvent: {}
[112.883442] (-) TimerEvent: {}
[112.984482] (-) TimerEvent: {}
[112.993688] (rosbridge_test_msgs) StdoutLine: {'line': b'[ 54%] \x1b[32mBuilding CXX object CMakeFiles/rosbridge_test_msgs__rosidl_typesupport_c.dir/rosidl_typesupport_c/rosbridge_test_msgs/srv/send_bytes__type_support.cpp.o\x1b[0m\n'}
[113.086497] (-) TimerEvent: {}
[113.188313] (-) TimerEvent: {}
[113.290008] (-) TimerEvent: {}
[113.392708] (-) TimerEvent: {}
[113.407390] (rosbridge_test_msgs) StdoutLine: {'line': b'[ 54%] \x1b[32mBuilding CXX object CMakeFiles/rosbridge_test_msgs__rosidl_typesupport_c.dir/rosidl_typesupport_c/rosbridge_test_msgs/srv/test_array_request__type_support.cpp.o\x1b[0m\n'}
[113.493112] (-) TimerEvent: {}
[113.595734] (-) TimerEvent: {}
[113.698063] (-) TimerEvent: {}
[113.801268] (-) TimerEvent: {}
[113.844615] (rosbridge_test_msgs) StdoutLine: {'line': b'[ 55%] \x1b[32mBuilding CXX object CMakeFiles/rosbridge_test_msgs__rosidl_typesupport_c.dir/rosidl_typesupport_c/rosbridge_test_msgs/srv/test_empty__type_support.cpp.o\x1b[0m\n'}
[113.901973] (-) TimerEvent: {}
[114.005550] (-) TimerEvent: {}
[114.087185] (rosbridge_test_msgs) StdoutLine: {'line': b'[ 55%] \x1b[32mBuilding CXX object CMakeFiles/rosbridge_test_msgs__rosidl_typesupport_fastrtps_cpp.dir/rosidl_typesupport_fastrtps_cpp/rosbridge_test_msgs/msg/detail/dds_fastrtps/test_u_int8__type_support.cpp.o\x1b[0m\n'}
[114.107389] (-) TimerEvent: {}
[114.208360] (-) TimerEvent: {}
[114.261502] (rosbridge_test_msgs) StdoutLine: {'line': b'[ 55%] \x1b[32mBuilding CXX object CMakeFiles/rosbridge_test_msgs__rosidl_typesupport_c.dir/rosidl_typesupport_c/rosbridge_test_msgs/srv/test_multiple_request_fields__type_support.cpp.o\x1b[0m\n'}
[114.310442] (-) TimerEvent: {}
[114.411382] (-) TimerEvent: {}
[114.514398] (-) TimerEvent: {}
[114.615166] (-) TimerEvent: {}
[114.635901] (rosbridge_test_msgs) StdoutLine: {'line': b'[ 55%] \x1b[32mBuilding CXX object CMakeFiles/rosbridge_test_msgs__rosidl_typesupport_c.dir/rosidl_typesupport_c/rosbridge_test_msgs/srv/test_multiple_response_fields__type_support.cpp.o\x1b[0m\n'}
[114.716399] (-) TimerEvent: {}
[114.820735] (-) TimerEvent: {}
[114.921585] (-) TimerEvent: {}
[114.980731] (rosbridge_test_msgs) StdoutLine: {'line': b'[ 56%] \x1b[32mBuilding CXX object CMakeFiles/rosbridge_test_msgs__rosidl_typesupport_c.dir/rosidl_typesupport_c/rosbridge_test_msgs/srv/test_nested_service__type_support.cpp.o\x1b[0m\n'}
[115.022975] (-) TimerEvent: {}
[115.125793] (-) TimerEvent: {}
[115.228741] (-) TimerEvent: {}
[115.244512] (rosbridge_test_msgs) StdoutLine: {'line': b'[ 56%] \x1b[32mBuilding CXX object CMakeFiles/rosbridge_test_msgs__rosidl_typesupport_fastrtps_c.dir/rosidl_typesupport_fastrtps_c/rosbridge_test_msgs/msg/detail/test_u_int8__type_support_c.cpp.o\x1b[0m\n'}
[115.331586] (-) TimerEvent: {}
[115.343349] (rosbridge_test_msgs) StdoutLine: {'line': b'[ 56%] \x1b[32mBuilding CXX object CMakeFiles/rosbridge_test_msgs__rosidl_typesupport_c.dir/rosidl_typesupport_c/rosbridge_test_msgs/srv/test_request_and_response__type_support.cpp.o\x1b[0m\n'}
[115.347539] (rosbridge_test_msgs) StdoutLine: {'line': b'[ 57%] \x1b[32mBuilding CXX object CMakeFiles/rosbridge_test_msgs__rosidl_typesupport_cpp.dir/rosidl_typesupport_cpp/rosbridge_test_msgs/srv/test_empty__type_support.cpp.o\x1b[0m\n'}
[115.431783] (-) TimerEvent: {}
[115.534737] (-) TimerEvent: {}
[115.636170] (-) TimerEvent: {}
[115.700396] (rosbridge_test_msgs) StdoutLine: {'line': b'[ 57%] \x1b[32mBuilding CXX object CMakeFiles/rosbridge_test_msgs__rosidl_typesupport_c.dir/rosidl_typesupport_c/rosbridge_test_msgs/srv/test_request_only__type_support.cpp.o\x1b[0m\n'}
[115.736458] (-) TimerEvent: {}
[115.838627] (-) TimerEvent: {}
[115.941390] (-) TimerEvent: {}
[116.042399] (-) TimerEvent: {}
[116.050391] (rosbridge_test_msgs) StdoutLine: {'line': b'[ 58%] \x1b[32mBuilding CXX object CMakeFiles/rosbridge_test_msgs__rosidl_typesupport_c.dir/rosidl_typesupport_c/rosbridge_test_msgs/srv/test_response_only__type_support.cpp.o\x1b[0m\n'}
[116.142618] (-) TimerEvent: {}
[116.243499] (-) TimerEvent: {}
[116.345681] (-) TimerEvent: {}
[116.406413] (rosbridge_test_msgs) StdoutLine: {'line': b'[ 58%] \x1b[32mBuilding CXX object CMakeFiles/rosbridge_test_msgs__rosidl_typesupport_c.dir/rosidl_typesupport_c/rosbridge_test_msgs/action/test_empty__type_support.cpp.o\x1b[0m\n'}
[116.445971] (-) TimerEvent: {}
[116.548431] (-) TimerEvent: {}
[116.650006] (-) TimerEvent: {}
[116.752746] (-) TimerEvent: {}
[116.856733] (-) TimerEvent: {}
[116.915692] (rosbridge_test_msgs) StdoutLine: {'line': b'[ 58%] \x1b[32mBuilding CXX object CMakeFiles/rosbridge_test_msgs__rosidl_typesupport_c.dir/rosidl_typesupport_c/rosbridge_test_msgs/action/test_feedback_and_result__type_support.cpp.o\x1b[0m\n'}
[116.957451] (-) TimerEvent: {}
[117.060863] (-) TimerEvent: {}
[117.162820] (-) TimerEvent: {}
[117.267457] (-) TimerEvent: {}
[117.340531] (rosbridge_test_msgs) StdoutLine: {'line': b'[ 59%] \x1b[32mBuilding CXX object CMakeFiles/rosbridge_test_msgs__rosidl_typesupport_c.dir/rosidl_typesupport_c/rosbridge_test_msgs/action/test_goal_and_result__type_support.cpp.o\x1b[0m\n'}
[117.368511] (-) TimerEvent: {}
[117.470655] (-) TimerEvent: {}
[117.573407] (-) TimerEvent: {}
[117.623619] (rosbridge_test_msgs) StdoutLine: {'line': b'[ 59%] \x1b[32mBuilding CXX object CMakeFiles/rosbridge_test_msgs__rosidl_typesupport_fastrtps_cpp.dir/rosidl_typesupport_fastrtps_cpp/rosbridge_test_msgs/msg/detail/dds_fastrtps/test_u_int8_fixed_size_array16__type_support.cpp.o\x1b[0m\n'}
[117.673643] (-) TimerEvent: {}
[117.774740] (-) TimerEvent: {}
[117.793623] (rosbridge_test_msgs) StdoutLine: {'line': b'[ 59%] \x1b[32mBuilding CXX object CMakeFiles/rosbridge_test_msgs__rosidl_typesupport_c.dir/rosidl_typesupport_c/rosbridge_test_msgs/action/test_goal_feedback_and_result__type_support.cpp.o\x1b[0m\n'}
[117.874936] (-) TimerEvent: {}
[117.975757] (-) TimerEvent: {}
[118.077564] (-) TimerEvent: {}
[118.178991] (-) TimerEvent: {}
[118.257448] (rosbridge_test_msgs) StdoutLine: {'line': b'[ 59%] \x1b[32mBuilding CXX object CMakeFiles/rosbridge_test_msgs__rosidl_typesupport_cpp.dir/rosidl_typesupport_cpp/rosbridge_test_msgs/srv/test_multiple_request_fields__type_support.cpp.o\x1b[0m\n'}
[118.262403] (rosbridge_test_msgs) StdoutLine: {'line': b'[ 59%] \x1b[32mBuilding CXX object CMakeFiles/rosbridge_test_msgs__rosidl_typesupport_fastrtps_c.dir/rosidl_typesupport_fastrtps_c/rosbridge_test_msgs/msg/detail/test_u_int8_fixed_size_array16__type_support_c.cpp.o\x1b[0m\n'}
[118.278455] (rosbridge_test_msgs) StdoutLine: {'line': b'[ 59%] \x1b[32mBuilding CXX object CMakeFiles/rosbridge_test_msgs__rosidl_typesupport_c.dir/rosidl_typesupport_c/rosbridge_test_msgs/action/test_goal_only__type_support.cpp.o\x1b[0m\n'}
[118.279172] (-) TimerEvent: {}
[118.379860] (-) TimerEvent: {}
[118.480595] (-) TimerEvent: {}
[118.584614] (-) TimerEvent: {}
[118.685390] (-) TimerEvent: {}
[118.786897] (-) TimerEvent: {}
[118.859103] (rosbridge_test_msgs) StdoutLine: {'line': b'[ 60%] \x1b[32mBuilding CXX object CMakeFiles/rosbridge_test_msgs__rosidl_typesupport_c.dir/rosidl_typesupport_c/rosbridge_test_msgs/action/test_multiple_goal_fields__type_support.cpp.o\x1b[0m\n'}
[118.887676] (-) TimerEvent: {}
[118.988922] (-) TimerEvent: {}
[119.090986] (-) TimerEvent: {}
[119.193961] (-) TimerEvent: {}
[119.295723] (-) TimerEvent: {}
[119.389336] (rosbridge_test_msgs) StdoutLine: {'line': b'[ 60%] \x1b[32mBuilding CXX object CMakeFiles/rosbridge_test_msgs__rosidl_typesupport_c.dir/rosidl_typesupport_c/rosbridge_test_msgs/action/test_result_only__type_support.cpp.o\x1b[0m\n'}
[119.397427] (-) TimerEvent: {}
[119.501458] (-) TimerEvent: {}
[119.602387] (-) TimerEvent: {}
[119.705762] (-) TimerEvent: {}
[119.809448] (-) TimerEvent: {}
[119.910430] (-) TimerEvent: {}
[119.928434] (rosbridge_test_msgs) StdoutLine: {'line': b'[ 60%] \x1b[32m\x1b[1mLinking CXX shared library librosbridge_test_msgs__rosidl_typesupport_c.so\x1b[0m\n'}
[120.012426] (-) TimerEvent: {}
[120.113337] (-) TimerEvent: {}
[120.216402] (-) TimerEvent: {}
[120.317381] (-) TimerEvent: {}
[120.420386] (-) TimerEvent: {}
[120.521110] (-) TimerEvent: {}
[120.621987] (-) TimerEvent: {}
[120.722775] (-) TimerEvent: {}
[120.741146] (rosbridge_test_msgs) StdoutLine: {'line': b'[ 60%] Built target rosbridge_test_msgs__rosidl_typesupport_c\n'}
[120.818736] (rosbridge_test_msgs) StdoutLine: {'line': b'[ 61%] \x1b[32mBuilding CXX object CMakeFiles/rosbridge_test_msgs__rosidl_typesupport_fastrtps_c.dir/rosidl_typesupport_fastrtps_c/rosbridge_test_msgs/msg/detail/test_float32_array__type_support_c.cpp.o\x1b[0m\n'}
[120.823970] (-) TimerEvent: {}
[120.850405] (rosbridge_test_msgs) StdoutLine: {'line': b'[ 61%] \x1b[32mBuilding CXX object CMakeFiles/rosbridge_test_msgs__rosidl_typesupport_fastrtps_cpp.dir/rosidl_typesupport_fastrtps_cpp/rosbridge_test_msgs/msg/detail/dds_fastrtps/test_float32_array__type_support.cpp.o\x1b[0m\n'}
[120.925329] (-) TimerEvent: {}
[121.026130] (-) TimerEvent: {}
[121.128155] (-) TimerEvent: {}
[121.144456] (rosbridge_test_msgs) StdoutLine: {'line': b'[ 62%] \x1b[32mBuilding CXX object CMakeFiles/rosbridge_test_msgs__rosidl_typesupport_fastrtps_cpp.dir/rosidl_typesupport_fastrtps_cpp/rosbridge_test_msgs/msg/detail/dds_fastrtps/test_float32_bounded_array__type_support.cpp.o\x1b[0m\n'}
[121.199749] (rosbridge_test_msgs) StdoutLine: {'line': b'[ 62%] \x1b[32mBuilding CXX object CMakeFiles/rosbridge_test_msgs__rosidl_typesupport_cpp.dir/rosidl_typesupport_cpp/rosbridge_test_msgs/srv/test_multiple_response_fields__type_support.cpp.o\x1b[0m\n'}
[121.228388] (-) TimerEvent: {}
[121.330670] (-) TimerEvent: {}
[121.432364] (-) TimerEvent: {}
[121.534184] (-) TimerEvent: {}
[121.635286] (-) TimerEvent: {}
[121.737564] (-) TimerEvent: {}
[121.840008] (-) TimerEvent: {}
[121.942479] (-) TimerEvent: {}
[122.045038] (-) TimerEvent: {}
[122.147888] (-) TimerEvent: {}
[122.251925] (-) TimerEvent: {}
[122.353411] (-) TimerEvent: {}
[122.455109] (-) TimerEvent: {}
[122.557514] (-) TimerEvent: {}
[122.658522] (-) TimerEvent: {}
[122.762448] (-) TimerEvent: {}
[122.863399] (-) TimerEvent: {}
[122.967409] (-) TimerEvent: {}
[123.068373] (-) TimerEvent: {}
[123.173537] (-) TimerEvent: {}
[123.274855] (-) TimerEvent: {}
[123.377708] (-) TimerEvent: {}
[123.480257] (-) TimerEvent: {}
[123.583397] (-) TimerEvent: {}
[123.684365] (-) TimerEvent: {}
[123.787457] (-) TimerEvent: {}
[123.826580] (rosbridge_test_msgs) StdoutLine: {'line': b'[ 62%] \x1b[32mBuilding CXX object CMakeFiles/rosbridge_test_msgs__rosidl_typesupport_fastrtps_c.dir/rosidl_typesupport_fastrtps_c/rosbridge_test_msgs/msg/detail/test_float32_bounded_array__type_support_c.cpp.o\x1b[0m\n'}
[123.887730] (-) TimerEvent: {}
[123.990775] (-) TimerEvent: {}
[124.091646] (-) TimerEvent: {}
[124.135875] (rosbridge_test_msgs) StdoutLine: {'line': b'[ 63%] \x1b[32mBuilding CXX object CMakeFiles/rosbridge_test_msgs__rosidl_typesupport_cpp.dir/rosidl_typesupport_cpp/rosbridge_test_msgs/srv/test_nested_service__type_support.cpp.o\x1b[0m\n'}
[124.191847] (-) TimerEvent: {}
[124.292719] (-) TimerEvent: {}
[124.318860] (rosbridge_test_msgs) StdoutLine: {'line': b'[ 63%] \x1b[32mBuilding CXX object CMakeFiles/rosbridge_test_msgs__rosidl_typesupport_fastrtps_cpp.dir/rosidl_typesupport_fastrtps_cpp/rosbridge_test_msgs/msg/detail/dds_fastrtps/test_nested_bounded_array__type_support.cpp.o\x1b[0m\n'}
[124.341508] (rosbridge_test_msgs) StdoutLine: {'line': b'[ 63%] \x1b[34m\x1b[1mGenerating C++ introspection for ROS interfaces\x1b[0m\n'}
[124.394439] (-) TimerEvent: {}
[124.495943] (-) TimerEvent: {}
[124.599145] (-) TimerEvent: {}
[124.701680] (-) TimerEvent: {}
[124.804771] (-) TimerEvent: {}
[124.907388] (-) TimerEvent: {}
[125.008182] (-) TimerEvent: {}
[125.110436] (-) TimerEvent: {}
[125.211360] (-) TimerEvent: {}
[125.313749] (-) TimerEvent: {}
[125.417363] (-) TimerEvent: {}
[125.518328] (-) TimerEvent: {}
[125.622409] (-) TimerEvent: {}
[125.734200] (-) TimerEvent: {}
[125.836397] (-) TimerEvent: {}
[125.937154] (-) TimerEvent: {}
[126.038662] (-) TimerEvent: {}
[126.142802] (-) TimerEvent: {}
[126.243898] (-) TimerEvent: {}
[126.344958] (-) TimerEvent: {}
[126.446693] (-) TimerEvent: {}
[126.550769] (-) TimerEvent: {}
[126.651727] (-) TimerEvent: {}
[126.752633] (-) TimerEvent: {}
[126.761230] (rosbridge_test_msgs) StdoutLine: {'line': b'[ 63%] \x1b[32mBuilding CXX object CMakeFiles/rosbridge_test_msgs__rosidl_typesupport_fastrtps_c.dir/rosidl_typesupport_fastrtps_c/rosbridge_test_msgs/msg/detail/test_nested_bounded_array__type_support_c.cpp.o\x1b[0m\n'}
[126.796371] (rosbridge_test_msgs) StdoutLine: {'line': b'[ 63%] \x1b[32mBuilding CXX object CMakeFiles/rosbridge_test_msgs__rosidl_typesupport_cpp.dir/rosidl_typesupport_cpp/rosbridge_test_msgs/srv/test_request_and_response__type_support.cpp.o\x1b[0m\n'}
[126.854435] (-) TimerEvent: {}
[126.955300] (-) TimerEvent: {}
[127.059359] (-) TimerEvent: {}
[127.160160] (-) TimerEvent: {}
[127.260939] (-) TimerEvent: {}
[127.363697] (-) TimerEvent: {}
[127.466721] (-) TimerEvent: {}
[127.570396] (-) TimerEvent: {}
[127.671301] (-) TimerEvent: {}
[127.772040] (-) TimerEvent: {}
[127.872819] (-) TimerEvent: {}
[127.948374] (rosbridge_test_msgs) StdoutLine: {'line': b'[ 63%] \x1b[32mBuilding CXX object CMakeFiles/rosbridge_test_msgs__rosidl_typesupport_fastrtps_cpp.dir/rosidl_typesupport_fastrtps_cpp/rosbridge_test_msgs/srv/detail/dds_fastrtps/add_two_ints__type_support.cpp.o\x1b[0m\n'}
[127.973083] (-) TimerEvent: {}
[128.075368] (-) TimerEvent: {}
[128.176090] (-) TimerEvent: {}
[128.279380] (-) TimerEvent: {}
[128.380157] (-) TimerEvent: {}
[128.480981] (-) TimerEvent: {}
[128.581792] (-) TimerEvent: {}
[128.683627] (-) TimerEvent: {}
[128.787054] (-) TimerEvent: {}
[128.889064] (-) TimerEvent: {}
[128.993070] (-) TimerEvent: {}
[129.094640] (-) TimerEvent: {}
[129.196163] (-) TimerEvent: {}
[129.298612] (-) TimerEvent: {}
[129.318911] (rosbridge_test_msgs) StdoutLine: {'line': b'[ 63%] \x1b[32mBuilding CXX object CMakeFiles/rosbridge_test_msgs__rosidl_typesupport_cpp.dir/rosidl_typesupport_cpp/rosbridge_test_msgs/srv/test_request_only__type_support.cpp.o\x1b[0m\n'}
[129.401362] (-) TimerEvent: {}
[129.502287] (-) TimerEvent: {}
[129.605680] (-) TimerEvent: {}
[129.706587] (-) TimerEvent: {}
[129.810134] (-) TimerEvent: {}
[129.861426] (rosbridge_test_msgs) StdoutLine: {'line': b'[ 64%] \x1b[32mBuilding CXX object CMakeFiles/rosbridge_test_msgs__rosidl_typesupport_fastrtps_c.dir/rosidl_typesupport_fastrtps_c/rosbridge_test_msgs/srv/detail/add_two_ints__type_support_c.cpp.o\x1b[0m\n'}
[129.910392] (-) TimerEvent: {}
[130.012426] (-) TimerEvent: {}
[130.114405] (-) TimerEvent: {}
[130.217431] (-) TimerEvent: {}
[130.320692] (-) TimerEvent: {}
[130.421652] (-) TimerEvent: {}
[130.525163] (-) TimerEvent: {}
[130.628735] (-) TimerEvent: {}
[130.730976] (-) TimerEvent: {}
[130.834179] (-) TimerEvent: {}
[130.938801] (-) TimerEvent: {}
[131.039743] (-) TimerEvent: {}
[131.143838] (-) TimerEvent: {}
[131.247389] (-) TimerEvent: {}
[131.348415] (-) TimerEvent: {}
[131.451380] (-) TimerEvent: {}
[131.553435] (-) TimerEvent: {}
[131.656423] (-) TimerEvent: {}
[131.757378] (-) TimerEvent: {}
[131.861716] (-) TimerEvent: {}
[131.912555] (rosbridge_test_msgs) StdoutLine: {'line': b'[ 65%] \x1b[32mBuilding CXX object CMakeFiles/rosbridge_test_msgs__rosidl_typesupport_fastrtps_cpp.dir/rosidl_typesupport_fastrtps_cpp/rosbridge_test_msgs/srv/detail/dds_fastrtps/send_bytes__type_support.cpp.o\x1b[0m\n'}
[131.947302] (rosbridge_test_msgs) StdoutLine: {'line': b'[ 66%] \x1b[32mBuilding CXX object CMakeFiles/rosbridge_test_msgs__rosidl_typesupport_cpp.dir/rosidl_typesupport_cpp/rosbridge_test_msgs/srv/test_response_only__type_support.cpp.o\x1b[0m\n'}
[131.961923] (-) TimerEvent: {}
[132.065693] (-) TimerEvent: {}
[132.166533] (-) TimerEvent: {}
[132.268571] (-) TimerEvent: {}
[132.371711] (-) TimerEvent: {}
[132.472638] (-) TimerEvent: {}
[132.576728] (-) TimerEvent: {}
[132.677641] (-) TimerEvent: {}
[132.779289] (-) TimerEvent: {}
[132.883794] (-) TimerEvent: {}
[132.984778] (-) TimerEvent: {}
[133.088392] (-) TimerEvent: {}
[133.189423] (-) TimerEvent: {}
[133.292507] (-) TimerEvent: {}
[133.396399] (-) TimerEvent: {}
[133.497310] (-) TimerEvent: {}
[133.601433] (-) TimerEvent: {}
[133.702496] (-) TimerEvent: {}
[133.704066] (rosbridge_test_msgs) StdoutLine: {'line': b'[ 66%] \x1b[32mBuilding CXX object CMakeFiles/rosbridge_test_msgs__rosidl_typesupport_fastrtps_c.dir/rosidl_typesupport_fastrtps_c/rosbridge_test_msgs/srv/detail/send_bytes__type_support_c.cpp.o\x1b[0m\n'}
[133.804394] (-) TimerEvent: {}
[133.905111] (-) TimerEvent: {}
[134.009385] (-) TimerEvent: {}
[134.110199] (-) TimerEvent: {}
[134.211116] (-) TimerEvent: {}
[134.312036] (-) TimerEvent: {}
[134.416024] (-) TimerEvent: {}
[134.469042] (rosbridge_test_msgs) StdoutLine: {'line': b'[ 66%] \x1b[32mBuilding CXX object CMakeFiles/rosbridge_test_msgs__rosidl_typesupport_cpp.dir/rosidl_typesupport_cpp/rosbridge_test_msgs/action/test_empty__type_support.cpp.o\x1b[0m\n'}
[134.516270] (-) TimerEvent: {}
[134.619794] (-) TimerEvent: {}
[134.722501] (-) TimerEvent: {}
[134.823632] (-) TimerEvent: {}
[134.927753] (-) TimerEvent: {}
[135.028609] (-) TimerEvent: {}
[135.132426] (-) TimerEvent: {}
[135.233339] (-) TimerEvent: {}
[135.334582] (-) TimerEvent: {}
[135.436714] (-) TimerEvent: {}
[135.539642] (-) TimerEvent: {}
[135.640600] (-) TimerEvent: {}
[135.742998] (-) TimerEvent: {}
[136.536005] (rosbridge_test_msgs) StdoutLine: {'line': b'[ 66%] \x1b[32mBuilding CXX object CMakeFiles/rosbridge_test_msgs__rosidl_typesupport_fastrtps_cpp.dir/rosidl_typesupport_fastrtps_cpp/rosbridge_test_msgs/srv/detail/dds_fastrtps/test_array_request__type_support.cpp.o\x1b[0m\n'}
[136.538944] (-) TimerEvent: {}
[136.640298] (-) TimerEvent: {}
[136.743761] (-) TimerEvent: {}
[136.844594] (-) TimerEvent: {}
[136.949401] (-) TimerEvent: {}
[137.025510] (rosbridge_test_msgs) StdoutLine: {'line': b'[ 66%] \x1b[32mBuilding CXX object CMakeFiles/rosbridge_test_msgs__rosidl_typesupport_fastrtps_c.dir/rosidl_typesupport_fastrtps_c/rosbridge_test_msgs/srv/detail/test_array_request__type_support_c.cpp.o\x1b[0m\n'}
[137.049667] (-) TimerEvent: {}
[137.153751] (-) TimerEvent: {}
[137.254572] (-) TimerEvent: {}
[137.358400] (-) TimerEvent: {}
[137.459813] (-) TimerEvent: {}
[137.564661] (-) TimerEvent: {}
[137.665666] (-) TimerEvent: {}
[137.769143] (-) TimerEvent: {}
[137.870898] (-) TimerEvent: {}
[137.976427] (-) TimerEvent: {}
[138.077405] (-) TimerEvent: {}
[138.178842] (-) TimerEvent: {}
[138.281802] (-) TimerEvent: {}
[138.385151] (-) TimerEvent: {}
[138.488564] (-) TimerEvent: {}
[138.593070] (-) TimerEvent: {}
[138.694179] (-) TimerEvent: {}
[138.798781] (-) TimerEvent: {}
[138.899980] (-) TimerEvent: {}
[139.003778] (-) TimerEvent: {}
[139.029353] (rosbridge_test_msgs) StdoutLine: {'line': b'[ 66%] \x1b[32mBuilding CXX object CMakeFiles/rosbridge_test_msgs__rosidl_typesupport_introspection_cpp.dir/rosidl_typesupport_introspection_cpp/rosbridge_test_msgs/msg/detail/num__type_support.cpp.o\x1b[0m\n'}
[139.106468] (-) TimerEvent: {}
[139.209513] (-) TimerEvent: {}
[139.310649] (-) TimerEvent: {}
[139.413372] (-) TimerEvent: {}
[139.514539] (-) TimerEvent: {}
[139.615937] (-) TimerEvent: {}
[139.622005] (rosbridge_test_msgs) StdoutLine: {'line': b'[ 66%] \x1b[32mBuilding CXX object CMakeFiles/rosbridge_test_msgs__rosidl_typesupport_cpp.dir/rosidl_typesupport_cpp/rosbridge_test_msgs/action/test_feedback_and_result__type_support.cpp.o\x1b[0m\n'}
[139.717432] (-) TimerEvent: {}
[139.820397] (-) TimerEvent: {}
[139.921857] (-) TimerEvent: {}
[140.024871] (-) TimerEvent: {}
[140.127793] (-) TimerEvent: {}
[140.230793] (-) TimerEvent: {}
[140.298508] (rosbridge_test_msgs) StdoutLine: {'line': b'[ 67%] \x1b[32mBuilding CXX object CMakeFiles/rosbridge_test_msgs__rosidl_typesupport_fastrtps_c.dir/rosidl_typesupport_fastrtps_c/rosbridge_test_msgs/srv/detail/test_empty__type_support_c.cpp.o\x1b[0m\n'}
[140.331041] (-) TimerEvent: {}
[140.433496] (-) TimerEvent: {}
[140.534351] (-) TimerEvent: {}
[140.636657] (-) TimerEvent: {}
[140.739816] (-) TimerEvent: {}
[140.840808] (-) TimerEvent: {}
[140.944424] (-) TimerEvent: {}
[141.045306] (-) TimerEvent: {}
[141.133290] (rosbridge_test_msgs) StdoutLine: {'line': b'[ 68%] \x1b[32mBuilding CXX object CMakeFiles/rosbridge_test_msgs__rosidl_typesupport_introspection_cpp.dir/rosidl_typesupport_introspection_cpp/rosbridge_test_msgs/msg/detail/test_char__type_support.cpp.o\x1b[0m\n'}
[141.145538] (-) TimerEvent: {}
[141.207460] (rosbridge_test_msgs) StdoutLine: {'line': b'[ 68%] \x1b[32mBuilding CXX object CMakeFiles/rosbridge_test_msgs__rosidl_typesupport_fastrtps_cpp.dir/rosidl_typesupport_fastrtps_cpp/rosbridge_test_msgs/srv/detail/dds_fastrtps/test_empty__type_support.cpp.o\x1b[0m\n'}
[141.248416] (-) TimerEvent: {}
[141.349420] (-) TimerEvent: {}
[141.450698] (-) TimerEvent: {}
[141.553762] (-) TimerEvent: {}
[141.654659] (-) TimerEvent: {}
[141.758844] (-) TimerEvent: {}
[141.859893] (-) TimerEvent: {}
[141.960795] (-) TimerEvent: {}
[142.062718] (-) TimerEvent: {}
[142.165925] (-) TimerEvent: {}
[142.269405] (-) TimerEvent: {}
[142.374749] (-) TimerEvent: {}
[142.475927] (-) TimerEvent: {}
[142.578465] (-) TimerEvent: {}
[142.679426] (-) TimerEvent: {}
[142.782417] (-) TimerEvent: {}
[142.883563] (-) TimerEvent: {}
[142.984439] (-) TimerEvent: {}
[143.086465] (-) TimerEvent: {}
[143.189452] (-) TimerEvent: {}
[143.290352] (-) TimerEvent: {}
[143.393433] (-) TimerEvent: {}
[143.494396] (-) TimerEvent: {}
[143.529624] (rosbridge_test_msgs) StdoutLine: {'line': b'[ 68%] \x1b[32mBuilding CXX object CMakeFiles/rosbridge_test_msgs__rosidl_typesupport_introspection_cpp.dir/rosidl_typesupport_introspection_cpp/rosbridge_test_msgs/msg/detail/test_duration_array__type_support.cpp.o\x1b[0m\n'}
[143.597414] (-) TimerEvent: {}
[143.698290] (-) TimerEvent: {}
[143.801425] (-) TimerEvent: {}
[143.902306] (-) TimerEvent: {}
[144.003165] (-) TimerEvent: {}
[144.105423] (-) TimerEvent: {}
[144.206303] (-) TimerEvent: {}
[144.309424] (-) TimerEvent: {}
[144.334527] (rosbridge_test_msgs) StdoutLine: {'line': b'[ 69%] \x1b[32mBuilding CXX object CMakeFiles/rosbridge_test_msgs__rosidl_typesupport_cpp.dir/rosidl_typesupport_cpp/rosbridge_test_msgs/action/test_goal_and_result__type_support.cpp.o\x1b[0m\n'}
[144.347030] (rosbridge_test_msgs) StdoutLine: {'line': b'[ 69%] \x1b[32mBuilding CXX object CMakeFiles/rosbridge_test_msgs__rosidl_typesupport_fastrtps_c.dir/rosidl_typesupport_fastrtps_c/rosbridge_test_msgs/srv/detail/test_multiple_request_fields__type_support_c.cpp.o\x1b[0m\n'}
[144.412475] (-) TimerEvent: {}
[144.513327] (-) TimerEvent: {}
[144.614312] (-) TimerEvent: {}
[144.715073] (-) TimerEvent: {}
[144.818741] (-) TimerEvent: {}
[144.919735] (-) TimerEvent: {}
[145.020619] (-) TimerEvent: {}
[145.123814] (-) TimerEvent: {}
[145.191302] (rosbridge_test_msgs) StdoutLine: {'line': b'[ 70%] \x1b[32mBuilding CXX object CMakeFiles/rosbridge_test_msgs__rosidl_typesupport_fastrtps_cpp.dir/rosidl_typesupport_fastrtps_cpp/rosbridge_test_msgs/srv/detail/dds_fastrtps/test_multiple_request_fields__type_support.cpp.o\x1b[0m\n'}
[145.226424] (-) TimerEvent: {}
[145.327412] (-) TimerEvent: {}
[145.429887] (-) TimerEvent: {}
[145.533426] (-) TimerEvent: {}
[145.634671] (-) TimerEvent: {}
[145.735704] (-) TimerEvent: {}
[145.813529] (rosbridge_test_msgs) StdoutLine: {'line': b'[ 70%] \x1b[32mBuilding CXX object CMakeFiles/rosbridge_test_msgs__rosidl_typesupport_introspection_cpp.dir/rosidl_typesupport_introspection_cpp/rosbridge_test_msgs/msg/detail/test_header_array__type_support.cpp.o\x1b[0m\n'}
[145.838463] (-) TimerEvent: {}
[145.939511] (-) TimerEvent: {}
[146.040462] (-) TimerEvent: {}
[146.142752] (-) TimerEvent: {}
[146.244780] (-) TimerEvent: {}
[146.346841] (-) TimerEvent: {}
[146.448825] (-) TimerEvent: {}
[146.552510] (-) TimerEvent: {}
[146.653555] (-) TimerEvent: {}
[146.757415] (-) TimerEvent: {}
[146.858448] (-) TimerEvent: {}
[146.959541] (-) TimerEvent: {}
[147.061422] (-) TimerEvent: {}
[147.164416] (-) TimerEvent: {}
[147.265467] (-) TimerEvent: {}
[147.366527] (-) TimerEvent: {}
[147.469408] (-) TimerEvent: {}
[147.570298] (-) TimerEvent: {}
[147.672504] (-) TimerEvent: {}
[147.775403] (-) TimerEvent: {}
[147.876369] (-) TimerEvent: {}
[147.978420] (-) TimerEvent: {}
[148.079396] (-) TimerEvent: {}
[148.183650] (-) TimerEvent: {}
[148.277735] (rosbridge_test_msgs) StdoutLine: {'line': b'[ 71%] \x1b[32mBuilding CXX object CMakeFiles/rosbridge_test_msgs__rosidl_typesupport_introspection_cpp.dir/rosidl_typesupport_introspection_cpp/rosbridge_test_msgs/msg/detail/test_header__type_support.cpp.o\x1b[0m\n'}
[148.285777] (-) TimerEvent: {}
[148.335564] (rosbridge_test_msgs) StdoutLine: {'line': b'[ 71%] \x1b[32mBuilding CXX object CMakeFiles/rosbridge_test_msgs__rosidl_typesupport_fastrtps_c.dir/rosidl_typesupport_fastrtps_c/rosbridge_test_msgs/srv/detail/test_multiple_response_fields__type_support_c.cpp.o\x1b[0m\n'}
[148.385989] (-) TimerEvent: {}
[148.488727] (-) TimerEvent: {}
[148.591729] (-) TimerEvent: {}
[148.695388] (-) TimerEvent: {}
[148.796369] (-) TimerEvent: {}
[148.880739] (rosbridge_test_msgs) StdoutLine: {'line': b'[ 71%] \x1b[32mBuilding CXX object CMakeFiles/rosbridge_test_msgs__rosidl_typesupport_cpp.dir/rosidl_typesupport_cpp/rosbridge_test_msgs/action/test_goal_feedback_and_result__type_support.cpp.o\x1b[0m\n'}
[148.896559] (-) TimerEvent: {}
[149.000909] (-) TimerEvent: {}
[149.101833] (-) TimerEvent: {}
[149.205459] (-) TimerEvent: {}
[149.306363] (-) TimerEvent: {}
[149.407399] (-) TimerEvent: {}
[149.474402] (rosbridge_test_msgs) StdoutLine: {'line': b'[ 71%] \x1b[32mBuilding CXX object CMakeFiles/rosbridge_test_msgs__rosidl_typesupport_fastrtps_cpp.dir/rosidl_typesupport_fastrtps_cpp/rosbridge_test_msgs/srv/detail/dds_fastrtps/test_multiple_response_fields__type_support.cpp.o\x1b[0m\n'}
[149.507596] (-) TimerEvent: {}
[149.608602] (-) TimerEvent: {}
[149.710719] (-) TimerEvent: {}
[149.814958] (-) TimerEvent: {}
[149.915796] (-) TimerEvent: {}
[150.016704] (-) TimerEvent: {}
[150.120405] (-) TimerEvent: {}
[150.221274] (-) TimerEvent: {}
[150.322293] (-) TimerEvent: {}
[150.426386] (-) TimerEvent: {}
[150.527274] (-) TimerEvent: {}
[150.628134] (-) TimerEvent: {}
[150.683320] (rosbridge_test_msgs) StdoutLine: {'line': b'[ 71%] \x1b[32mBuilding CXX object CMakeFiles/rosbridge_test_msgs__rosidl_typesupport_introspection_cpp.dir/rosidl_typesupport_introspection_cpp/rosbridge_test_msgs/msg/detail/test_header_two__type_support.cpp.o\x1b[0m\n'}
[150.730449] (-) TimerEvent: {}
[150.831626] (-) TimerEvent: {}
[150.936762] (-) TimerEvent: {}
[151.037730] (-) TimerEvent: {}
[151.141415] (-) TimerEvent: {}
[151.242357] (-) TimerEvent: {}
[151.344116] (-) TimerEvent: {}
[151.447849] (-) TimerEvent: {}
[151.553417] (-) TimerEvent: {}
[151.654460] (-) TimerEvent: {}
[151.755438] (-) TimerEvent: {}
[151.859439] (-) TimerEvent: {}
[151.962414] (-) TimerEvent: {}
[152.041452] (rosbridge_test_msgs) StdoutLine: {'line': b'[ 71%] \x1b[32mBuilding CXX object CMakeFiles/rosbridge_test_msgs__rosidl_typesupport_fastrtps_c.dir/rosidl_typesupport_fastrtps_c/rosbridge_test_msgs/srv/detail/test_nested_service__type_support_c.cpp.o\x1b[0m\n'}
[152.065546] (-) TimerEvent: {}
[152.166663] (-) TimerEvent: {}
[152.267663] (-) TimerEvent: {}
[152.371772] (-) TimerEvent: {}
[152.472783] (-) TimerEvent: {}
[152.576421] (-) TimerEvent: {}
[152.677377] (-) TimerEvent: {}
[152.779431] (-) TimerEvent: {}
[152.881742] (-) TimerEvent: {}
[152.984059] (-) TimerEvent: {}
[153.083449] (rosbridge_test_msgs) StdoutLine: {'line': b'[ 71%] \x1b[32mBuilding CXX object CMakeFiles/rosbridge_test_msgs__rosidl_typesupport_introspection_cpp.dir/rosidl_typesupport_introspection_cpp/rosbridge_test_msgs/msg/detail/test_time_array__type_support.cpp.o\x1b[0m\n'}
[153.084451] (-) TimerEvent: {}
[153.186806] (-) TimerEvent: {}
[153.290774] (-) TimerEvent: {}
[153.393589] (-) TimerEvent: {}
[153.434636] (rosbridge_test_msgs) StdoutLine: {'line': b'[ 71%] \x1b[32mBuilding CXX object CMakeFiles/rosbridge_test_msgs__rosidl_typesupport_cpp.dir/rosidl_typesupport_cpp/rosbridge_test_msgs/action/test_goal_only__type_support.cpp.o\x1b[0m\n'}
[153.493031] (rosbridge_test_msgs) StdoutLine: {'line': b'[ 71%] \x1b[32mBuilding CXX object CMakeFiles/rosbridge_test_msgs__rosidl_typesupport_fastrtps_cpp.dir/rosidl_typesupport_fastrtps_cpp/rosbridge_test_msgs/srv/detail/dds_fastrtps/test_nested_service__type_support.cpp.o\x1b[0m\n'}
[153.494055] (-) TimerEvent: {}
[153.597708] (-) TimerEvent: {}
[153.698572] (-) TimerEvent: {}
[153.801710] (-) TimerEvent: {}
[153.902579] (-) TimerEvent: {}
[154.006753] (-) TimerEvent: {}
[154.107678] (-) TimerEvent: {}
[154.211446] (-) TimerEvent: {}
[154.312546] (-) TimerEvent: {}
[154.415738] (-) TimerEvent: {}
[154.518972] (-) TimerEvent: {}
[154.623458] (-) TimerEvent: {}
[154.726423] (-) TimerEvent: {}
[154.827419] (-) TimerEvent: {}
[154.930541] (-) TimerEvent: {}
[155.033778] (-) TimerEvent: {}
[155.138461] (-) TimerEvent: {}
[155.239438] (-) TimerEvent: {}
[155.340560] (-) TimerEvent: {}
[155.442821] (-) TimerEvent: {}
[155.515133] (rosbridge_test_msgs) StdoutLine: {'line': b'[ 72%] \x1b[32mBuilding CXX object CMakeFiles/rosbridge_test_msgs__rosidl_typesupport_fastrtps_c.dir/rosidl_typesupport_fastrtps_c/rosbridge_test_msgs/srv/detail/test_request_and_response__type_support_c.cpp.o\x1b[0m\n'}
[155.543037] (-) TimerEvent: {}
[155.646888] (-) TimerEvent: {}
[155.751398] (-) TimerEvent: {}
[155.760707] (rosbridge_test_msgs) StdoutLine: {'line': b'[ 73%] \x1b[32mBuilding CXX object CMakeFiles/rosbridge_test_msgs__rosidl_typesupport_introspection_cpp.dir/rosidl_typesupport_introspection_cpp/rosbridge_test_msgs/msg/detail/test_u_int8__type_support.cpp.o\x1b[0m\n'}
[155.851649] (-) TimerEvent: {}
[155.954700] (-) TimerEvent: {}
[156.057845] (-) TimerEvent: {}
[156.160611] (-) TimerEvent: {}
[156.261434] (-) TimerEvent: {}
[156.364417] (-) TimerEvent: {}
[156.465587] (-) TimerEvent: {}
[156.567779] (-) TimerEvent: {}
[156.670037] (-) TimerEvent: {}
[156.771841] (-) TimerEvent: {}
[156.873630] (-) TimerEvent: {}
[156.975685] (-) TimerEvent: {}
[157.077365] (-) TimerEvent: {}
[157.180679] (-) TimerEvent: {}
[157.281644] (-) TimerEvent: {}
[157.383432] (-) TimerEvent: {}
[157.487831] (-) TimerEvent: {}
[157.589062] (-) TimerEvent: {}
[157.694412] (-) TimerEvent: {}
[157.701561] (rosbridge_test_msgs) StdoutLine: {'line': b'[ 74%] \x1b[32mBuilding CXX object CMakeFiles/rosbridge_test_msgs__rosidl_typesupport_fastrtps_cpp.dir/rosidl_typesupport_fastrtps_cpp/rosbridge_test_msgs/srv/detail/dds_fastrtps/test_request_and_response__type_support.cpp.o\x1b[0m\n'}
[157.794664] (-) TimerEvent: {}
[157.898391] (-) TimerEvent: {}
[157.999299] (-) TimerEvent: {}
[158.048256] (rosbridge_test_msgs) StdoutLine: {'line': b'[ 74%] \x1b[32mBuilding CXX object CMakeFiles/rosbridge_test_msgs__rosidl_typesupport_cpp.dir/rosidl_typesupport_cpp/rosbridge_test_msgs/action/test_multiple_goal_fields__type_support.cpp.o\x1b[0m\n'}
[158.100414] (-) TimerEvent: {}
[158.170424] (rosbridge_test_msgs) StdoutLine: {'line': b'[ 74%] \x1b[32mBuilding CXX object CMakeFiles/rosbridge_test_msgs__rosidl_typesupport_introspection_cpp.dir/rosidl_typesupport_introspection_cpp/rosbridge_test_msgs/msg/detail/test_u_int8_fixed_size_array16__type_support.cpp.o\x1b[0m\n'}
[158.200659] (-) TimerEvent: {}
[158.304870] (-) TimerEvent: {}
[158.405753] (-) TimerEvent: {}
[158.507374] (-) TimerEvent: {}
[158.610455] (-) TimerEvent: {}
[158.711443] (-) TimerEvent: {}
[158.815493] (-) TimerEvent: {}
[158.917937] (-) TimerEvent: {}
[159.019277] (-) TimerEvent: {}
[159.052457] (rosbridge_test_msgs) StdoutLine: {'line': b'[ 74%] \x1b[32mBuilding CXX object CMakeFiles/rosbridge_test_msgs__rosidl_typesupport_fastrtps_c.dir/rosidl_typesupport_fastrtps_c/rosbridge_test_msgs/srv/detail/test_request_only__type_support_c.cpp.o\x1b[0m\n'}
[159.119415] (-) TimerEvent: {}
[159.223792] (-) TimerEvent: {}
[159.324670] (-) TimerEvent: {}
[159.426373] (-) TimerEvent: {}
[159.531418] (-) TimerEvent: {}
[159.632321] (-) TimerEvent: {}
[159.736442] (-) TimerEvent: {}
[159.837500] (-) TimerEvent: {}
[159.939411] (-) TimerEvent: {}
[160.042417] (-) TimerEvent: {}
[160.143390] (-) TimerEvent: {}
[160.244390] (-) TimerEvent: {}
[160.348795] (-) TimerEvent: {}
[160.410427] (rosbridge_test_msgs) StdoutLine: {'line': b'[ 74%] \x1b[32mBuilding CXX object CMakeFiles/rosbridge_test_msgs__rosidl_typesupport_introspection_cpp.dir/rosidl_typesupport_introspection_cpp/rosbridge_test_msgs/msg/detail/test_float32_array__type_support.cpp.o\x1b[0m\n'}
[160.451446] (-) TimerEvent: {}
[160.552461] (-) TimerEvent: {}
[160.656069] (-) TimerEvent: {}
[160.757515] (-) TimerEvent: {}
[160.860476] (-) TimerEvent: {}
[160.963401] (-) TimerEvent: {}
[161.065888] (-) TimerEvent: {}
[161.168904] (-) TimerEvent: {}
[161.271609] (-) TimerEvent: {}
[161.372879] (-) TimerEvent: {}
[161.475412] (-) TimerEvent: {}
[161.578871] (-) TimerEvent: {}
[161.681783] (-) TimerEvent: {}
[161.785834] (-) TimerEvent: {}
[161.886839] (-) TimerEvent: {}
[161.990768] (-) TimerEvent: {}
[162.094455] (-) TimerEvent: {}
[162.136673] (rosbridge_test_msgs) StdoutLine: {'line': b'[ 74%] \x1b[32mBuilding CXX object CMakeFiles/rosbridge_test_msgs__rosidl_typesupport_fastrtps_cpp.dir/rosidl_typesupport_fastrtps_cpp/rosbridge_test_msgs/srv/detail/dds_fastrtps/test_request_only__type_support.cpp.o\x1b[0m\n'}
[162.194677] (-) TimerEvent: {}
[162.296092] (-) TimerEvent: {}
[162.400387] (-) TimerEvent: {}
[162.429436] (rosbridge_test_msgs) StdoutLine: {'line': b'[ 74%] \x1b[32mBuilding CXX object CMakeFiles/rosbridge_test_msgs__rosidl_typesupport_fastrtps_c.dir/rosidl_typesupport_fastrtps_c/rosbridge_test_msgs/srv/detail/test_response_only__type_support_c.cpp.o\x1b[0m\n'}
[162.500581] (-) TimerEvent: {}
[162.604819] (-) TimerEvent: {}
[162.705945] (-) TimerEvent: {}
[162.808422] (-) TimerEvent: {}
[162.909625] (-) TimerEvent: {}
[162.951331] (rosbridge_test_msgs) StdoutLine: {'line': b'[ 75%] \x1b[32mBuilding CXX object CMakeFiles/rosbridge_test_msgs__rosidl_typesupport_introspection_cpp.dir/rosidl_typesupport_introspection_cpp/rosbridge_test_msgs/msg/detail/test_float32_bounded_array__type_support.cpp.o\x1b[0m\n'}
[162.998439] (rosbridge_test_msgs) StdoutLine: {'line': b'[ 76%] \x1b[32mBuilding CXX object CMakeFiles/rosbridge_test_msgs__rosidl_typesupport_cpp.dir/rosidl_typesupport_cpp/rosbridge_test_msgs/action/test_result_only__type_support.cpp.o\x1b[0m\n'}
[163.009818] (-) TimerEvent: {}
[163.111247] (-) TimerEvent: {}
[163.215848] (-) TimerEvent: {}
[163.316841] (-) TimerEvent: {}
[163.420846] (-) TimerEvent: {}
[163.522103] (-) TimerEvent: {}
[163.623313] (-) TimerEvent: {}
[163.725468] (-) TimerEvent: {}
[163.827817] (-) TimerEvent: {}
[163.932075] (-) TimerEvent: {}
[164.033124] (-) TimerEvent: {}
[164.136411] (-) TimerEvent: {}
[164.237404] (-) TimerEvent: {}
[164.338535] (-) TimerEvent: {}
[164.441422] (-) TimerEvent: {}
[164.542407] (-) TimerEvent: {}
[164.646481] (-) TimerEvent: {}
[164.747379] (-) TimerEvent: {}
[164.848202] (-) TimerEvent: {}
[164.949090] (-) TimerEvent: {}
[165.050812] (-) TimerEvent: {}
[165.128409] (rosbridge_test_msgs) StdoutLine: {'line': b'[ 76%] \x1b[32mBuilding CXX object CMakeFiles/rosbridge_test_msgs__rosidl_typesupport_introspection_cpp.dir/rosidl_typesupport_introspection_cpp/rosbridge_test_msgs/msg/detail/test_nested_bounded_array__type_support.cpp.o\x1b[0m\n'}
[165.151049] (-) TimerEvent: {}
[165.255385] (-) TimerEvent: {}
[165.356344] (-) TimerEvent: {}
[165.457198] (-) TimerEvent: {}
[165.560720] (-) TimerEvent: {}
[165.661632] (-) TimerEvent: {}
[165.763746] (-) TimerEvent: {}
[165.772269] (rosbridge_test_msgs) StdoutLine: {'line': b'[ 77%] \x1b[32mBuilding CXX object CMakeFiles/rosbridge_test_msgs__rosidl_typesupport_fastrtps_c.dir/rosidl_typesupport_fastrtps_c/rosbridge_test_msgs/action/detail/test_empty__type_support_c.cpp.o\x1b[0m\n'}
[165.866396] (-) TimerEvent: {}
[165.967922] (-) TimerEvent: {}
[166.062673] (rosbridge_test_msgs) StdoutLine: {'line': b'[ 77%] \x1b[32mBuilding CXX object CMakeFiles/rosbridge_test_msgs__rosidl_typesupport_fastrtps_cpp.dir/rosidl_typesupport_fastrtps_cpp/rosbridge_test_msgs/srv/detail/dds_fastrtps/test_response_only__type_support.cpp.o\x1b[0m\n'}
[166.068162] (-) TimerEvent: {}
[166.172392] (-) TimerEvent: {}
[166.274132] (-) TimerEvent: {}
[166.378605] (-) TimerEvent: {}
[166.479505] (-) TimerEvent: {}
[166.580442] (-) TimerEvent: {}
[166.682916] (-) TimerEvent: {}
[166.784723] (-) TimerEvent: {}
[166.886412] (-) TimerEvent: {}
[166.988050] (-) TimerEvent: {}
[167.090630] (-) TimerEvent: {}
[167.192264] (-) TimerEvent: {}
[167.294384] (-) TimerEvent: {}
[167.396473] (-) TimerEvent: {}
[167.498896] (-) TimerEvent: {}
[167.530815] (rosbridge_test_msgs) StdoutLine: {'line': b'[ 77%] \x1b[32mBuilding CXX object CMakeFiles/rosbridge_test_msgs__rosidl_typesupport_introspection_cpp.dir/rosidl_typesupport_introspection_cpp/rosbridge_test_msgs/srv/detail/add_two_ints__type_support.cpp.o\x1b[0m\n'}
[167.600099] (-) TimerEvent: {}
[167.702696] (-) TimerEvent: {}
[167.805530] (-) TimerEvent: {}
[167.908342] (-) TimerEvent: {}
[168.011640] (-) TimerEvent: {}
[168.114937] (-) TimerEvent: {}
[168.219091] (-) TimerEvent: {}
[168.237945] (rosbridge_test_msgs) StdoutLine: {'line': b'[ 77%] \x1b[32m\x1b[1mLinking CXX shared library librosbridge_test_msgs__rosidl_typesupport_cpp.so\x1b[0m\n'}
[168.319336] (-) TimerEvent: {}
[168.420397] (-) TimerEvent: {}
[168.523703] (-) TimerEvent: {}
[168.624567] (-) TimerEvent: {}
[168.726448] (-) TimerEvent: {}
[168.829389] (-) TimerEvent: {}
[168.930180] (-) TimerEvent: {}
[169.033035] (-) TimerEvent: {}
[169.135560] (-) TimerEvent: {}
[169.237440] (-) TimerEvent: {}
[169.305600] (rosbridge_test_msgs) StdoutLine: {'line': b'[ 77%] Built target rosbridge_test_msgs__rosidl_typesupport_cpp\n'}
[169.337678] (-) TimerEvent: {}
[169.438515] (-) TimerEvent: {}
[169.540369] (-) TimerEvent: {}
[169.644465] (-) TimerEvent: {}
[169.720783] (rosbridge_test_msgs) StdoutLine: {'line': b'[ 77%] \x1b[32mBuilding CXX object CMakeFiles/rosbridge_test_msgs__rosidl_typesupport_fastrtps_c.dir/rosidl_typesupport_fastrtps_c/rosbridge_test_msgs/action/detail/test_feedback_and_result__type_support_c.cpp.o\x1b[0m\n'}
[169.744678] (-) TimerEvent: {}
[169.846013] (-) TimerEvent: {}
[169.946826] (-) TimerEvent: {}
[170.031064] (rosbridge_test_msgs) StdoutLine: {'line': b'[ 78%] \x1b[32mBuilding CXX object CMakeFiles/rosbridge_test_msgs__rosidl_typesupport_fastrtps_cpp.dir/rosidl_typesupport_fastrtps_cpp/rosbridge_test_msgs/action/detail/dds_fastrtps/test_empty__type_support.cpp.o\x1b[0m\n'}
[170.047043] (-) TimerEvent: {}
[170.147751] (-) TimerEvent: {}
[170.249145] (-) TimerEvent: {}
[170.350333] (-) TimerEvent: {}
[170.446004] (rosbridge_test_msgs) StdoutLine: {'line': b'[ 78%] \x1b[32mBuilding CXX object CMakeFiles/rosbridge_test_msgs__rosidl_typesupport_introspection_cpp.dir/rosidl_typesupport_introspection_cpp/rosbridge_test_msgs/srv/detail/send_bytes__type_support.cpp.o\x1b[0m\n'}
[170.450942] (-) TimerEvent: {}
[170.551688] (-) TimerEvent: {}
[170.652667] (-) TimerEvent: {}
[170.753412] (-) TimerEvent: {}
[170.854296] (-) TimerEvent: {}
[170.955907] (-) TimerEvent: {}
[171.057385] (-) TimerEvent: {}
[171.159059] (-) TimerEvent: {}
[171.260090] (-) TimerEvent: {}
[171.361753] (-) TimerEvent: {}
[171.508562] (-) TimerEvent: {}
[171.609375] (-) TimerEvent: {}
[171.710927] (-) TimerEvent: {}
[171.812055] (-) TimerEvent: {}
[171.913775] (-) TimerEvent: {}
[172.015071] (-) TimerEvent: {}
[172.116672] (-) TimerEvent: {}
[172.217929] (-) TimerEvent: {}
[172.318863] (-) TimerEvent: {}
[172.419963] (-) TimerEvent: {}
[172.521780] (-) TimerEvent: {}
[172.622770] (-) TimerEvent: {}
[172.724395] (-) TimerEvent: {}
[172.825371] (-) TimerEvent: {}
[172.927143] (-) TimerEvent: {}
[172.981604] (rosbridge_test_msgs) StdoutLine: {'line': b'[ 79%] \x1b[32mBuilding CXX object CMakeFiles/rosbridge_test_msgs__rosidl_typesupport_introspection_cpp.dir/rosidl_typesupport_introspection_cpp/rosbridge_test_msgs/srv/detail/test_array_request__type_support.cpp.o\x1b[0m\n'}
[173.027402] (-) TimerEvent: {}
[173.096564] (rosbridge_test_msgs) StdoutLine: {'line': b'[ 79%] \x1b[32mBuilding CXX object CMakeFiles/rosbridge_test_msgs__rosidl_typesupport_fastrtps_c.dir/rosidl_typesupport_fastrtps_c/rosbridge_test_msgs/action/detail/test_goal_and_result__type_support_c.cpp.o\x1b[0m\n'}
[173.127628] (-) TimerEvent: {}
[173.228476] (-) TimerEvent: {}
[173.330147] (-) TimerEvent: {}
[173.431817] (-) TimerEvent: {}
[173.533506] (-) TimerEvent: {}
[173.635266] (-) TimerEvent: {}
[173.737110] (-) TimerEvent: {}
[173.838807] (-) TimerEvent: {}
[173.940099] (-) TimerEvent: {}
[174.041810] (-) TimerEvent: {}
[174.143268] (-) TimerEvent: {}
[174.244084] (-) TimerEvent: {}
[174.345198] (-) TimerEvent: {}
[174.447145] (-) TimerEvent: {}
[174.548137] (-) TimerEvent: {}
[174.649730] (-) TimerEvent: {}
[174.750787] (-) TimerEvent: {}
[174.851645] (-) TimerEvent: {}
[174.953467] (-) TimerEvent: {}
[175.054585] (-) TimerEvent: {}
[175.155426] (-) TimerEvent: {}
[175.256320] (-) TimerEvent: {}
[175.357191] (-) TimerEvent: {}
[175.458908] (-) TimerEvent: {}
[175.560071] (-) TimerEvent: {}
[175.661750] (-) TimerEvent: {}
[175.743875] (rosbridge_test_msgs) StdoutLine: {'line': b'[ 79%] \x1b[32mBuilding CXX object CMakeFiles/rosbridge_test_msgs__rosidl_typesupport_introspection_cpp.dir/rosidl_typesupport_introspection_cpp/rosbridge_test_msgs/srv/detail/test_empty__type_support.cpp.o\x1b[0m\n'}
[175.762570] (-) TimerEvent: {}
[175.863827] (-) TimerEvent: {}
[175.952525] (rosbridge_test_msgs) StdoutLine: {'line': b'[ 79%] \x1b[32mBuilding CXX object CMakeFiles/rosbridge_test_msgs__rosidl_typesupport_fastrtps_cpp.dir/rosidl_typesupport_fastrtps_cpp/rosbridge_test_msgs/action/detail/dds_fastrtps/test_feedback_and_result__type_support.cpp.o\x1b[0m\n'}
[175.965394] (-) TimerEvent: {}
[176.066100] (-) TimerEvent: {}
[176.169393] (-) TimerEvent: {}
[176.270146] (-) TimerEvent: {}
[176.371685] (-) TimerEvent: {}
[176.493446] (-) TimerEvent: {}
[176.586467] (rosbridge_test_msgs) StdoutLine: {'line': b'[ 80%] \x1b[32mBuilding CXX object CMakeFiles/rosbridge_test_msgs__rosidl_typesupport_fastrtps_c.dir/rosidl_typesupport_fastrtps_c/rosbridge_test_msgs/action/detail/test_goal_feedback_and_result__type_support_c.cpp.o\x1b[0m\n'}
[176.593650] (-) TimerEvent: {}
[176.694938] (-) TimerEvent: {}
[176.795900] (-) TimerEvent: {}
[176.896863] (-) TimerEvent: {}
[176.997621] (-) TimerEvent: {}
[177.098424] (-) TimerEvent: {}
[177.199379] (-) TimerEvent: {}
[177.300385] (-) TimerEvent: {}
[177.401353] (-) TimerEvent: {}
[177.502198] (-) TimerEvent: {}
[177.603166] (-) TimerEvent: {}
[177.704370] (-) TimerEvent: {}
[177.805899] (-) TimerEvent: {}
[177.907053] (-) TimerEvent: {}
[178.008192] (-) TimerEvent: {}
[178.110081] (-) TimerEvent: {}
[178.145378] (rosbridge_test_msgs) StdoutLine: {'line': b'[ 80%] \x1b[32mBuilding CXX object CMakeFiles/rosbridge_test_msgs__rosidl_typesupport_introspection_cpp.dir/rosidl_typesupport_introspection_cpp/rosbridge_test_msgs/srv/detail/test_multiple_request_fields__type_support.cpp.o\x1b[0m\n'}
[178.210446] (-) TimerEvent: {}
[178.311516] (-) TimerEvent: {}
[178.412359] (-) TimerEvent: {}
[178.513362] (-) TimerEvent: {}
[178.614192] (-) TimerEvent: {}
[178.715378] (-) TimerEvent: {}
[178.816423] (-) TimerEvent: {}
[178.918412] (-) TimerEvent: {}
[179.019293] (-) TimerEvent: {}
[179.120412] (-) TimerEvent: {}
[179.222195] (-) TimerEvent: {}
[179.323290] (-) TimerEvent: {}
[179.424131] (-) TimerEvent: {}
[179.525914] (-) TimerEvent: {}
[179.628022] (-) TimerEvent: {}
[179.729854] (-) TimerEvent: {}
[179.830870] (-) TimerEvent: {}
[179.932548] (-) TimerEvent: {}
[180.034077] (-) TimerEvent: {}
[180.136032] (-) TimerEvent: {}
[180.161891] (rosbridge_test_msgs) StdoutLine: {'line': b'[ 80%] \x1b[32mBuilding CXX object CMakeFiles/rosbridge_test_msgs__rosidl_typesupport_fastrtps_c.dir/rosidl_typesupport_fastrtps_c/rosbridge_test_msgs/action/detail/test_goal_only__type_support_c.cpp.o\x1b[0m\n'}
[180.236311] (-) TimerEvent: {}
[180.337075] (-) TimerEvent: {}
[180.437883] (-) TimerEvent: {}
[180.538751] (-) TimerEvent: {}
[180.631757] (rosbridge_test_msgs) StdoutLine: {'line': b'[ 81%] \x1b[32mBuilding CXX object CMakeFiles/rosbridge_test_msgs__rosidl_typesupport_introspection_cpp.dir/rosidl_typesupport_introspection_cpp/rosbridge_test_msgs/srv/detail/test_multiple_response_fields__type_support.cpp.o\x1b[0m\n'}
[180.638963] (-) TimerEvent: {}
[180.739745] (-) TimerEvent: {}
[180.841165] (-) TimerEvent: {}
[180.942273] (-) TimerEvent: {}
[181.043741] (-) TimerEvent: {}
[181.145101] (-) TimerEvent: {}
[181.247106] (-) TimerEvent: {}
[181.348299] (-) TimerEvent: {}
[181.449153] (-) TimerEvent: {}
[181.551020] (-) TimerEvent: {}
[181.606555] (rosbridge_test_msgs) StdoutLine: {'line': b'[ 81%] \x1b[32mBuilding CXX object CMakeFiles/rosbridge_test_msgs__rosidl_typesupport_fastrtps_cpp.dir/rosidl_typesupport_fastrtps_cpp/rosbridge_test_msgs/action/detail/dds_fastrtps/test_goal_and_result__type_support.cpp.o\x1b[0m\n'}
[181.653419] (-) TimerEvent: {}
[181.754263] (-) TimerEvent: {}
[181.834705] (rosbridge_test_msgs) StdoutLine: {'line': b'[ 81%] \x1b[32mBuilding CXX object CMakeFiles/rosbridge_test_msgs__rosidl_typesupport_introspection_cpp.dir/rosidl_typesupport_introspection_cpp/rosbridge_test_msgs/srv/detail/test_nested_service__type_support.cpp.o\x1b[0m\n'}
[181.856404] (-) TimerEvent: {}
[181.957114] (-) TimerEvent: {}
[182.059382] (-) TimerEvent: {}
[182.160257] (-) TimerEvent: {}
[182.261707] (-) TimerEvent: {}
[182.365413] (-) TimerEvent: {}
[182.466292] (-) TimerEvent: {}
[182.567176] (-) TimerEvent: {}
[182.670413] (-) TimerEvent: {}
[182.771410] (-) TimerEvent: {}
[182.872387] (-) TimerEvent: {}
[182.976886] (-) TimerEvent: {}
[183.078757] (-) TimerEvent: {}
[183.182778] (-) TimerEvent: {}
[183.284524] (-) TimerEvent: {}
[183.298609] (rosbridge_test_msgs) StdoutLine: {'line': b'[ 82%] \x1b[32mBuilding CXX object CMakeFiles/rosbridge_test_msgs__rosidl_typesupport_fastrtps_cpp.dir/rosidl_typesupport_fastrtps_cpp/rosbridge_test_msgs/action/detail/dds_fastrtps/test_goal_feedback_and_result__type_support.cpp.o\x1b[0m\n'}
[183.387423] (-) TimerEvent: {}
[183.488393] (-) TimerEvent: {}
[183.589297] (-) TimerEvent: {}
[183.692408] (-) TimerEvent: {}
[183.776497] (rosbridge_test_msgs) StdoutLine: {'line': b'[ 82%] \x1b[32mBuilding CXX object CMakeFiles/rosbridge_test_msgs__rosidl_typesupport_fastrtps_c.dir/rosidl_typesupport_fastrtps_c/rosbridge_test_msgs/action/detail/test_multiple_goal_fields__type_support_c.cpp.o\x1b[0m\n'}
[183.792620] (-) TimerEvent: {}
[183.893465] (-) TimerEvent: {}
[183.996116] (-) TimerEvent: {}
[184.098961] (-) TimerEvent: {}
[184.201267] (-) TimerEvent: {}
[184.305767] (-) TimerEvent: {}
[184.406677] (-) TimerEvent: {}
[184.509652] (-) TimerEvent: {}
[184.556532] (rosbridge_test_msgs) StdoutLine: {'line': b'[ 82%] \x1b[32mBuilding CXX object CMakeFiles/rosbridge_test_msgs__rosidl_typesupport_introspection_cpp.dir/rosidl_typesupport_introspection_cpp/rosbridge_test_msgs/srv/detail/test_request_and_response__type_support.cpp.o\x1b[0m\n'}
[184.609926] (-) TimerEvent: {}
[184.711729] (-) TimerEvent: {}
[184.815398] (-) TimerEvent: {}
[184.916309] (-) TimerEvent: {}
[185.017367] (-) TimerEvent: {}
[185.119438] (-) TimerEvent: {}
[185.220403] (-) TimerEvent: {}
[185.324435] (-) TimerEvent: {}
[185.425386] (-) TimerEvent: {}
[185.526373] (-) TimerEvent: {}
[185.628506] (-) TimerEvent: {}
[185.731430] (-) TimerEvent: {}
[185.832508] (-) TimerEvent: {}
[185.934450] (-) TimerEvent: {}
[186.037421] (-) TimerEvent: {}
[186.138549] (-) TimerEvent: {}
[186.240391] (-) TimerEvent: {}
[186.344510] (-) TimerEvent: {}
[186.445648] (-) TimerEvent: {}
[186.547798] (-) TimerEvent: {}
[186.650412] (-) TimerEvent: {}
[186.752436] (-) TimerEvent: {}
[186.853342] (-) TimerEvent: {}
[186.956422] (-) TimerEvent: {}
[187.057379] (-) TimerEvent: {}
[187.161428] (-) TimerEvent: {}
[187.262635] (-) TimerEvent: {}
[187.367411] (-) TimerEvent: {}
[187.446826] (rosbridge_test_msgs) StdoutLine: {'line': b'[ 83%] \x1b[32mBuilding CXX object CMakeFiles/rosbridge_test_msgs__rosidl_typesupport_introspection_cpp.dir/rosidl_typesupport_introspection_cpp/rosbridge_test_msgs/srv/detail/test_request_only__type_support.cpp.o\x1b[0m\n'}
[187.467638] (-) TimerEvent: {}
[187.572728] (-) TimerEvent: {}
[187.673816] (-) TimerEvent: {}
[187.774650] (-) TimerEvent: {}
[187.875501] (-) TimerEvent: {}
[187.978791] (-) TimerEvent: {}
[188.072438] (rosbridge_test_msgs) StdoutLine: {'line': b'[ 84%] \x1b[32mBuilding CXX object CMakeFiles/rosbridge_test_msgs__rosidl_typesupport_fastrtps_c.dir/rosidl_typesupport_fastrtps_c/rosbridge_test_msgs/action/detail/test_result_only__type_support_c.cpp.o\x1b[0m\n'}
[188.079913] (-) TimerEvent: {}
[188.183793] (-) TimerEvent: {}
[188.284768] (-) TimerEvent: {}
[188.388401] (-) TimerEvent: {}
[188.491427] (-) TimerEvent: {}
[188.592389] (-) TimerEvent: {}
[188.693376] (-) TimerEvent: {}
[188.796471] (-) TimerEvent: {}
[188.897555] (-) TimerEvent: {}
[189.000818] (-) TimerEvent: {}
[189.101869] (-) TimerEvent: {}
[189.203454] (-) TimerEvent: {}
[189.306503] (-) TimerEvent: {}
[189.407902] (-) TimerEvent: {}
[189.423481] (rosbridge_test_msgs) StdoutLine: {'line': b'[ 84%] \x1b[32mBuilding CXX object CMakeFiles/rosbridge_test_msgs__rosidl_typesupport_introspection_cpp.dir/rosidl_typesupport_introspection_cpp/rosbridge_test_msgs/srv/detail/test_response_only__type_support.cpp.o\x1b[0m\n'}
[189.510394] (-) TimerEvent: {}
[189.611382] (-) TimerEvent: {}
[189.713652] (-) TimerEvent: {}
[189.814576] (-) TimerEvent: {}
[189.917554] (-) TimerEvent: {}
[190.019010] (-) TimerEvent: {}
[190.120494] (-) TimerEvent: {}
[190.216571] (rosbridge_test_msgs) StdoutLine: {'line': b'[ 84%] \x1b[32mBuilding CXX object CMakeFiles/rosbridge_test_msgs__rosidl_typesupport_fastrtps_cpp.dir/rosidl_typesupport_fastrtps_cpp/rosbridge_test_msgs/action/detail/dds_fastrtps/test_goal_only__type_support.cpp.o\x1b[0m\n'}
[190.220674] (-) TimerEvent: {}
[190.246668] (rosbridge_test_msgs) StdoutLine: {'line': b'[ 84%] \x1b[32mBuilding CXX object CMakeFiles/rosbridge_test_msgs__rosidl_typesupport_fastrtps_cpp.dir/rosidl_typesupport_fastrtps_cpp/rosbridge_test_msgs/action/detail/dds_fastrtps/test_multiple_goal_fields__type_support.cpp.o\x1b[0m\n'}
[190.323381] (-) TimerEvent: {}
[190.424158] (-) TimerEvent: {}
[190.527397] (-) TimerEvent: {}
[190.628296] (-) TimerEvent: {}
[190.731595] (-) TimerEvent: {}
[190.832943] (-) TimerEvent: {}
[190.936698] (-) TimerEvent: {}
[191.037590] (-) TimerEvent: {}
[191.141825] (-) TimerEvent: {}
[191.242747] (-) TimerEvent: {}
[191.343656] (-) TimerEvent: {}
[191.445843] (-) TimerEvent: {}
[191.548770] (-) TimerEvent: {}
[191.651768] (-) TimerEvent: {}
[191.753934] (-) TimerEvent: {}
[191.856772] (-) TimerEvent: {}
[191.960433] (-) TimerEvent: {}
[192.064402] (-) TimerEvent: {}
[192.160086] (rosbridge_test_msgs) StdoutLine: {'line': b'[ 84%] \x1b[32mBuilding CXX object CMakeFiles/rosbridge_test_msgs__rosidl_typesupport_introspection_cpp.dir/rosidl_typesupport_introspection_cpp/rosbridge_test_msgs/action/detail/test_empty__type_support.cpp.o\x1b[0m\n'}
[192.164819] (-) TimerEvent: {}
[192.242573] (rosbridge_test_msgs) StdoutLine: {'line': b'[ 84%] \x1b[32m\x1b[1mLinking CXX shared library librosbridge_test_msgs__rosidl_typesupport_fastrtps_c.so\x1b[0m\n'}
[192.267408] (-) TimerEvent: {}
[192.368373] (-) TimerEvent: {}
[192.469584] (-) TimerEvent: {}
[192.572790] (-) TimerEvent: {}
[192.675761] (-) TimerEvent: {}
[192.778793] (-) TimerEvent: {}
[192.881349] (-) TimerEvent: {}
[192.934450] (rosbridge_test_msgs) StdoutLine: {'line': b'[ 84%] Built target rosbridge_test_msgs__rosidl_typesupport_fastrtps_c\n'}
[192.981573] (-) TimerEvent: {}
[193.001941] (rosbridge_test_msgs) StdoutLine: {'line': b'[ 85%] \x1b[32mBuilding CXX object CMakeFiles/rosbridge_test_msgs__rosidl_typesupport_fastrtps_cpp.dir/rosidl_typesupport_fastrtps_cpp/rosbridge_test_msgs/action/detail/dds_fastrtps/test_result_only__type_support.cpp.o\x1b[0m\n'}
[193.083432] (-) TimerEvent: {}
[193.186517] (-) TimerEvent: {}
[193.287613] (-) TimerEvent: {}
[193.390853] (-) TimerEvent: {}
[193.491855] (-) TimerEvent: {}
[193.595886] (-) TimerEvent: {}
[193.700416] (-) TimerEvent: {}
[193.801389] (-) TimerEvent: {}
[193.902983] (-) TimerEvent: {}
[194.006796] (-) TimerEvent: {}
[194.111428] (-) TimerEvent: {}
[194.212474] (-) TimerEvent: {}
[194.313526] (-) TimerEvent: {}
[194.417005] (-) TimerEvent: {}
[194.522093] (-) TimerEvent: {}
[194.623309] (-) TimerEvent: {}
[194.726831] (-) TimerEvent: {}
[194.829821] (-) TimerEvent: {}
[194.932754] (-) TimerEvent: {}
[195.036288] (-) TimerEvent: {}
[195.139870] (-) TimerEvent: {}
[195.244439] (-) TimerEvent: {}
[195.345502] (-) TimerEvent: {}
[195.449442] (-) TimerEvent: {}
[195.550619] (-) TimerEvent: {}
[195.654455] (-) TimerEvent: {}
[195.755775] (-) TimerEvent: {}
[195.858716] (-) TimerEvent: {}
[195.961421] (-) TimerEvent: {}
[196.064205] (-) TimerEvent: {}
[196.167454] (-) TimerEvent: {}
[196.271070] (-) TimerEvent: {}
[196.374497] (-) TimerEvent: {}
[196.476875] (-) TimerEvent: {}
[196.578842] (-) TimerEvent: {}
[196.681389] (-) TimerEvent: {}
[196.784049] (-) TimerEvent: {}
[196.887410] (-) TimerEvent: {}
[196.990904] (-) TimerEvent: {}
[197.093673] (-) TimerEvent: {}
[197.195053] (-) TimerEvent: {}
[197.285388] (rosbridge_test_msgs) StdoutLine: {'line': b'[ 86%] \x1b[32mBuilding CXX object CMakeFiles/rosbridge_test_msgs__rosidl_typesupport_introspection_cpp.dir/rosidl_typesupport_introspection_cpp/rosbridge_test_msgs/action/detail/test_feedback_and_result__type_support.cpp.o\x1b[0m\n'}
[197.295300] (-) TimerEvent: {}
[197.396315] (-) TimerEvent: {}
[197.499739] (-) TimerEvent: {}
[197.601438] (-) TimerEvent: {}
[197.702251] (-) TimerEvent: {}
[197.708556] (rosbridge_test_msgs) StdoutLine: {'line': b'[ 86%] \x1b[32mBuilding CXX object CMakeFiles/rosbridge_test_msgs__rosidl_typesupport_introspection_cpp.dir/rosidl_typesupport_introspection_cpp/rosbridge_test_msgs/action/detail/test_goal_and_result__type_support.cpp.o\x1b[0m\n'}
[197.805394] (-) TimerEvent: {}
[197.906167] (-) TimerEvent: {}
[198.007020] (-) TimerEvent: {}
[198.107840] (-) TimerEvent: {}
[198.209712] (-) TimerEvent: {}
[198.310403] (-) TimerEvent: {}
[198.413414] (-) TimerEvent: {}
[198.514184] (-) TimerEvent: {}
[198.614993] (-) TimerEvent: {}
[198.717478] (-) TimerEvent: {}
[198.818640] (-) TimerEvent: {}
[198.919894] (-) TimerEvent: {}
[199.020903] (-) TimerEvent: {}
[199.122912] (-) TimerEvent: {}
[199.224115] (-) TimerEvent: {}
[199.328945] (-) TimerEvent: {}
[199.430096] (-) TimerEvent: {}
[199.531360] (-) TimerEvent: {}
[199.632509] (-) TimerEvent: {}
[199.733511] (-) TimerEvent: {}
[199.824139] (rosbridge_test_msgs) StdoutLine: {'line': b'[ 86%] \x1b[32m\x1b[1mLinking CXX shared library librosbridge_test_msgs__rosidl_typesupport_fastrtps_cpp.so\x1b[0m\n'}
[199.833683] (-) TimerEvent: {}
[199.917736] (rosbridge_test_msgs) StdoutLine: {'line': b'[ 86%] \x1b[32mBuilding CXX object CMakeFiles/rosbridge_test_msgs__rosidl_typesupport_introspection_cpp.dir/rosidl_typesupport_introspection_cpp/rosbridge_test_msgs/action/detail/test_goal_feedback_and_result__type_support.cpp.o\x1b[0m\n'}
[199.934009] (-) TimerEvent: {}
[200.035340] (-) TimerEvent: {}
[200.140484] (-) TimerEvent: {}
[200.241877] (-) TimerEvent: {}
[200.347448] (-) TimerEvent: {}
[200.448727] (-) TimerEvent: {}
[200.551396] (-) TimerEvent: {}
[200.655783] (-) TimerEvent: {}
[200.756782] (-) TimerEvent: {}
[200.861615] (-) TimerEvent: {}
[200.902892] (rosbridge_test_msgs) StdoutLine: {'line': b'[ 86%] Built target rosbridge_test_msgs__rosidl_typesupport_fastrtps_cpp\n'}
[200.961871] (-) TimerEvent: {}
[201.063685] (-) TimerEvent: {}
[201.165329] (-) TimerEvent: {}
[201.266159] (-) TimerEvent: {}
[201.367092] (-) TimerEvent: {}
[201.468906] (-) TimerEvent: {}
[201.570565] (-) TimerEvent: {}
[201.671454] (-) TimerEvent: {}
[201.773356] (-) TimerEvent: {}
[201.874656] (-) TimerEvent: {}
[201.960517] (rosbridge_test_msgs) StdoutLine: {'line': b'[ 87%] \x1b[32mBuilding CXX object CMakeFiles/rosbridge_test_msgs__rosidl_typesupport_introspection_cpp.dir/rosidl_typesupport_introspection_cpp/rosbridge_test_msgs/action/detail/test_goal_only__type_support.cpp.o\x1b[0m\n'}
[201.974878] (-) TimerEvent: {}
[202.075912] (-) TimerEvent: {}
[202.178465] (-) TimerEvent: {}
[202.205690] (rosbridge_test_msgs) StdoutLine: {'line': b'[ 87%] \x1b[32mBuilding CXX object CMakeFiles/rosbridge_test_msgs__rosidl_typesupport_introspection_cpp.dir/rosidl_typesupport_introspection_cpp/rosbridge_test_msgs/action/detail/test_multiple_goal_fields__type_support.cpp.o\x1b[0m\n'}
[202.280414] (-) TimerEvent: {}
[202.381292] (-) TimerEvent: {}
[202.485647] (-) TimerEvent: {}
[202.586387] (-) TimerEvent: {}
[202.687128] (-) TimerEvent: {}
[202.780347] (rosbridge_test_msgs) StdoutLine: {'line': b'[ 87%] \x1b[32mBuilding CXX object CMakeFiles/rosbridge_test_msgs__rosidl_typesupport_introspection_cpp.dir/rosidl_typesupport_introspection_cpp/rosbridge_test_msgs/action/detail/test_result_only__type_support.cpp.o\x1b[0m\n'}
[202.788261] (-) TimerEvent: {}
[202.891805] (-) TimerEvent: {}
[202.995914] (-) TimerEvent: {}
[203.098818] (-) TimerEvent: {}
[203.203444] (-) TimerEvent: {}
[203.304435] (-) TimerEvent: {}
[203.407738] (-) TimerEvent: {}
[203.510761] (-) TimerEvent: {}
[203.612715] (-) TimerEvent: {}
[203.715867] (-) TimerEvent: {}
[203.816884] (-) TimerEvent: {}
[203.920881] (-) TimerEvent: {}
[204.022101] (-) TimerEvent: {}
[204.124387] (-) TimerEvent: {}
[204.225355] (-) TimerEvent: {}
[204.328408] (-) TimerEvent: {}
[204.429411] (-) TimerEvent: {}
[204.531770] (-) TimerEvent: {}
[204.633863] (-) TimerEvent: {}
[204.737952] (-) TimerEvent: {}
[204.839157] (-) TimerEvent: {}
[204.942877] (-) TimerEvent: {}
[205.043869] (-) TimerEvent: {}
[205.147888] (-) TimerEvent: {}
[205.249728] (-) TimerEvent: {}
[205.353832] (-) TimerEvent: {}
[205.457405] (-) TimerEvent: {}
[205.558410] (-) TimerEvent: {}
[205.659411] (-) TimerEvent: {}
[205.760691] (-) TimerEvent: {}
[205.862814] (-) TimerEvent: {}
[205.964755] (-) TimerEvent: {}
[206.066797] (-) TimerEvent: {}
[206.169782] (-) TimerEvent: {}
[206.270617] (-) TimerEvent: {}
[206.373864] (-) TimerEvent: {}
[206.474701] (-) TimerEvent: {}
[206.577409] (-) TimerEvent: {}
[206.693463] (-) TimerEvent: {}
[206.794330] (-) TimerEvent: {}
[206.895105] (-) TimerEvent: {}
[206.996283] (-) TimerEvent: {}
[207.097077] (-) TimerEvent: {}
[207.197789] (-) TimerEvent: {}
[207.298529] (-) TimerEvent: {}
[207.399174] (-) TimerEvent: {}
[207.499893] (-) TimerEvent: {}
[207.600862] (-) TimerEvent: {}
[207.701690] (-) TimerEvent: {}
[207.766240] (rosbridge_test_msgs) StdoutLine: {'line': b'[ 88%] \x1b[32m\x1b[1mLinking CXX shared library librosbridge_test_msgs__rosidl_typesupport_introspection_cpp.so\x1b[0m\n'}
[207.801902] (-) TimerEvent: {}
[207.902582] (-) TimerEvent: {}
[208.003303] (-) TimerEvent: {}
[208.103932] (-) TimerEvent: {}
[208.204718] (-) TimerEvent: {}
[208.305405] (-) TimerEvent: {}
[208.406117] (-) TimerEvent: {}
[208.506825] (-) TimerEvent: {}
[208.533272] (rosbridge_test_msgs) StdoutLine: {'line': b'[ 88%] Built target rosbridge_test_msgs__rosidl_typesupport_introspection_cpp\n'}
[208.607036] (-) TimerEvent: {}
[208.647539] (rosbridge_test_msgs) StdoutLine: {'line': b'[ 88%] Built target rosbridge_test_msgs\n'}
[208.707255] (-) TimerEvent: {}
[208.767900] (rosbridge_test_msgs) StdoutLine: {'line': b'[ 88%] \x1b[34m\x1b[1mGenerating Python code for ROS interfaces\x1b[0m\n'}
[208.807372] (-) TimerEvent: {}
[208.907933] (-) TimerEvent: {}
[209.008590] (-) TimerEvent: {}
[209.109276] (-) TimerEvent: {}
[209.209839] (-) TimerEvent: {}
[209.310427] (-) TimerEvent: {}
[209.410978] (-) TimerEvent: {}
[209.511604] (-) TimerEvent: {}
[209.612173] (-) TimerEvent: {}
[209.712742] (-) TimerEvent: {}
[209.813317] (-) TimerEvent: {}
[209.913840] (-) TimerEvent: {}
[210.014426] (-) TimerEvent: {}
[210.114968] (-) TimerEvent: {}
[210.215565] (-) TimerEvent: {}
[210.316097] (-) TimerEvent: {}
[210.416675] (-) TimerEvent: {}
[210.517281] (-) TimerEvent: {}
[210.617841] (-) TimerEvent: {}
[210.718401] (-) TimerEvent: {}
[210.818951] (-) TimerEvent: {}
[210.919544] (-) TimerEvent: {}
[211.020092] (-) TimerEvent: {}
[211.120703] (-) TimerEvent: {}
[211.221305] (-) TimerEvent: {}
[211.321846] (-) TimerEvent: {}
[211.422373] (-) TimerEvent: {}
[211.522901] (-) TimerEvent: {}
[211.623475] (-) TimerEvent: {}
[211.724032] (-) TimerEvent: {}
[211.824631] (-) TimerEvent: {}
[211.925156] (-) TimerEvent: {}
[212.025714] (-) TimerEvent: {}
[212.126262] (-) TimerEvent: {}
[212.226791] (-) TimerEvent: {}
[212.327321] (-) TimerEvent: {}
[212.427916] (-) TimerEvent: {}
[212.528518] (-) TimerEvent: {}
[212.629085] (-) TimerEvent: {}
[212.729668] (-) TimerEvent: {}
[212.830195] (-) TimerEvent: {}
[212.930767] (-) TimerEvent: {}
[213.031327] (-) TimerEvent: {}
[213.131980] (-) TimerEvent: {}
[213.232634] (-) TimerEvent: {}
[213.333176] (-) TimerEvent: {}
[213.433746] (-) TimerEvent: {}
[213.534321] (-) TimerEvent: {}
[213.634858] (-) TimerEvent: {}
[213.735430] (-) TimerEvent: {}
[213.835981] (-) TimerEvent: {}
[213.936567] (-) TimerEvent: {}
[214.037114] (-) TimerEvent: {}
[214.137714] (-) TimerEvent: {}
[214.238281] (-) TimerEvent: {}
[214.338820] (-) TimerEvent: {}
[214.439332] (-) TimerEvent: {}
[214.539860] (-) TimerEvent: {}
[214.640434] (-) TimerEvent: {}
[214.740943] (-) TimerEvent: {}
[214.841541] (-) TimerEvent: {}
[214.942073] (-) TimerEvent: {}
[215.042663] (-) TimerEvent: {}
[215.143245] (-) TimerEvent: {}
[215.243790] (-) TimerEvent: {}
[215.344343] (-) TimerEvent: {}
[215.444996] (-) TimerEvent: {}
[215.545796] (-) TimerEvent: {}
[215.646357] (-) TimerEvent: {}
[215.746891] (-) TimerEvent: {}
[215.847483] (-) TimerEvent: {}
[215.948016] (-) TimerEvent: {}
[216.048622] (-) TimerEvent: {}
[216.149161] (-) TimerEvent: {}
[216.249780] (-) TimerEvent: {}
[216.350319] (-) TimerEvent: {}
[216.450854] (-) TimerEvent: {}
[216.551417] (-) TimerEvent: {}
[216.651963] (-) TimerEvent: {}
[216.752581] (-) TimerEvent: {}
[216.853130] (-) TimerEvent: {}
[216.953723] (-) TimerEvent: {}
[217.054287] (-) TimerEvent: {}
[217.154844] (-) TimerEvent: {}
[217.255412] (-) TimerEvent: {}
[217.355964] (-) TimerEvent: {}
[217.456569] (-) TimerEvent: {}
[217.557104] (-) TimerEvent: {}
[217.657680] (-) TimerEvent: {}
[217.758251] (-) TimerEvent: {}
[217.858779] (-) TimerEvent: {}
[217.959314] (-) TimerEvent: {}
[218.059851] (-) TimerEvent: {}
[218.160462] (-) TimerEvent: {}
[218.260996] (-) TimerEvent: {}
[218.361579] (-) TimerEvent: {}
[218.462127] (-) TimerEvent: {}
[218.562684] (-) TimerEvent: {}
[218.663276] (-) TimerEvent: {}
[218.763809] (-) TimerEvent: {}
[218.864370] (-) TimerEvent: {}
[218.964913] (-) TimerEvent: {}
[219.065516] (-) TimerEvent: {}
[219.166061] (-) TimerEvent: {}
[219.266634] (-) TimerEvent: {}
[219.367196] (-) TimerEvent: {}
[219.467766] (-) TimerEvent: {}
[219.568331] (-) TimerEvent: {}
[219.668878] (-) TimerEvent: {}
[219.769453] (-) TimerEvent: {}
[219.869974] (-) TimerEvent: {}
[219.970551] (-) TimerEvent: {}
[220.071097] (-) TimerEvent: {}
[220.171724] (-) TimerEvent: {}
[220.272307] (-) TimerEvent: {}
[220.372850] (-) TimerEvent: {}
[220.473428] (-) TimerEvent: {}
[220.573988] (-) TimerEvent: {}
[220.674592] (-) TimerEvent: {}
[220.775109] (-) TimerEvent: {}
[220.875694] (-) TimerEvent: {}
[220.976264] (-) TimerEvent: {}
[221.076810] (-) TimerEvent: {}
[221.177334] (-) TimerEvent: {}
[221.277846] (-) TimerEvent: {}
[221.378398] (-) TimerEvent: {}
[221.478940] (-) TimerEvent: {}
[221.579510] (-) TimerEvent: {}
[221.680047] (-) TimerEvent: {}
[221.780636] (-) TimerEvent: {}
[221.951015] (-) TimerEvent: {}
[222.051596] (-) TimerEvent: {}
[222.152142] (-) TimerEvent: {}
[222.252706] (-) TimerEvent: {}
[222.353270] (-) TimerEvent: {}
[222.453806] (-) TimerEvent: {}
[222.554337] (-) TimerEvent: {}
[222.654871] (-) TimerEvent: {}
[222.755445] (-) TimerEvent: {}
[222.855975] (-) TimerEvent: {}
[222.956592] (-) TimerEvent: {}
[223.057132] (-) TimerEvent: {}
[223.157687] (-) TimerEvent: {}
[223.258259] (-) TimerEvent: {}
[223.358802] (-) TimerEvent: {}
[223.459350] (-) TimerEvent: {}
[223.559868] (-) TimerEvent: {}
[223.660445] (-) TimerEvent: {}
[223.760978] (-) TimerEvent: {}
[223.861595] (-) TimerEvent: {}
[223.962139] (-) TimerEvent: {}
[224.062702] (-) TimerEvent: {}
[224.163276] (-) TimerEvent: {}
[224.263813] (-) TimerEvent: {}
[224.364373] (-) TimerEvent: {}
[224.464929] (-) TimerEvent: {}
[224.565552] (-) TimerEvent: {}
[224.666094] (-) TimerEvent: {}
[224.766656] (-) TimerEvent: {}
[224.867197] (-) TimerEvent: {}
[224.967794] (-) TimerEvent: {}
[225.068363] (-) TimerEvent: {}
[225.168917] (-) TimerEvent: {}
[225.269538] (-) TimerEvent: {}
[225.370175] (-) TimerEvent: {}
[225.470773] (-) TimerEvent: {}
[225.571361] (-) TimerEvent: {}
[225.671911] (-) TimerEvent: {}
[225.772514] (-) TimerEvent: {}
[225.873064] (-) TimerEvent: {}
[225.973649] (-) TimerEvent: {}
[226.074187] (-) TimerEvent: {}
[226.174764] (-) TimerEvent: {}
[226.275331] (-) TimerEvent: {}
[226.375871] (-) TimerEvent: {}
[226.476460] (-) TimerEvent: {}
[226.576987] (-) TimerEvent: {}
[226.677539] (-) TimerEvent: {}
[226.778052] (-) TimerEvent: {}
[226.878650] (-) TimerEvent: {}
[226.979200] (-) TimerEvent: {}
[227.079775] (-) TimerEvent: {}
[227.180313] (-) TimerEvent: {}
[227.280839] (-) TimerEvent: {}
[227.381399] (-) TimerEvent: {}
[227.481897] (-) TimerEvent: {}
[227.582490] (-) TimerEvent: {}
[227.683009] (-) TimerEvent: {}
[227.783582] (-) TimerEvent: {}
[227.884113] (-) TimerEvent: {}
[227.984672] (-) TimerEvent: {}
[228.085201] (-) TimerEvent: {}
[228.185758] (-) TimerEvent: {}
[228.286314] (-) TimerEvent: {}
[228.386845] (-) TimerEvent: {}
[228.487351] (-) TimerEvent: {}
[228.587851] (-) TimerEvent: {}
[228.688406] (-) TimerEvent: {}
[228.788931] (-) TimerEvent: {}
[228.889502] (-) TimerEvent: {}
[228.990017] (-) TimerEvent: {}
[229.090576] (-) TimerEvent: {}
[229.191098] (-) TimerEvent: {}
[229.291646] (-) TimerEvent: {}
[229.392168] (-) TimerEvent: {}
[229.492725] (-) TimerEvent: {}
[229.593260] (-) TimerEvent: {}
[229.693787] (-) TimerEvent: {}
[229.794317] (-) TimerEvent: {}
[229.894845] (-) TimerEvent: {}
[229.995421] (-) TimerEvent: {}
[230.095939] (-) TimerEvent: {}
[230.196511] (-) TimerEvent: {}
[230.297030] (-) TimerEvent: {}
[230.397598] (-) TimerEvent: {}
[230.498114] (-) TimerEvent: {}
[230.598661] (-) TimerEvent: {}
[230.699234] (-) TimerEvent: {}
[230.799770] (-) TimerEvent: {}
[230.900311] (-) TimerEvent: {}
[231.000834] (-) TimerEvent: {}
[231.101427] (-) TimerEvent: {}
[231.203365] (-) TimerEvent: {}
[231.306396] (-) TimerEvent: {}
[231.407165] (-) TimerEvent: {}
[231.509881] (-) TimerEvent: {}
[231.613410] (-) TimerEvent: {}
[231.714325] (-) TimerEvent: {}
[231.818478] (-) TimerEvent: {}
[231.919339] (-) TimerEvent: {}
[231.993471] (rosbridge_test_msgs) StdoutLine: {'line': b'[ 88%] Built target rosbridge_test_msgs__py\n'}
[232.019547] (-) TimerEvent: {}
[232.119565] (rosbridge_test_msgs) StdoutLine: {'line': b'[ 88%] \x1b[32mBuilding C object CMakeFiles/rosbridge_test_msgs__rosidl_generator_py.dir/rosidl_generator_py/rosbridge_test_msgs/msg/_test_duration_array_s.c.o\x1b[0m\n'}
[232.120855] (-) TimerEvent: {}
[232.124752] (rosbridge_test_msgs) StdoutLine: {'line': b'[ 88%] \x1b[32mBuilding C object CMakeFiles/rosbridge_test_msgs__rosidl_generator_py.dir/rosidl_generator_py/rosbridge_test_msgs/msg/_test_char_s.c.o\x1b[0m\n'}
[232.125450] (rosbridge_test_msgs) StdoutLine: {'line': b'[ 89%] \x1b[32mBuilding C object CMakeFiles/rosbridge_test_msgs__rosidl_generator_py.dir/rosidl_generator_py/rosbridge_test_msgs/msg/_num_s.c.o\x1b[0m\n'}
[232.140373] (rosbridge_test_msgs) StdoutLine: {'line': b'[ 90%] \x1b[32mBuilding C object CMakeFiles/rosbridge_test_msgs__rosidl_generator_py.dir/rosidl_generator_py/rosbridge_test_msgs/msg/_test_header_array_s.c.o\x1b[0m\n'}
[232.223359] (-) TimerEvent: {}
[232.324100] (-) TimerEvent: {}
[232.424854] (-) TimerEvent: {}
[232.527339] (-) TimerEvent: {}
[232.631744] (-) TimerEvent: {}
[232.732654] (-) TimerEvent: {}
[232.834143] (-) TimerEvent: {}
[232.921400] (rosbridge_test_msgs) StdoutLine: {'line': b'[ 90%] \x1b[32mBuilding C object CMakeFiles/rosbridge_test_msgs__rosidl_generator_py.dir/rosidl_generator_py/rosbridge_test_msgs/msg/_test_header_s.c.o\x1b[0m\n'}
[232.935956] (-) TimerEvent: {}
[232.940278] (rosbridge_test_msgs) StdoutLine: {'line': b'[ 90%] \x1b[32mBuilding C object CMakeFiles/rosbridge_test_msgs__rosidl_generator_py.dir/rosidl_generator_py/rosbridge_test_msgs/msg/_test_header_two_s.c.o\x1b[0m\n'}
[232.947906] (rosbridge_test_msgs) StdoutLine: {'line': b'[ 91%] \x1b[32mBuilding C object CMakeFiles/rosbridge_test_msgs__rosidl_generator_py.dir/rosidl_generator_py/rosbridge_test_msgs/msg/_test_time_array_s.c.o\x1b[0m\n'}
[232.987523] (rosbridge_test_msgs) StdoutLine: {'line': b'[ 91%] \x1b[32mBuilding C object CMakeFiles/rosbridge_test_msgs__rosidl_generator_py.dir/rosidl_generator_py/rosbridge_test_msgs/msg/_test_u_int8_s.c.o\x1b[0m\n'}
[233.037398] (-) TimerEvent: {}
[233.140715] (-) TimerEvent: {}
[233.241878] (-) TimerEvent: {}
[233.345789] (-) TimerEvent: {}
[233.446658] (-) TimerEvent: {}
[233.550774] (-) TimerEvent: {}
[233.651723] (-) TimerEvent: {}
[233.675440] (rosbridge_test_msgs) StdoutLine: {'line': b'[ 92%] \x1b[32mBuilding C object CMakeFiles/rosbridge_test_msgs__rosidl_generator_py.dir/rosidl_generator_py/rosbridge_test_msgs/msg/_test_u_int8_fixed_size_array16_s.c.o\x1b[0m\n'}
[233.676607] (rosbridge_test_msgs) StdoutLine: {'line': b'[ 92%] \x1b[32mBuilding C object CMakeFiles/rosbridge_test_msgs__rosidl_generator_py.dir/rosidl_generator_py/rosbridge_test_msgs/msg/_test_float32_array_s.c.o\x1b[0m\n'}
[233.749411] (rosbridge_test_msgs) StdoutLine: {'line': b'[ 92%] \x1b[32mBuilding C object CMakeFiles/rosbridge_test_msgs__rosidl_generator_py.dir/rosidl_generator_py/rosbridge_test_msgs/msg/_test_float32_bounded_array_s.c.o\x1b[0m\n'}
[233.751913] (-) TimerEvent: {}
[233.852689] (-) TimerEvent: {}
[233.881782] (rosbridge_test_msgs) StdoutLine: {'line': b'[ 92%] \x1b[32mBuilding C object CMakeFiles/rosbridge_test_msgs__rosidl_generator_py.dir/rosidl_generator_py/rosbridge_test_msgs/msg/_test_nested_bounded_array_s.c.o\x1b[0m\n'}
[233.954336] (-) TimerEvent: {}
[234.055025] (-) TimerEvent: {}
[234.159615] (-) TimerEvent: {}
[234.260709] (-) TimerEvent: {}
[234.365772] (-) TimerEvent: {}
[234.458634] (rosbridge_test_msgs) StdoutLine: {'line': b'[ 93%] \x1b[32mBuilding C object CMakeFiles/rosbridge_test_msgs__rosidl_generator_py.dir/rosidl_generator_py/rosbridge_test_msgs/srv/_add_two_ints_s.c.o\x1b[0m\n'}
[234.468542] (-) TimerEvent: {}
[234.504548] (rosbridge_test_msgs) StdoutLine: {'line': b'[ 93%] \x1b[32mBuilding C object CMakeFiles/rosbridge_test_msgs__rosidl_generator_py.dir/rosidl_generator_py/rosbridge_test_msgs/srv/_send_bytes_s.c.o\x1b[0m\n'}
[234.568754] (-) TimerEvent: {}
[234.631605] (rosbridge_test_msgs) StdoutLine: {'line': b'[ 93%] \x1b[32mBuilding C object CMakeFiles/rosbridge_test_msgs__rosidl_generator_py.dir/rosidl_generator_py/rosbridge_test_msgs/srv/_test_array_request_s.c.o\x1b[0m\n'}
[234.646405] (rosbridge_test_msgs) StdoutLine: {'line': b'[ 94%] \x1b[32mBuilding C object CMakeFiles/rosbridge_test_msgs__rosidl_generator_py.dir/rosidl_generator_py/rosbridge_test_msgs/srv/_test_empty_s.c.o\x1b[0m\n'}
[234.669023] (-) TimerEvent: {}
[234.773040] (-) TimerEvent: {}
[234.873804] (-) TimerEvent: {}
[234.975445] (-) TimerEvent: {}
[235.078430] (-) TimerEvent: {}
[235.179294] (-) TimerEvent: {}
[235.283401] (-) TimerEvent: {}
[235.384431] (-) TimerEvent: {}
[235.428351] (rosbridge_test_msgs) StdoutLine: {'line': b'[ 94%] \x1b[32mBuilding C object CMakeFiles/rosbridge_test_msgs__rosidl_generator_py.dir/rosidl_generator_py/rosbridge_test_msgs/srv/_test_multiple_request_fields_s.c.o\x1b[0m\n'}
[235.487398] (-) TimerEvent: {}
[235.513430] (rosbridge_test_msgs) StdoutLine: {'line': b'[ 94%] \x1b[32mBuilding C object CMakeFiles/rosbridge_test_msgs__rosidl_generator_py.dir/rosidl_generator_py/rosbridge_test_msgs/srv/_test_multiple_response_fields_s.c.o\x1b[0m\n'}
[235.555450] (rosbridge_test_msgs) StdoutLine: {'line': b'[ 95%] \x1b[32mBuilding C object CMakeFiles/rosbridge_test_msgs__rosidl_generator_py.dir/rosidl_generator_py/rosbridge_test_msgs/srv/_test_nested_service_s.c.o\x1b[0m\n'}
[235.587589] (-) TimerEvent: {}
[235.591190] (rosbridge_test_msgs) StdoutLine: {'line': b'[ 95%] \x1b[32mBuilding C object CMakeFiles/rosbridge_test_msgs__rosidl_generator_py.dir/rosidl_generator_py/rosbridge_test_msgs/srv/_test_request_and_response_s.c.o\x1b[0m\n'}
[235.687783] (-) TimerEvent: {}
[235.788507] (-) TimerEvent: {}
[235.891693] (-) TimerEvent: {}
[235.992523] (-) TimerEvent: {}
[236.093358] (-) TimerEvent: {}
[236.197647] (-) TimerEvent: {}
[236.298633] (-) TimerEvent: {}
[236.363238] (rosbridge_test_msgs) StdoutLine: {'line': b'[ 95%] \x1b[32mBuilding C object CMakeFiles/rosbridge_test_msgs__rosidl_generator_py.dir/rosidl_generator_py/rosbridge_test_msgs/srv/_test_request_only_s.c.o\x1b[0m\n'}
[236.399954] (-) TimerEvent: {}
[236.435833] (rosbridge_test_msgs) StdoutLine: {'line': b'[ 95%] \x1b[32mBuilding C object CMakeFiles/rosbridge_test_msgs__rosidl_generator_py.dir/rosidl_generator_py/rosbridge_test_msgs/srv/_test_response_only_s.c.o\x1b[0m\n'}
[236.498641] (rosbridge_test_msgs) StdoutLine: {'line': b'[ 96%] \x1b[32mBuilding C object CMakeFiles/rosbridge_test_msgs__rosidl_generator_py.dir/rosidl_generator_py/rosbridge_test_msgs/action/_test_empty_s.c.o\x1b[0m\n'}
[236.500138] (-) TimerEvent: {}
[236.573453] (rosbridge_test_msgs) StdoutLine: {'line': b'[ 96%] \x1b[32mBuilding C object CMakeFiles/rosbridge_test_msgs__rosidl_generator_py.dir/rosidl_generator_py/rosbridge_test_msgs/action/_test_feedback_and_result_s.c.o\x1b[0m\n'}
[236.600401] (-) TimerEvent: {}
[236.712848] (-) TimerEvent: {}
[236.813539] (-) TimerEvent: {}
[236.915141] (-) TimerEvent: {}
[237.016131] (-) TimerEvent: {}
[237.117052] (-) TimerEvent: {}
[237.219404] (-) TimerEvent: {}
[237.320582] (-) TimerEvent: {}
[237.334773] (rosbridge_test_msgs) StdoutLine: {'line': b'[ 96%] \x1b[32mBuilding C object CMakeFiles/rosbridge_test_msgs__rosidl_generator_py.dir/rosidl_generator_py/rosbridge_test_msgs/action/_test_goal_and_result_s.c.o\x1b[0m\n'}
[237.373432] (rosbridge_test_msgs) StdoutLine: {'line': b'[ 97%] \x1b[32mBuilding C object CMakeFiles/rosbridge_test_msgs__rosidl_generator_py.dir/rosidl_generator_py/rosbridge_test_msgs/action/_test_goal_feedback_and_result_s.c.o\x1b[0m\n'}
[237.420786] (-) TimerEvent: {}
[237.521734] (-) TimerEvent: {}
[237.625556] (-) TimerEvent: {}
[237.668456] (rosbridge_test_msgs) StdoutLine: {'line': b'[ 97%] \x1b[32mBuilding C object CMakeFiles/rosbridge_test_msgs__rosidl_generator_py.dir/rosidl_generator_py/rosbridge_test_msgs/action/_test_goal_only_s.c.o\x1b[0m\n'}
[237.725880] (-) TimerEvent: {}
[237.795583] (rosbridge_test_msgs) StdoutLine: {'line': b'[ 97%] \x1b[32mBuilding C object CMakeFiles/rosbridge_test_msgs__rosidl_generator_py.dir/rosidl_generator_py/rosbridge_test_msgs/action/_test_multiple_goal_fields_s.c.o\x1b[0m\n'}
[237.828395] (-) TimerEvent: {}
[237.929233] (-) TimerEvent: {}
[238.030595] (-) TimerEvent: {}
[238.133082] (-) TimerEvent: {}
[238.235974] (-) TimerEvent: {}
[238.339566] (-) TimerEvent: {}
[238.449186] (-) TimerEvent: {}
[238.550038] (-) TimerEvent: {}
[238.635992] (rosbridge_test_msgs) StdoutLine: {'line': b'[ 98%] \x1b[32mBuilding C object CMakeFiles/rosbridge_test_msgs__rosidl_generator_py.dir/rosidl_generator_py/rosbridge_test_msgs/action/_test_result_only_s.c.o\x1b[0m\n'}
[238.650349] (-) TimerEvent: {}
[238.751432] (-) TimerEvent: {}
[238.852113] (-) TimerEvent: {}
[238.952862] (-) TimerEvent: {}
[239.053610] (-) TimerEvent: {}
[239.154276] (-) TimerEvent: {}
[239.254926] (-) TimerEvent: {}
[239.355641] (-) TimerEvent: {}
[239.456296] (-) TimerEvent: {}
[239.556925] (-) TimerEvent: {}
[239.633500] (rosbridge_test_msgs) StdoutLine: {'line': b'[ 98%] \x1b[32m\x1b[1mLinking C shared library librosbridge_test_msgs__rosidl_generator_py.so\x1b[0m\n'}
[239.657141] (-) TimerEvent: {}
[239.757835] (-) TimerEvent: {}
[239.858627] (-) TimerEvent: {}
[239.959332] (-) TimerEvent: {}
[240.033501] (rosbridge_test_msgs) StdoutLine: {'line': b'[ 98%] Built target rosbridge_test_msgs__rosidl_generator_py\n'}
[240.059521] (-) TimerEvent: {}
[240.152576] (rosbridge_test_msgs) StdoutLine: {'line': b'[ 99%] \x1b[32mBuilding C object CMakeFiles/rosbridge_test_msgs_s__rosidl_typesupport_introspection_c.dir/rosidl_generator_py/rosbridge_test_msgs/_rosbridge_test_msgs_s.ep.rosidl_typesupport_introspection_c.c.o\x1b[0m\n'}
[240.153500] (rosbridge_test_msgs) StdoutLine: {'line': b'[ 99%] \x1b[32mBuilding C object CMakeFiles/rosbridge_test_msgs_s__rosidl_typesupport_fastrtps_c.dir/rosidl_generator_py/rosbridge_test_msgs/_rosbridge_test_msgs_s.ep.rosidl_typesupport_fastrtps_c.c.o\x1b[0m\n'}
[240.156010] (rosbridge_test_msgs) StdoutLine: {'line': b'[ 99%] \x1b[32mBuilding C object CMakeFiles/rosbridge_test_msgs_s__rosidl_typesupport_c.dir/rosidl_generator_py/rosbridge_test_msgs/_rosbridge_test_msgs_s.ep.rosidl_typesupport_c.c.o\x1b[0m\n'}
[240.159714] (-) TimerEvent: {}
[240.260384] (-) TimerEvent: {}
[240.361016] (-) TimerEvent: {}
[240.461715] (-) TimerEvent: {}
[240.563057] (-) TimerEvent: {}
[240.664619] (-) TimerEvent: {}
[240.765496] (-) TimerEvent: {}
[240.866296] (-) TimerEvent: {}
[240.967724] (-) TimerEvent: {}
[241.068640] (-) TimerEvent: {}
[241.170304] (-) TimerEvent: {}
[241.271308] (-) TimerEvent: {}
[241.372775] (-) TimerEvent: {}
[241.474418] (-) TimerEvent: {}
[241.576076] (-) TimerEvent: {}
[241.677117] (-) TimerEvent: {}
[241.778747] (-) TimerEvent: {}
[241.879664] (-) TimerEvent: {}
[241.981193] (-) TimerEvent: {}
[242.082176] (-) TimerEvent: {}
[242.183864] (-) TimerEvent: {}
[242.284960] (-) TimerEvent: {}
[242.386632] (-) TimerEvent: {}
[242.483895] (rosbridge_test_msgs) StdoutLine: {'line': b'[ 99%] \x1b[32m\x1b[1mLinking C shared module rosidl_generator_py/rosbridge_test_msgs/rosbridge_test_msgs_s__rosidl_typesupport_c.so\x1b[0m\n'}
[242.488437] (-) TimerEvent: {}
[242.503533] (rosbridge_test_msgs) StdoutLine: {'line': b'[100%] \x1b[32m\x1b[1mLinking C shared module rosidl_generator_py/rosbridge_test_msgs/rosbridge_test_msgs_s__rosidl_typesupport_introspection_c.so\x1b[0m\n'}
[242.580503] (rosbridge_test_msgs) StdoutLine: {'line': b'[100%] \x1b[32m\x1b[1mLinking C shared module rosidl_generator_py/rosbridge_test_msgs/rosbridge_test_msgs_s__rosidl_typesupport_fastrtps_c.so\x1b[0m\n'}
[242.588656] (-) TimerEvent: {}
[242.689583] (-) TimerEvent: {}
[242.761708] (rosbridge_test_msgs) StdoutLine: {'line': b'[100%] Built target rosbridge_test_msgs_s__rosidl_typesupport_c\n'}
[242.789800] (-) TimerEvent: {}
[242.793877] (rosbridge_test_msgs) StdoutLine: {'line': b'[100%] Built target rosbridge_test_msgs_s__rosidl_typesupport_introspection_c\n'}
[242.867097] (rosbridge_test_msgs) StdoutLine: {'line': b'[100%] Built target rosbridge_test_msgs_s__rosidl_typesupport_fastrtps_c\n'}
[242.889983] (-) TimerEvent: {}
[242.928997] (rosbridge_test_msgs) CommandEnded: {'returncode': 0}
[242.931631] (rosbridge_test_msgs) JobProgress: {'identifier': 'rosbridge_test_msgs', 'progress': 'install'}
[242.932587] (rosbridge_test_msgs) Command: {'cmd': ['/usr/bin/cmake', '--install', '/home/Malvin/my_ros_bot/build/rosbridge_test_msgs'], 'cwd': '/home/Malvin/my_ros_bot/build/rosbridge_test_msgs', 'env': OrderedDict({'LESSOPEN': '| /usr/bin/lesspipe %s', 'USER': 'Malvin', 'SSH_CLIENT': '192.168.50.252 54194 22', 'XDG_SESSION_TYPE': 'tty', 'SHLVL': '1', 'LD_LIBRARY_PATH': '/opt/ros/jazzy/lib/aarch64-linux-gnu:/opt/ros/jazzy/lib', 'HOME': '/home/Malvin', 'OLDPWD': '/home/Malvin/my_ros_bot/src', 'SSH_TTY': '/dev/pts/1', 'ROS_PYTHON_VERSION': '3', 'PS1': '(robot_space) \\[\\e]0;\\u@\\h: \\w\\a\\]${debian_chroot:+($debian_chroot)}\\[\\033[01;32m\\]\\u@\\h\\[\\033[00m\\]:\\[\\033[01;34m\\]\\w\\[\\033[00m\\]\\$', 'DBUS_SESSION_BUS_ADDRESS': 'unix:path=/run/user/1000/bus', 'COLCON_PREFIX_PATH': '/home/Malvin/my_ros_bot/install', 'ROS_DISTRO': 'jazzy', 'LOGNAME': 'Malvin', '_': '/usr/bin/colcon', 'ROS_VERSION': '2', 'XDG_SESSION_CLASS': 'user', 'TERM': 'xterm-256color', 'XDG_SESSION_ID': '9', 'PATH': '/opt/ros/jazzy/bin:/home/Malvin/robot_space/bin:/usr/local/sbin:/usr/local/bin:/usr/sbin:/usr/bin:/sbin:/bin:/usr/games:/usr/local/games:/snap/bin', 'XDG_RUNTIME_DIR': '/run/user/1000', 'LANG': 'en_US.UTF-8', 'VIRTUAL_ENV_PROMPT': '(robot_space)', 'RMW_IMPLEMENTATION': 'rmw_fastrtps_cpp', 'LS_COLORS': 'rs=0:di=01;34:ln=01;36:mh=00:pi=40;33:so=01;35:do=01;35:bd=40;33;01:cd=40;33;01:or=40;31;01:mi=00:su=37;41:sg=30;43:ca=00:tw=30;42:ow=34;42:st=37;44:ex=01;32:*.tar=01;31:*.tgz=01;31:*.arc=01;31:*.arj=01;31:*.taz=01;31:*.lha=01;31:*.lz4=01;31:*.lzh=01;31:*.lzma=01;31:*.tlz=01;31:*.txz=01;31:*.tzo=01;31:*.t7z=01;31:*.zip=01;31:*.z=01;31:*.dz=01;31:*.gz=01;31:*.lrz=01;31:*.lz=01;31:*.lzo=01;31:*.xz=01;31:*.zst=01;31:*.tzst=01;31:*.bz2=01;31:*.bz=01;31:*.tbz=01;31:*.tbz2=01;31:*.tz=01;31:*.deb=01;31:*.rpm=01;31:*.jar=01;31:*.war=01;31:*.ear=01;31:*.sar=01;31:*.rar=01;31:*.alz=01;31:*.ace=01;31:*.zoo=01;31:*.cpio=01;31:*.7z=01;31:*.rz=01;31:*.cab=01;31:*.wim=01;31:*.swm=01;31:*.dwm=01;31:*.esd=01;31:*.avif=01;35:*.jpg=01;35:*.jpeg=01;35:*.mjpg=01;35:*.mjpeg=01;35:*.gif=01;35:*.bmp=01;35:*.pbm=01;35:*.pgm=01;35:*.ppm=01;35:*.tga=01;35:*.xbm=01;35:*.xpm=01;35:*.tif=01;35:*.tiff=01;35:*.png=01;35:*.svg=01;35:*.svgz=01;35:*.mng=01;35:*.pcx=01;35:*.mov=01;35:*.mpg=01;35:*.mpeg=01;35:*.m2v=01;35:*.mkv=01;35:*.webm=01;35:*.webp=01;35:*.ogm=01;35:*.mp4=01;35:*.m4v=01;35:*.mp4v=01;35:*.vob=01;35:*.qt=01;35:*.nuv=01;35:*.wmv=01;35:*.asf=01;35:*.rm=01;35:*.rmvb=01;35:*.flc=01;35:*.avi=01;35:*.fli=01;35:*.flv=01;35:*.gl=01;35:*.dl=01;35:*.xcf=01;35:*.xwd=01;35:*.yuv=01;35:*.cgm=01;35:*.emf=01;35:*.ogv=01;35:*.ogx=01;35:*.aac=00;36:*.au=00;36:*.flac=00;36:*.m4a=00;36:*.mid=00;36:*.midi=00;36:*.mka=00;36:*.mp3=00;36:*.mpc=00;36:*.ogg=00;36:*.ra=00;36:*.wav=00;36:*.oga=00;36:*.opus=00;36:*.spx=00;36:*.xspf=00;36:*~=00;90:*#=00;90:*.bak=00;90:*.crdownload=00;90:*.dpkg-dist=00;90:*.dpkg-new=00;90:*.dpkg-old=00;90:*.dpkg-tmp=00;90:*.old=00;90:*.orig=00;90:*.part=00;90:*.rej=00;90:*.rpmnew=00;90:*.rpmorig=00;90:*.rpmsave=00;90:*.swp=00;90:*.tmp=00;90:*.ucf-dist=00;90:*.ucf-new=00;90:*.ucf-old=00;90:', 'ROS_DOMAIN_ID': '23', 'AMENT_PREFIX_PATH': '/home/Malvin/my_ros_bot/install/ros_bot_sim:/home/Malvin/my_ros_bot/install/ros_bot_imu:/home/Malvin/my_ros_bot/install/ros_bot_camera:/home/Malvin/my_ros_bot/install/pump_controller:/home/Malvin/my_ros_bot/install/onyx_robot:/home/Malvin/my_ros_bot/install/move_base:/home/Malvin/my_ros_bot/install/bot_teleop:/home/Malvin/my_ros_bot/install/arduino_ros:/opt/ros/jazzy', 'SHELL': '/bin/bash', 'GST_PLUGIN_PATH': '/usr/local/lib/aarch64-linux-gnu/gstreamer-1.0', 'LESSCLOSE': '/usr/bin/lesspipe %s %s', 'VIRTUAL_ENV': '/home/Malvin/robot_space', 'ROS_AUTOMATIC_DISCOVERY_RANGE': 'SUBNET', 'PWD': '/home/Malvin/my_ros_bot/build/rosbridge_test_msgs', 'LC_ALL': 'en_US.UTF-8', 'SSH_CONNECTION': '192.168.50.252 54194 192.168.50.1 22', 'XDG_DATA_DIRS': '/usr/local/share:/usr/share:/var/lib/snapd/desktop', 'PYTHONPATH': '/home/Malvin/my_ros_bot/build/ros_bot_sim:/home/Malvin/my_ros_bot/install/ros_bot_sim/lib/python3.12/site-packages:/home/Malvin/my_ros_bot/build/ros_bot_imu:/home/Malvin/my_ros_bot/install/ros_bot_imu/lib/python3.12/site-packages:/home/Malvin/my_ros_bot/build/ros_bot_camera:/home/Malvin/my_ros_bot/install/ros_bot_camera/lib/python3.12/site-packages:/home/Malvin/my_ros_bot/build/pump_controller:/home/Malvin/my_ros_bot/install/pump_controller/lib/python3.12/site-packages:/home/Malvin/my_ros_bot/build/onyx_robot:/home/Malvin/my_ros_bot/install/onyx_robot/lib/python3.12/site-packages:/home/Malvin/my_ros_bot/build/move_base:/home/Malvin/my_ros_bot/install/move_base/lib/python3.12/site-packages:/home/Malvin/my_ros_bot/build/bot_teleop:/home/Malvin/my_ros_bot/install/bot_teleop/lib/python3.12/site-packages:/home/Malvin/my_ros_bot/build/arduino_ros:/home/Malvin/my_ros_bot/install/arduino_ros/lib/python3.12/site-packages:/opt/ros/jazzy/lib/python3.12/site-packages', 'COLCON': '1', 'CMAKE_PREFIX_PATH': '/home/Malvin/my_ros_bot/install/ros_bot_sim:/home/Malvin/my_ros_bot/install/ros_bot_imu:/home/Malvin/my_ros_bot/install/ros_bot_camera:/home/Malvin/my_ros_bot/install/pump_controller:/home/Malvin/my_ros_bot/install/onyx_robot:/home/Malvin/my_ros_bot/install/move_base:/home/Malvin/my_ros_bot/install/bot_teleop:/home/Malvin/my_ros_bot/install/arduino_ros:/opt/ros/jazzy'}), 'shell': False}
[242.977578] (rosbridge_test_msgs) StdoutLine: {'line': b'-- Install configuration: ""\n'}
[242.978844] (rosbridge_test_msgs) StdoutLine: {'line': b'-- Installing: /home/Malvin/my_ros_bot/install/rosbridge_test_msgs/share/ament_index/resource_index/rosidl_interfaces/rosbridge_test_msgs\n'}
[242.980809] (rosbridge_test_msgs) StdoutLine: {'line': b'-- Installing: /home/Malvin/my_ros_bot/install/rosbridge_test_msgs/share/rosbridge_test_msgs/msg/Num.json\n'}
[242.982027] (rosbridge_test_msgs) StdoutLine: {'line': b'-- Installing: /home/Malvin/my_ros_bot/install/rosbridge_test_msgs/share/rosbridge_test_msgs/msg/TestChar.json\n'}
[242.983372] (rosbridge_test_msgs) StdoutLine: {'line': b'-- Installing: /home/Malvin/my_ros_bot/install/rosbridge_test_msgs/share/rosbridge_test_msgs/msg/TestDurationArray.json\n'}
[242.984714] (rosbridge_test_msgs) StdoutLine: {'line': b'-- Installing: /home/Malvin/my_ros_bot/install/rosbridge_test_msgs/share/rosbridge_test_msgs/msg/TestHeaderArray.json\n'}
[242.985961] (rosbridge_test_msgs) StdoutLine: {'line': b'-- Installing: /home/Malvin/my_ros_bot/install/rosbridge_test_msgs/share/rosbridge_test_msgs/msg/TestHeader.json\n'}
[242.987203] (rosbridge_test_msgs) StdoutLine: {'line': b'-- Installing: /home/Malvin/my_ros_bot/install/rosbridge_test_msgs/share/rosbridge_test_msgs/msg/TestHeaderTwo.json\n'}
[242.988485] (rosbridge_test_msgs) StdoutLine: {'line': b'-- Installing: /home/Malvin/my_ros_bot/install/rosbridge_test_msgs/share/rosbridge_test_msgs/msg/TestTimeArray.json\n'}
[242.989716] (rosbridge_test_msgs) StdoutLine: {'line': b'-- Installing: /home/Malvin/my_ros_bot/install/rosbridge_test_msgs/share/rosbridge_test_msgs/msg/TestUInt8.json\n'}
[242.990132] (-) TimerEvent: {}
[242.991133] (rosbridge_test_msgs) StdoutLine: {'line': b'-- Installing: /home/Malvin/my_ros_bot/install/rosbridge_test_msgs/share/rosbridge_test_msgs/msg/TestUInt8FixedSizeArray16.json\n'}
[242.992510] (rosbridge_test_msgs) StdoutLine: {'line': b'-- Installing: /home/Malvin/my_ros_bot/install/rosbridge_test_msgs/share/rosbridge_test_msgs/msg/TestFloat32Array.json\n'}
[242.993913] (rosbridge_test_msgs) StdoutLine: {'line': b'-- Installing: /home/Malvin/my_ros_bot/install/rosbridge_test_msgs/share/rosbridge_test_msgs/msg/TestFloat32BoundedArray.json\n'}
[242.995281] (rosbridge_test_msgs) StdoutLine: {'line': b'-- Installing: /home/Malvin/my_ros_bot/install/rosbridge_test_msgs/share/rosbridge_test_msgs/msg/TestNestedBoundedArray.json\n'}
[242.997084] (rosbridge_test_msgs) StdoutLine: {'line': b'-- Installing: /home/Malvin/my_ros_bot/install/rosbridge_test_msgs/share/rosbridge_test_msgs/srv/AddTwoInts.json\n'}
[242.998434] (rosbridge_test_msgs) StdoutLine: {'line': b'-- Installing: /home/Malvin/my_ros_bot/install/rosbridge_test_msgs/share/rosbridge_test_msgs/srv/SendBytes.json\n'}
[242.999740] (rosbridge_test_msgs) StdoutLine: {'line': b'-- Installing: /home/Malvin/my_ros_bot/install/rosbridge_test_msgs/share/rosbridge_test_msgs/srv/TestArrayRequest.json\n'}
[243.001111] (rosbridge_test_msgs) StdoutLine: {'line': b'-- Installing: /home/Malvin/my_ros_bot/install/rosbridge_test_msgs/share/rosbridge_test_msgs/srv/TestEmpty.json\n'}
[243.002444] (rosbridge_test_msgs) StdoutLine: {'line': b'-- Installing: /home/Malvin/my_ros_bot/install/rosbridge_test_msgs/share/rosbridge_test_msgs/srv/TestMultipleRequestFields.json\n'}
[243.003830] (rosbridge_test_msgs) StdoutLine: {'line': b'-- Installing: /home/Malvin/my_ros_bot/install/rosbridge_test_msgs/share/rosbridge_test_msgs/srv/TestMultipleResponseFields.json\n'}
[243.005187] (rosbridge_test_msgs) StdoutLine: {'line': b'-- Installing: /home/Malvin/my_ros_bot/install/rosbridge_test_msgs/share/rosbridge_test_msgs/srv/TestNestedService.json\n'}
[243.006754] (rosbridge_test_msgs) StdoutLine: {'line': b'-- Installing: /home/Malvin/my_ros_bot/install/rosbridge_test_msgs/share/rosbridge_test_msgs/srv/TestRequestAndResponse.json\n'}
[243.008075] (rosbridge_test_msgs) StdoutLine: {'line': b'-- Installing: /home/Malvin/my_ros_bot/install/rosbridge_test_msgs/share/rosbridge_test_msgs/srv/TestRequestOnly.json\n'}
[243.009438] (rosbridge_test_msgs) StdoutLine: {'line': b'-- Installing: /home/Malvin/my_ros_bot/install/rosbridge_test_msgs/share/rosbridge_test_msgs/srv/TestResponseOnly.json\n'}
[243.011092] (rosbridge_test_msgs) StdoutLine: {'line': b'-- Installing: /home/Malvin/my_ros_bot/install/rosbridge_test_msgs/share/rosbridge_test_msgs/action/TestEmpty.json\n'}
[243.012469] (rosbridge_test_msgs) StdoutLine: {'line': b'-- Installing: /home/Malvin/my_ros_bot/install/rosbridge_test_msgs/share/rosbridge_test_msgs/action/TestFeedbackAndResult.json\n'}
[243.013918] (rosbridge_test_msgs) StdoutLine: {'line': b'-- Installing: /home/Malvin/my_ros_bot/install/rosbridge_test_msgs/share/rosbridge_test_msgs/action/TestGoalAndResult.json\n'}
[243.015350] (rosbridge_test_msgs) StdoutLine: {'line': b'-- Installing: /home/Malvin/my_ros_bot/install/rosbridge_test_msgs/share/rosbridge_test_msgs/action/TestGoalFeedbackAndResult.json\n'}
[243.016794] (rosbridge_test_msgs) StdoutLine: {'line': b'-- Installing: /home/Malvin/my_ros_bot/install/rosbridge_test_msgs/share/rosbridge_test_msgs/action/TestGoalOnly.json\n'}
[243.018233] (rosbridge_test_msgs) StdoutLine: {'line': b'-- Installing: /home/Malvin/my_ros_bot/install/rosbridge_test_msgs/share/rosbridge_test_msgs/action/TestMultipleGoalFields.json\n'}
[243.019798] (rosbridge_test_msgs) StdoutLine: {'line': b'-- Installing: /home/Malvin/my_ros_bot/install/rosbridge_test_msgs/share/rosbridge_test_msgs/action/TestResultOnly.json\n'}
[243.021144] (rosbridge_test_msgs) StdoutLine: {'line': b'-- Installing: /home/Malvin/my_ros_bot/install/rosbridge_test_msgs/include/rosbridge_test_msgs/rosbridge_test_msgs\n'}
[243.022011] (rosbridge_test_msgs) StdoutLine: {'line': b'-- Installing: /home/Malvin/my_ros_bot/install/rosbridge_test_msgs/include/rosbridge_test_msgs/rosbridge_test_msgs/msg\n'}
[243.022840] (rosbridge_test_msgs) StdoutLine: {'line': b'-- Installing: /home/Malvin/my_ros_bot/install/rosbridge_test_msgs/include/rosbridge_test_msgs/rosbridge_test_msgs/msg/test_time_array.h\n'}
[243.024093] (rosbridge_test_msgs) StdoutLine: {'line': b'-- Installing: /home/Malvin/my_ros_bot/install/rosbridge_test_msgs/include/rosbridge_test_msgs/rosbridge_test_msgs/msg/test_float32_bounded_array.h\n'}
[243.025248] (rosbridge_test_msgs) StdoutLine: {'line': b'-- Installing: /home/Malvin/my_ros_bot/install/rosbridge_test_msgs/include/rosbridge_test_msgs/rosbridge_test_msgs/msg/num.h\n'}
[243.026360] (rosbridge_test_msgs) StdoutLine: {'line': b'-- Installing: /home/Malvin/my_ros_bot/install/rosbridge_test_msgs/include/rosbridge_test_msgs/rosbridge_test_msgs/msg/test_header_array.h\n'}
[243.027523] (rosbridge_test_msgs) StdoutLine: {'line': b'-- Installing: /home/Malvin/my_ros_bot/install/rosbridge_test_msgs/include/rosbridge_test_msgs/rosbridge_test_msgs/msg/test_nested_bounded_array.h\n'}
[243.028703] (rosbridge_test_msgs) StdoutLine: {'line': b'-- Installing: /home/Malvin/my_ros_bot/install/rosbridge_test_msgs/include/rosbridge_test_msgs/rosbridge_test_msgs/msg/test_header_two.h\n'}
[243.029843] (rosbridge_test_msgs) StdoutLine: {'line': b'-- Installing: /home/Malvin/my_ros_bot/install/rosbridge_test_msgs/include/rosbridge_test_msgs/rosbridge_test_msgs/msg/test_u_int8_fixed_size_array16.h\n'}
[243.031000] (rosbridge_test_msgs) StdoutLine: {'line': b'-- Installing: /home/Malvin/my_ros_bot/install/rosbridge_test_msgs/include/rosbridge_test_msgs/rosbridge_test_msgs/msg/detail\n'}
[243.032529] (rosbridge_test_msgs) StdoutLine: {'line': b'-- Installing: /home/Malvin/my_ros_bot/install/rosbridge_test_msgs/include/rosbridge_test_msgs/rosbridge_test_msgs/msg/detail/test_u_int8__description.c\n'}
[243.033819] (rosbridge_test_msgs) StdoutLine: {'line': b'-- Installing: /home/Malvin/my_ros_bot/install/rosbridge_test_msgs/include/rosbridge_test_msgs/rosbridge_test_msgs/msg/detail/test_u_int8_fixed_size_array16__struct.h\n'}
[243.035089] (rosbridge_test_msgs) StdoutLine: {'line': b'-- Installing: /home/Malvin/my_ros_bot/install/rosbridge_test_msgs/include/rosbridge_test_msgs/rosbridge_test_msgs/msg/detail/test_duration_array__type_support.c\n'}
[243.036353] (rosbridge_test_msgs) StdoutLine: {'line': b'-- Installing: /home/Malvin/my_ros_bot/install/rosbridge_test_msgs/include/rosbridge_test_msgs/rosbridge_test_msgs/msg/detail/num__description.c\n'}
[243.037558] (rosbridge_test_msgs) StdoutLine: {'line': b'-- Installing: /home/Malvin/my_ros_bot/install/rosbridge_test_msgs/include/rosbridge_test_msgs/rosbridge_test_msgs/msg/detail/test_float32_array__struct.h\n'}
[243.038796] (rosbridge_test_msgs) StdoutLine: {'line': b'-- Installing: /home/Malvin/my_ros_bot/install/rosbridge_test_msgs/include/rosbridge_test_msgs/rosbridge_test_msgs/msg/detail/test_header__functions.h\n'}
[243.040031] (rosbridge_test_msgs) StdoutLine: {'line': b'-- Installing: /home/Malvin/my_ros_bot/install/rosbridge_test_msgs/include/rosbridge_test_msgs/rosbridge_test_msgs/msg/detail/test_header_array__struct.h\n'}
[243.041328] (rosbridge_test_msgs) StdoutLine: {'line': b'-- Installing: /home/Malvin/my_ros_bot/install/rosbridge_test_msgs/include/rosbridge_test_msgs/rosbridge_test_msgs/msg/detail/test_nested_bounded_array__type_support.h\n'}
[243.042581] (rosbridge_test_msgs) StdoutLine: {'line': b'-- Installing: /home/Malvin/my_ros_bot/install/rosbridge_test_msgs/include/rosbridge_test_msgs/rosbridge_test_msgs/msg/detail/test_float32_bounded_array__type_support.c\n'}
[243.043853] (rosbridge_test_msgs) StdoutLine: {'line': b'-- Installing: /home/Malvin/my_ros_bot/install/rosbridge_test_msgs/include/rosbridge_test_msgs/rosbridge_test_msgs/msg/detail/test_float32_bounded_array__type_support.h\n'}
[243.045119] (rosbridge_test_msgs) StdoutLine: {'line': b'-- Installing: /home/Malvin/my_ros_bot/install/rosbridge_test_msgs/include/rosbridge_test_msgs/rosbridge_test_msgs/msg/detail/test_duration_array__functions.h\n'}
[243.046469] (rosbridge_test_msgs) StdoutLine: {'line': b'-- Installing: /home/Malvin/my_ros_bot/install/rosbridge_test_msgs/include/rosbridge_test_msgs/rosbridge_test_msgs/msg/detail/test_char__type_support.c\n'}
[243.047688] (rosbridge_test_msgs) StdoutLine: {'line': b'-- Installing: /home/Malvin/my_ros_bot/install/rosbridge_test_msgs/include/rosbridge_test_msgs/rosbridge_test_msgs/msg/detail/test_duration_array__struct.h\n'}
[243.048922] (rosbridge_test_msgs) StdoutLine: {'line': b'-- Installing: /home/Malvin/my_ros_bot/install/rosbridge_test_msgs/include/rosbridge_test_msgs/rosbridge_test_msgs/msg/detail/test_u_int8_fixed_size_array16__functions.c\n'}
[243.050246] (rosbridge_test_msgs) StdoutLine: {'line': b'-- Installing: /home/Malvin/my_ros_bot/install/rosbridge_test_msgs/include/rosbridge_test_msgs/rosbridge_test_msgs/msg/detail/test_u_int8__functions.h\n'}
[243.051598] (rosbridge_test_msgs) StdoutLine: {'line': b'-- Installing: /home/Malvin/my_ros_bot/install/rosbridge_test_msgs/include/rosbridge_test_msgs/rosbridge_test_msgs/msg/detail/test_nested_bounded_array__functions.c\n'}
[243.052953] (rosbridge_test_msgs) StdoutLine: {'line': b'-- Installing: /home/Malvin/my_ros_bot/install/rosbridge_test_msgs/include/rosbridge_test_msgs/rosbridge_test_msgs/msg/detail/test_header_array__type_support.c\n'}
[243.054192] (rosbridge_test_msgs) StdoutLine: {'line': b'-- Installing: /home/Malvin/my_ros_bot/install/rosbridge_test_msgs/include/rosbridge_test_msgs/rosbridge_test_msgs/msg/detail/test_float32_array__description.c\n'}
[243.055539] (rosbridge_test_msgs) StdoutLine: {'line': b'-- Installing: /home/Malvin/my_ros_bot/install/rosbridge_test_msgs/include/rosbridge_test_msgs/rosbridge_test_msgs/msg/detail/test_duration_array__type_support.h\n'}
[243.056823] (rosbridge_test_msgs) StdoutLine: {'line': b'-- Installing: /home/Malvin/my_ros_bot/install/rosbridge_test_msgs/include/rosbridge_test_msgs/rosbridge_test_msgs/msg/detail/test_header_two__functions.h\n'}
[243.058123] (rosbridge_test_msgs) StdoutLine: {'line': b'-- Installing: /home/Malvin/my_ros_bot/install/rosbridge_test_msgs/include/rosbridge_test_msgs/rosbridge_test_msgs/msg/detail/test_float32_array__functions.c\n'}
[243.059410] (rosbridge_test_msgs) StdoutLine: {'line': b'-- Installing: /home/Malvin/my_ros_bot/install/rosbridge_test_msgs/include/rosbridge_test_msgs/rosbridge_test_msgs/msg/detail/test_u_int8_fixed_size_array16__functions.h\n'}
[243.060779] (rosbridge_test_msgs) StdoutLine: {'line': b'-- Installing: /home/Malvin/my_ros_bot/install/rosbridge_test_msgs/include/rosbridge_test_msgs/rosbridge_test_msgs/msg/detail/test_time_array__type_support.c\n'}
[243.062052] (rosbridge_test_msgs) StdoutLine: {'line': b'-- Installing: /home/Malvin/my_ros_bot/install/rosbridge_test_msgs/include/rosbridge_test_msgs/rosbridge_test_msgs/msg/detail/test_time_array__functions.h\n'}
[243.063357] (rosbridge_test_msgs) StdoutLine: {'line': b'-- Installing: /home/Malvin/my_ros_bot/install/rosbridge_test_msgs/include/rosbridge_test_msgs/rosbridge_test_msgs/msg/detail/test_header_two__type_support.c\n'}
[243.064613] (rosbridge_test_msgs) StdoutLine: {'line': b'-- Installing: /home/Malvin/my_ros_bot/install/rosbridge_test_msgs/include/rosbridge_test_msgs/rosbridge_test_msgs/msg/detail/test_duration_array__description.c\n'}
[243.065876] (rosbridge_test_msgs) StdoutLine: {'line': b'-- Installing: /home/Malvin/my_ros_bot/install/rosbridge_test_msgs/include/rosbridge_test_msgs/rosbridge_test_msgs/msg/detail/test_time_array__description.c\n'}
[243.067150] (rosbridge_test_msgs) StdoutLine: {'line': b'-- Installing: /home/Malvin/my_ros_bot/install/rosbridge_test_msgs/include/rosbridge_test_msgs/rosbridge_test_msgs/msg/detail/test_u_int8_fixed_size_array16__type_support.h\n'}
[243.068457] (rosbridge_test_msgs) StdoutLine: {'line': b'-- Installing: /home/Malvin/my_ros_bot/install/rosbridge_test_msgs/include/rosbridge_test_msgs/rosbridge_test_msgs/msg/detail/test_float32_bounded_array__struct.h\n'}
[243.069736] (rosbridge_test_msgs) StdoutLine: {'line': b'-- Installing: /home/Malvin/my_ros_bot/install/rosbridge_test_msgs/include/rosbridge_test_msgs/rosbridge_test_msgs/msg/detail/test_header__description.c\n'}
[243.070958] (rosbridge_test_msgs) StdoutLine: {'line': b'-- Installing: /home/Malvin/my_ros_bot/install/rosbridge_test_msgs/include/rosbridge_test_msgs/rosbridge_test_msgs/msg/detail/test_header__functions.c\n'}
[243.072193] (rosbridge_test_msgs) StdoutLine: {'line': b'-- Installing: /home/Malvin/my_ros_bot/install/rosbridge_test_msgs/include/rosbridge_test_msgs/rosbridge_test_msgs/msg/detail/test_char__struct.h\n'}
[243.073445] (rosbridge_test_msgs) StdoutLine: {'line': b'-- Installing: /home/Malvin/my_ros_bot/install/rosbridge_test_msgs/include/rosbridge_test_msgs/rosbridge_test_msgs/msg/detail/test_nested_bounded_array__description.c\n'}
[243.074743] (rosbridge_test_msgs) StdoutLine: {'line': b'-- Installing: /home/Malvin/my_ros_bot/install/rosbridge_test_msgs/include/rosbridge_test_msgs/rosbridge_test_msgs/msg/detail/test_u_int8__functions.c\n'}
[243.075995] (rosbridge_test_msgs) StdoutLine: {'line': b'-- Installing: /home/Malvin/my_ros_bot/install/rosbridge_test_msgs/include/rosbridge_test_msgs/rosbridge_test_msgs/msg/detail/test_float32_bounded_array__functions.h\n'}
[243.077420] (rosbridge_test_msgs) StdoutLine: {'line': b'-- Installing: /home/Malvin/my_ros_bot/install/rosbridge_test_msgs/include/rosbridge_test_msgs/rosbridge_test_msgs/msg/detail/test_float32_array__functions.h\n'}
[243.078734] (rosbridge_test_msgs) StdoutLine: {'line': b'-- Installing: /home/Malvin/my_ros_bot/install/rosbridge_test_msgs/include/rosbridge_test_msgs/rosbridge_test_msgs/msg/detail/test_header_array__type_support.h\n'}
[243.079976] (rosbridge_test_msgs) StdoutLine: {'line': b'-- Installing: /home/Malvin/my_ros_bot/install/rosbridge_test_msgs/include/rosbridge_test_msgs/rosbridge_test_msgs/msg/detail/test_header_two__struct.h\n'}
[243.081177] (rosbridge_test_msgs) StdoutLine: {'line': b'-- Installing: /home/Malvin/my_ros_bot/install/rosbridge_test_msgs/include/rosbridge_test_msgs/rosbridge_test_msgs/msg/detail/num__functions.h\n'}
[243.082461] (rosbridge_test_msgs) StdoutLine: {'line': b'-- Installing: /home/Malvin/my_ros_bot/install/rosbridge_test_msgs/include/rosbridge_test_msgs/rosbridge_test_msgs/msg/detail/test_header_two__functions.c\n'}
[243.083740] (rosbridge_test_msgs) StdoutLine: {'line': b'-- Installing: /home/Malvin/my_ros_bot/install/rosbridge_test_msgs/include/rosbridge_test_msgs/rosbridge_test_msgs/msg/detail/test_time_array__functions.c\n'}
[243.085000] (rosbridge_test_msgs) StdoutLine: {'line': b'-- Installing: /home/Malvin/my_ros_bot/install/rosbridge_test_msgs/include/rosbridge_test_msgs/rosbridge_test_msgs/msg/detail/test_u_int8__type_support.c\n'}
[243.086289] (rosbridge_test_msgs) StdoutLine: {'line': b'-- Installing: /home/Malvin/my_ros_bot/install/rosbridge_test_msgs/include/rosbridge_test_msgs/rosbridge_test_msgs/msg/detail/test_float32_bounded_array__description.c\n'}
[243.087569] (rosbridge_test_msgs) StdoutLine: {'line': b'-- Installing: /home/Malvin/my_ros_bot/install/rosbridge_test_msgs/include/rosbridge_test_msgs/rosbridge_test_msgs/msg/detail/test_duration_array__functions.c\n'}
[243.088842] (rosbridge_test_msgs) StdoutLine: {'line': b'-- Installing: /home/Malvin/my_ros_bot/install/rosbridge_test_msgs/include/rosbridge_test_msgs/rosbridge_test_msgs/msg/detail/test_header_array__functions.h\n'}
[243.090156] (rosbridge_test_msgs) StdoutLine: {'line': b'-- Installing: /home/Malvin/my_ros_bot/install/rosbridge_test_msgs/include/rosbridge_test_msgs/rosbridge_test_msgs/msg/detail/test_time_array__type_support.h\n'}
[243.090621] (-) TimerEvent: {}
[243.091495] (rosbridge_test_msgs) StdoutLine: {'line': b'-- Installing: /home/Malvin/my_ros_bot/install/rosbridge_test_msgs/include/rosbridge_test_msgs/rosbridge_test_msgs/msg/detail/num__type_support.c\n'}
[243.092753] (rosbridge_test_msgs) StdoutLine: {'line': b'-- Installing: /home/Malvin/my_ros_bot/install/rosbridge_test_msgs/include/rosbridge_test_msgs/rosbridge_test_msgs/msg/detail/test_header_array__description.c\n'}
[243.094075] (rosbridge_test_msgs) StdoutLine: {'line': b'-- Installing: /home/Malvin/my_ros_bot/install/rosbridge_test_msgs/include/rosbridge_test_msgs/rosbridge_test_msgs/msg/detail/num__struct.h\n'}
[243.095299] (rosbridge_test_msgs) StdoutLine: {'line': b'-- Installing: /home/Malvin/my_ros_bot/install/rosbridge_test_msgs/include/rosbridge_test_msgs/rosbridge_test_msgs/msg/detail/test_header_two__type_support.h\n'}
[243.096931] (rosbridge_test_msgs) StdoutLine: {'line': b'-- Installing: /home/Malvin/my_ros_bot/install/rosbridge_test_msgs/include/rosbridge_test_msgs/rosbridge_test_msgs/msg/detail/test_header__struct.h\n'}
[243.098196] (rosbridge_test_msgs) StdoutLine: {'line': b'-- Installing: /home/Malvin/my_ros_bot/install/rosbridge_test_msgs/include/rosbridge_test_msgs/rosbridge_test_msgs/msg/detail/test_time_array__struct.h\n'}
[243.099433] (rosbridge_test_msgs) StdoutLine: {'line': b'-- Installing: /home/Malvin/my_ros_bot/install/rosbridge_test_msgs/include/rosbridge_test_msgs/rosbridge_test_msgs/msg/detail/num__type_support.h\n'}
[243.100636] (rosbridge_test_msgs) StdoutLine: {'line': b'-- Installing: /home/Malvin/my_ros_bot/install/rosbridge_test_msgs/include/rosbridge_test_msgs/rosbridge_test_msgs/msg/detail/test_nested_bounded_array__functions.h\n'}
[243.102087] (rosbridge_test_msgs) StdoutLine: {'line': b'-- Installing: /home/Malvin/my_ros_bot/install/rosbridge_test_msgs/include/rosbridge_test_msgs/rosbridge_test_msgs/msg/detail/test_u_int8_fixed_size_array16__description.c\n'}
[243.103426] (rosbridge_test_msgs) StdoutLine: {'line': b'-- Installing: /home/Malvin/my_ros_bot/install/rosbridge_test_msgs/include/rosbridge_test_msgs/rosbridge_test_msgs/msg/detail/test_char__type_support.h\n'}
[243.104645] (rosbridge_test_msgs) StdoutLine: {'line': b'-- Installing: /home/Malvin/my_ros_bot/install/rosbridge_test_msgs/include/rosbridge_test_msgs/rosbridge_test_msgs/msg/detail/test_u_int8__struct.h\n'}
[243.105873] (rosbridge_test_msgs) StdoutLine: {'line': b'-- Installing: /home/Malvin/my_ros_bot/install/rosbridge_test_msgs/include/rosbridge_test_msgs/rosbridge_test_msgs/msg/detail/test_char__description.c\n'}
[243.107111] (rosbridge_test_msgs) StdoutLine: {'line': b'-- Installing: /home/Malvin/my_ros_bot/install/rosbridge_test_msgs/include/rosbridge_test_msgs/rosbridge_test_msgs/msg/detail/test_u_int8__type_support.h\n'}
[243.108328] (rosbridge_test_msgs) StdoutLine: {'line': b'-- Installing: /home/Malvin/my_ros_bot/install/rosbridge_test_msgs/include/rosbridge_test_msgs/rosbridge_test_msgs/msg/detail/test_header_array__functions.c\n'}
[243.109652] (rosbridge_test_msgs) StdoutLine: {'line': b'-- Installing: /home/Malvin/my_ros_bot/install/rosbridge_test_msgs/include/rosbridge_test_msgs/rosbridge_test_msgs/msg/detail/test_nested_bounded_array__type_support.c\n'}
[243.111025] (rosbridge_test_msgs) StdoutLine: {'line': b'-- Installing: /home/Malvin/my_ros_bot/install/rosbridge_test_msgs/include/rosbridge_test_msgs/rosbridge_test_msgs/msg/detail/test_u_int8_fixed_size_array16__type_support.c\n'}
[243.112319] (rosbridge_test_msgs) StdoutLine: {'line': b'-- Installing: /home/Malvin/my_ros_bot/install/rosbridge_test_msgs/include/rosbridge_test_msgs/rosbridge_test_msgs/msg/detail/test_header__type_support.c\n'}
[243.113540] (rosbridge_test_msgs) StdoutLine: {'line': b'-- Installing: /home/Malvin/my_ros_bot/install/rosbridge_test_msgs/include/rosbridge_test_msgs/rosbridge_test_msgs/msg/detail/test_float32_bounded_array__functions.c\n'}
[243.114861] (rosbridge_test_msgs) StdoutLine: {'line': b'-- Installing: /home/Malvin/my_ros_bot/install/rosbridge_test_msgs/include/rosbridge_test_msgs/rosbridge_test_msgs/msg/detail/test_header_two__description.c\n'}
[243.116136] (rosbridge_test_msgs) StdoutLine: {'line': b'-- Installing: /home/Malvin/my_ros_bot/install/rosbridge_test_msgs/include/rosbridge_test_msgs/rosbridge_test_msgs/msg/detail/test_float32_array__type_support.c\n'}
[243.117582] (rosbridge_test_msgs) StdoutLine: {'line': b'-- Installing: /home/Malvin/my_ros_bot/install/rosbridge_test_msgs/include/rosbridge_test_msgs/rosbridge_test_msgs/msg/detail/test_char__functions.h\n'}
[243.118889] (rosbridge_test_msgs) StdoutLine: {'line': b'-- Installing: /home/Malvin/my_ros_bot/install/rosbridge_test_msgs/include/rosbridge_test_msgs/rosbridge_test_msgs/msg/detail/test_nested_bounded_array__struct.h\n'}
[243.120140] (rosbridge_test_msgs) StdoutLine: {'line': b'-- Installing: /home/Malvin/my_ros_bot/install/rosbridge_test_msgs/include/rosbridge_test_msgs/rosbridge_test_msgs/msg/detail/test_header__type_support.h\n'}
[243.121401] (rosbridge_test_msgs) StdoutLine: {'line': b'-- Installing: /home/Malvin/my_ros_bot/install/rosbridge_test_msgs/include/rosbridge_test_msgs/rosbridge_test_msgs/msg/detail/num__functions.c\n'}
[243.122653] (rosbridge_test_msgs) StdoutLine: {'line': b'-- Installing: /home/Malvin/my_ros_bot/install/rosbridge_test_msgs/include/rosbridge_test_msgs/rosbridge_test_msgs/msg/detail/test_float32_array__type_support.h\n'}
[243.123904] (rosbridge_test_msgs) StdoutLine: {'line': b'-- Installing: /home/Malvin/my_ros_bot/install/rosbridge_test_msgs/include/rosbridge_test_msgs/rosbridge_test_msgs/msg/detail/test_char__functions.c\n'}
[243.125167] (rosbridge_test_msgs) StdoutLine: {'line': b'-- Installing: /home/Malvin/my_ros_bot/install/rosbridge_test_msgs/include/rosbridge_test_msgs/rosbridge_test_msgs/msg/rosidl_generator_c__visibility_control.h\n'}
[243.126433] (rosbridge_test_msgs) StdoutLine: {'line': b'-- Installing: /home/Malvin/my_ros_bot/install/rosbridge_test_msgs/include/rosbridge_test_msgs/rosbridge_test_msgs/msg/test_float32_array.h\n'}
[243.127577] (rosbridge_test_msgs) StdoutLine: {'line': b'-- Installing: /home/Malvin/my_ros_bot/install/rosbridge_test_msgs/include/rosbridge_test_msgs/rosbridge_test_msgs/msg/test_char.h\n'}
[243.128652] (rosbridge_test_msgs) StdoutLine: {'line': b'-- Installing: /home/Malvin/my_ros_bot/install/rosbridge_test_msgs/include/rosbridge_test_msgs/rosbridge_test_msgs/msg/test_header.h\n'}
[243.129801] (rosbridge_test_msgs) StdoutLine: {'line': b'-- Installing: /home/Malvin/my_ros_bot/install/rosbridge_test_msgs/include/rosbridge_test_msgs/rosbridge_test_msgs/msg/test_duration_array.h\n'}
[243.130958] (rosbridge_test_msgs) StdoutLine: {'line': b'-- Installing: /home/Malvin/my_ros_bot/install/rosbridge_test_msgs/include/rosbridge_test_msgs/rosbridge_test_msgs/msg/test_u_int8.h\n'}
[243.131989] (rosbridge_test_msgs) StdoutLine: {'line': b'-- Installing: /home/Malvin/my_ros_bot/install/rosbridge_test_msgs/include/rosbridge_test_msgs/rosbridge_test_msgs/srv\n'}
[243.132880] (rosbridge_test_msgs) StdoutLine: {'line': b'-- Installing: /home/Malvin/my_ros_bot/install/rosbridge_test_msgs/include/rosbridge_test_msgs/rosbridge_test_msgs/srv/detail\n'}
[243.134299] (rosbridge_test_msgs) StdoutLine: {'line': b'-- Installing: /home/Malvin/my_ros_bot/install/rosbridge_test_msgs/include/rosbridge_test_msgs/rosbridge_test_msgs/srv/detail/test_array_request__functions.h\n'}
[243.135805] (rosbridge_test_msgs) StdoutLine: {'line': b'-- Installing: /home/Malvin/my_ros_bot/install/rosbridge_test_msgs/include/rosbridge_test_msgs/rosbridge_test_msgs/srv/detail/test_multiple_request_fields__type_support.c\n'}
[243.137165] (rosbridge_test_msgs) StdoutLine: {'line': b'-- Installing: /home/Malvin/my_ros_bot/install/rosbridge_test_msgs/include/rosbridge_test_msgs/rosbridge_test_msgs/srv/detail/test_multiple_response_fields__description.c\n'}
[243.138776] (rosbridge_test_msgs) StdoutLine: {'line': b'-- Installing: /home/Malvin/my_ros_bot/install/rosbridge_test_msgs/include/rosbridge_test_msgs/rosbridge_test_msgs/srv/detail/add_two_ints__struct.h\n'}
[243.139995] (rosbridge_test_msgs) StdoutLine: {'line': b'-- Installing: /home/Malvin/my_ros_bot/install/rosbridge_test_msgs/include/rosbridge_test_msgs/rosbridge_test_msgs/srv/detail/test_multiple_request_fields__functions.h\n'}
[243.141497] (rosbridge_test_msgs) StdoutLine: {'line': b'-- Installing: /home/Malvin/my_ros_bot/install/rosbridge_test_msgs/include/rosbridge_test_msgs/rosbridge_test_msgs/srv/detail/test_request_only__functions.c\n'}
[243.142905] (rosbridge_test_msgs) StdoutLine: {'line': b'-- Installing: /home/Malvin/my_ros_bot/install/rosbridge_test_msgs/include/rosbridge_test_msgs/rosbridge_test_msgs/srv/detail/test_empty__type_support.c\n'}
[243.144126] (rosbridge_test_msgs) StdoutLine: {'line': b'-- Installing: /home/Malvin/my_ros_bot/install/rosbridge_test_msgs/include/rosbridge_test_msgs/rosbridge_test_msgs/srv/detail/add_two_ints__functions.c\n'}
[243.145545] (rosbridge_test_msgs) StdoutLine: {'line': b'-- Installing: /home/Malvin/my_ros_bot/install/rosbridge_test_msgs/include/rosbridge_test_msgs/rosbridge_test_msgs/srv/detail/test_multiple_response_fields__type_support.h\n'}
[243.146881] (rosbridge_test_msgs) StdoutLine: {'line': b'-- Installing: /home/Malvin/my_ros_bot/install/rosbridge_test_msgs/include/rosbridge_test_msgs/rosbridge_test_msgs/srv/detail/test_request_only__description.c\n'}
[243.148263] (rosbridge_test_msgs) StdoutLine: {'line': b'-- Installing: /home/Malvin/my_ros_bot/install/rosbridge_test_msgs/include/rosbridge_test_msgs/rosbridge_test_msgs/srv/detail/add_two_ints__description.c\n'}
[243.149619] (rosbridge_test_msgs) StdoutLine: {'line': b'-- Installing: /home/Malvin/my_ros_bot/install/rosbridge_test_msgs/include/rosbridge_test_msgs/rosbridge_test_msgs/srv/detail/test_nested_service__type_support.h\n'}
[243.150884] (rosbridge_test_msgs) StdoutLine: {'line': b'-- Installing: /home/Malvin/my_ros_bot/install/rosbridge_test_msgs/include/rosbridge_test_msgs/rosbridge_test_msgs/srv/detail/test_request_only__functions.h\n'}
[243.152342] (rosbridge_test_msgs) StdoutLine: {'line': b'-- Installing: /home/Malvin/my_ros_bot/install/rosbridge_test_msgs/include/rosbridge_test_msgs/rosbridge_test_msgs/srv/detail/test_nested_service__description.c\n'}
[243.153809] (rosbridge_test_msgs) StdoutLine: {'line': b'-- Installing: /home/Malvin/my_ros_bot/install/rosbridge_test_msgs/include/rosbridge_test_msgs/rosbridge_test_msgs/srv/detail/test_multiple_request_fields__functions.c\n'}
[243.155305] (rosbridge_test_msgs) StdoutLine: {'line': b'-- Installing: /home/Malvin/my_ros_bot/install/rosbridge_test_msgs/include/rosbridge_test_msgs/rosbridge_test_msgs/srv/detail/test_array_request__struct.h\n'}
[243.156581] (rosbridge_test_msgs) StdoutLine: {'line': b'-- Installing: /home/Malvin/my_ros_bot/install/rosbridge_test_msgs/include/rosbridge_test_msgs/rosbridge_test_msgs/srv/detail/test_empty__functions.c\n'}
[243.157959] (rosbridge_test_msgs) StdoutLine: {'line': b'-- Installing: /home/Malvin/my_ros_bot/install/rosbridge_test_msgs/include/rosbridge_test_msgs/rosbridge_test_msgs/srv/detail/test_array_request__type_support.c\n'}
[243.159236] (rosbridge_test_msgs) StdoutLine: {'line': b'-- Installing: /home/Malvin/my_ros_bot/install/rosbridge_test_msgs/include/rosbridge_test_msgs/rosbridge_test_msgs/srv/detail/test_multiple_response_fields__type_support.c\n'}
[243.160580] (rosbridge_test_msgs) StdoutLine: {'line': b'-- Installing: /home/Malvin/my_ros_bot/install/rosbridge_test_msgs/include/rosbridge_test_msgs/rosbridge_test_msgs/srv/detail/send_bytes__type_support.h\n'}
[243.161816] (rosbridge_test_msgs) StdoutLine: {'line': b'-- Installing: /home/Malvin/my_ros_bot/install/rosbridge_test_msgs/include/rosbridge_test_msgs/rosbridge_test_msgs/srv/detail/test_request_and_response__description.c\n'}
[243.163233] (rosbridge_test_msgs) StdoutLine: {'line': b'-- Installing: /home/Malvin/my_ros_bot/install/rosbridge_test_msgs/include/rosbridge_test_msgs/rosbridge_test_msgs/srv/detail/test_multiple_response_fields__struct.h\n'}
[243.164527] (rosbridge_test_msgs) StdoutLine: {'line': b'-- Installing: /home/Malvin/my_ros_bot/install/rosbridge_test_msgs/include/rosbridge_test_msgs/rosbridge_test_msgs/srv/detail/test_request_only__struct.h\n'}
[243.165852] (rosbridge_test_msgs) StdoutLine: {'line': b'-- Installing: /home/Malvin/my_ros_bot/install/rosbridge_test_msgs/include/rosbridge_test_msgs/rosbridge_test_msgs/srv/detail/test_request_and_response__type_support.c\n'}
[243.167241] (rosbridge_test_msgs) StdoutLine: {'line': b'-- Installing: /home/Malvin/my_ros_bot/install/rosbridge_test_msgs/include/rosbridge_test_msgs/rosbridge_test_msgs/srv/detail/test_response_only__description.c\n'}
[243.168623] (rosbridge_test_msgs) StdoutLine: {'line': b'-- Installing: /home/Malvin/my_ros_bot/install/rosbridge_test_msgs/include/rosbridge_test_msgs/rosbridge_test_msgs/srv/detail/test_multiple_request_fields__struct.h\n'}
[243.169899] (rosbridge_test_msgs) StdoutLine: {'line': b'-- Installing: /home/Malvin/my_ros_bot/install/rosbridge_test_msgs/include/rosbridge_test_msgs/rosbridge_test_msgs/srv/detail/test_response_only__functions.h\n'}
[243.171391] (rosbridge_test_msgs) StdoutLine: {'line': b'-- Installing: /home/Malvin/my_ros_bot/install/rosbridge_test_msgs/include/rosbridge_test_msgs/rosbridge_test_msgs/srv/detail/test_response_only__type_support.c\n'}
[243.172666] (rosbridge_test_msgs) StdoutLine: {'line': b'-- Installing: /home/Malvin/my_ros_bot/install/rosbridge_test_msgs/include/rosbridge_test_msgs/rosbridge_test_msgs/srv/detail/test_request_only__type_support.h\n'}
[243.173921] (rosbridge_test_msgs) StdoutLine: {'line': b'-- Installing: /home/Malvin/my_ros_bot/install/rosbridge_test_msgs/include/rosbridge_test_msgs/rosbridge_test_msgs/srv/detail/send_bytes__type_support.c\n'}
[243.175126] (rosbridge_test_msgs) StdoutLine: {'line': b'-- Installing: /home/Malvin/my_ros_bot/install/rosbridge_test_msgs/include/rosbridge_test_msgs/rosbridge_test_msgs/srv/detail/send_bytes__functions.c\n'}
[243.176539] (rosbridge_test_msgs) StdoutLine: {'line': b'-- Installing: /home/Malvin/my_ros_bot/install/rosbridge_test_msgs/include/rosbridge_test_msgs/rosbridge_test_msgs/srv/detail/test_empty__type_support.h\n'}
[243.177764] (rosbridge_test_msgs) StdoutLine: {'line': b'-- Installing: /home/Malvin/my_ros_bot/install/rosbridge_test_msgs/include/rosbridge_test_msgs/rosbridge_test_msgs/srv/detail/test_nested_service__struct.h\n'}
[243.179000] (rosbridge_test_msgs) StdoutLine: {'line': b'-- Installing: /home/Malvin/my_ros_bot/install/rosbridge_test_msgs/include/rosbridge_test_msgs/rosbridge_test_msgs/srv/detail/test_multiple_response_fields__functions.c\n'}
[243.180528] (rosbridge_test_msgs) StdoutLine: {'line': b'-- Installing: /home/Malvin/my_ros_bot/install/rosbridge_test_msgs/include/rosbridge_test_msgs/rosbridge_test_msgs/srv/detail/test_nested_service__functions.c\n'}
[243.182007] (rosbridge_test_msgs) StdoutLine: {'line': b'-- Installing: /home/Malvin/my_ros_bot/install/rosbridge_test_msgs/include/rosbridge_test_msgs/rosbridge_test_msgs/srv/detail/test_request_only__type_support.c\n'}
[243.183326] (rosbridge_test_msgs) StdoutLine: {'line': b'-- Installing: /home/Malvin/my_ros_bot/install/rosbridge_test_msgs/include/rosbridge_test_msgs/rosbridge_test_msgs/srv/detail/send_bytes__struct.h\n'}
[243.184490] (rosbridge_test_msgs) StdoutLine: {'line': b'-- Installing: /home/Malvin/my_ros_bot/install/rosbridge_test_msgs/include/rosbridge_test_msgs/rosbridge_test_msgs/srv/detail/test_empty__description.c\n'}
[243.185872] (rosbridge_test_msgs) StdoutLine: {'line': b'-- Installing: /home/Malvin/my_ros_bot/install/rosbridge_test_msgs/include/rosbridge_test_msgs/rosbridge_test_msgs/srv/detail/test_nested_service__type_support.c\n'}
[243.187131] (rosbridge_test_msgs) StdoutLine: {'line': b'-- Installing: /home/Malvin/my_ros_bot/install/rosbridge_test_msgs/include/rosbridge_test_msgs/rosbridge_test_msgs/srv/detail/test_request_and_response__functions.h\n'}
[243.188670] (rosbridge_test_msgs) StdoutLine: {'line': b'-- Installing: /home/Malvin/my_ros_bot/install/rosbridge_test_msgs/include/rosbridge_test_msgs/rosbridge_test_msgs/srv/detail/test_request_and_response__type_support.h\n'}
[243.189952] (rosbridge_test_msgs) StdoutLine: {'line': b'-- Installing: /home/Malvin/my_ros_bot/install/rosbridge_test_msgs/include/rosbridge_test_msgs/rosbridge_test_msgs/srv/detail/test_array_request__type_support.h\n'}
[243.190731] (-) TimerEvent: {}
[243.191271] (rosbridge_test_msgs) StdoutLine: {'line': b'-- Installing: /home/Malvin/my_ros_bot/install/rosbridge_test_msgs/include/rosbridge_test_msgs/rosbridge_test_msgs/srv/detail/test_multiple_request_fields__description.c\n'}
[243.192849] (rosbridge_test_msgs) StdoutLine: {'line': b'-- Installing: /home/Malvin/my_ros_bot/install/rosbridge_test_msgs/include/rosbridge_test_msgs/rosbridge_test_msgs/srv/detail/add_two_ints__type_support.c\n'}
[243.194132] (rosbridge_test_msgs) StdoutLine: {'line': b'-- Installing: /home/Malvin/my_ros_bot/install/rosbridge_test_msgs/include/rosbridge_test_msgs/rosbridge_test_msgs/srv/detail/send_bytes__description.c\n'}
[243.195734] (rosbridge_test_msgs) StdoutLine: {'line': b'-- Installing: /home/Malvin/my_ros_bot/install/rosbridge_test_msgs/include/rosbridge_test_msgs/rosbridge_test_msgs/srv/detail/test_array_request__description.c\n'}
[243.197204] (rosbridge_test_msgs) StdoutLine: {'line': b'-- Installing: /home/Malvin/my_ros_bot/install/rosbridge_test_msgs/include/rosbridge_test_msgs/rosbridge_test_msgs/srv/detail/test_response_only__struct.h\n'}
[243.198484] (rosbridge_test_msgs) StdoutLine: {'line': b'-- Installing: /home/Malvin/my_ros_bot/install/rosbridge_test_msgs/include/rosbridge_test_msgs/rosbridge_test_msgs/srv/detail/test_request_and_response__struct.h\n'}
[243.199739] (rosbridge_test_msgs) StdoutLine: {'line': b'-- Installing: /home/Malvin/my_ros_bot/install/rosbridge_test_msgs/include/rosbridge_test_msgs/rosbridge_test_msgs/srv/detail/test_empty__functions.h\n'}
[243.201130] (rosbridge_test_msgs) StdoutLine: {'line': b'-- Installing: /home/Malvin/my_ros_bot/install/rosbridge_test_msgs/include/rosbridge_test_msgs/rosbridge_test_msgs/srv/detail/send_bytes__functions.h\n'}
[243.202514] (rosbridge_test_msgs) StdoutLine: {'line': b'-- Installing: /home/Malvin/my_ros_bot/install/rosbridge_test_msgs/include/rosbridge_test_msgs/rosbridge_test_msgs/srv/detail/add_two_ints__type_support.h\n'}
[243.203873] (rosbridge_test_msgs) StdoutLine: {'line': b'-- Installing: /home/Malvin/my_ros_bot/install/rosbridge_test_msgs/include/rosbridge_test_msgs/rosbridge_test_msgs/srv/detail/test_multiple_response_fields__functions.h\n'}
[243.205404] (rosbridge_test_msgs) StdoutLine: {'line': b'-- Installing: /home/Malvin/my_ros_bot/install/rosbridge_test_msgs/include/rosbridge_test_msgs/rosbridge_test_msgs/srv/detail/test_empty__struct.h\n'}
[243.206629] (rosbridge_test_msgs) StdoutLine: {'line': b'-- Installing: /home/Malvin/my_ros_bot/install/rosbridge_test_msgs/include/rosbridge_test_msgs/rosbridge_test_msgs/srv/detail/test_array_request__functions.c\n'}
[243.208056] (rosbridge_test_msgs) StdoutLine: {'line': b'-- Installing: /home/Malvin/my_ros_bot/install/rosbridge_test_msgs/include/rosbridge_test_msgs/rosbridge_test_msgs/srv/detail/add_two_ints__functions.h\n'}
[243.209485] (rosbridge_test_msgs) StdoutLine: {'line': b'-- Installing: /home/Malvin/my_ros_bot/install/rosbridge_test_msgs/include/rosbridge_test_msgs/rosbridge_test_msgs/srv/detail/test_nested_service__functions.h\n'}
[243.210946] (rosbridge_test_msgs) StdoutLine: {'line': b'-- Installing: /home/Malvin/my_ros_bot/install/rosbridge_test_msgs/include/rosbridge_test_msgs/rosbridge_test_msgs/srv/detail/test_multiple_request_fields__type_support.h\n'}
[243.212299] (rosbridge_test_msgs) StdoutLine: {'line': b'-- Installing: /home/Malvin/my_ros_bot/install/rosbridge_test_msgs/include/rosbridge_test_msgs/rosbridge_test_msgs/srv/detail/test_request_and_response__functions.c\n'}
[243.213767] (rosbridge_test_msgs) StdoutLine: {'line': b'-- Installing: /home/Malvin/my_ros_bot/install/rosbridge_test_msgs/include/rosbridge_test_msgs/rosbridge_test_msgs/srv/detail/test_response_only__functions.c\n'}
[243.215152] (rosbridge_test_msgs) StdoutLine: {'line': b'-- Installing: /home/Malvin/my_ros_bot/install/rosbridge_test_msgs/include/rosbridge_test_msgs/rosbridge_test_msgs/srv/detail/test_response_only__type_support.h\n'}
[243.216464] (rosbridge_test_msgs) StdoutLine: {'line': b'-- Installing: /home/Malvin/my_ros_bot/install/rosbridge_test_msgs/include/rosbridge_test_msgs/rosbridge_test_msgs/srv/add_two_ints.h\n'}
[243.217653] (rosbridge_test_msgs) StdoutLine: {'line': b'-- Installing: /home/Malvin/my_ros_bot/install/rosbridge_test_msgs/include/rosbridge_test_msgs/rosbridge_test_msgs/srv/test_array_request.h\n'}
[243.218797] (rosbridge_test_msgs) StdoutLine: {'line': b'-- Installing: /home/Malvin/my_ros_bot/install/rosbridge_test_msgs/include/rosbridge_test_msgs/rosbridge_test_msgs/srv/test_request_and_response.h\n'}
[243.219964] (rosbridge_test_msgs) StdoutLine: {'line': b'-- Installing: /home/Malvin/my_ros_bot/install/rosbridge_test_msgs/include/rosbridge_test_msgs/rosbridge_test_msgs/srv/test_empty.h\n'}
[243.221067] (rosbridge_test_msgs) StdoutLine: {'line': b'-- Installing: /home/Malvin/my_ros_bot/install/rosbridge_test_msgs/include/rosbridge_test_msgs/rosbridge_test_msgs/srv/test_response_only.h\n'}
[243.222229] (rosbridge_test_msgs) StdoutLine: {'line': b'-- Installing: /home/Malvin/my_ros_bot/install/rosbridge_test_msgs/include/rosbridge_test_msgs/rosbridge_test_msgs/srv/test_multiple_response_fields.h\n'}
[243.223388] (rosbridge_test_msgs) StdoutLine: {'line': b'-- Installing: /home/Malvin/my_ros_bot/install/rosbridge_test_msgs/include/rosbridge_test_msgs/rosbridge_test_msgs/srv/test_request_only.h\n'}
[243.224543] (rosbridge_test_msgs) StdoutLine: {'line': b'-- Installing: /home/Malvin/my_ros_bot/install/rosbridge_test_msgs/include/rosbridge_test_msgs/rosbridge_test_msgs/srv/send_bytes.h\n'}
[243.225648] (rosbridge_test_msgs) StdoutLine: {'line': b'-- Installing: /home/Malvin/my_ros_bot/install/rosbridge_test_msgs/include/rosbridge_test_msgs/rosbridge_test_msgs/srv/test_nested_service.h\n'}
[243.226780] (rosbridge_test_msgs) StdoutLine: {'line': b'-- Installing: /home/Malvin/my_ros_bot/install/rosbridge_test_msgs/include/rosbridge_test_msgs/rosbridge_test_msgs/srv/test_multiple_request_fields.h\n'}
[243.227909] (rosbridge_test_msgs) StdoutLine: {'line': b'-- Installing: /home/Malvin/my_ros_bot/install/rosbridge_test_msgs/include/rosbridge_test_msgs/rosbridge_test_msgs/action\n'}
[243.228747] (rosbridge_test_msgs) StdoutLine: {'line': b'-- Installing: /home/Malvin/my_ros_bot/install/rosbridge_test_msgs/include/rosbridge_test_msgs/rosbridge_test_msgs/action/test_multiple_goal_fields.h\n'}
[243.229970] (rosbridge_test_msgs) StdoutLine: {'line': b'-- Installing: /home/Malvin/my_ros_bot/install/rosbridge_test_msgs/include/rosbridge_test_msgs/rosbridge_test_msgs/action/test_goal_feedback_and_result.h\n'}
[243.231256] (rosbridge_test_msgs) StdoutLine: {'line': b'-- Installing: /home/Malvin/my_ros_bot/install/rosbridge_test_msgs/include/rosbridge_test_msgs/rosbridge_test_msgs/action/test_result_only.h\n'}
[243.232462] (rosbridge_test_msgs) StdoutLine: {'line': b'-- Installing: /home/Malvin/my_ros_bot/install/rosbridge_test_msgs/include/rosbridge_test_msgs/rosbridge_test_msgs/action/test_goal_and_result.h\n'}
[243.233530] (rosbridge_test_msgs) StdoutLine: {'line': b'-- Installing: /home/Malvin/my_ros_bot/install/rosbridge_test_msgs/include/rosbridge_test_msgs/rosbridge_test_msgs/action/detail\n'}
[243.234765] (rosbridge_test_msgs) StdoutLine: {'line': b'-- Installing: /home/Malvin/my_ros_bot/install/rosbridge_test_msgs/include/rosbridge_test_msgs/rosbridge_test_msgs/action/detail/test_multiple_goal_fields__description.c\n'}
[243.236673] (rosbridge_test_msgs) StdoutLine: {'line': b'-- Installing: /home/Malvin/my_ros_bot/install/rosbridge_test_msgs/include/rosbridge_test_msgs/rosbridge_test_msgs/action/detail/test_goal_only__struct.h\n'}
[243.237978] (rosbridge_test_msgs) StdoutLine: {'line': b'-- Installing: /home/Malvin/my_ros_bot/install/rosbridge_test_msgs/include/rosbridge_test_msgs/rosbridge_test_msgs/action/detail/test_goal_feedback_and_result__struct.h\n'}
[243.239382] (rosbridge_test_msgs) StdoutLine: {'line': b'-- Installing: /home/Malvin/my_ros_bot/install/rosbridge_test_msgs/include/rosbridge_test_msgs/rosbridge_test_msgs/action/detail/test_multiple_goal_fields__type_support.h\n'}
[243.240752] (rosbridge_test_msgs) StdoutLine: {'line': b'-- Installing: /home/Malvin/my_ros_bot/install/rosbridge_test_msgs/include/rosbridge_test_msgs/rosbridge_test_msgs/action/detail/test_goal_only__type_support.h\n'}
[243.242077] (rosbridge_test_msgs) StdoutLine: {'line': b'-- Installing: /home/Malvin/my_ros_bot/install/rosbridge_test_msgs/include/rosbridge_test_msgs/rosbridge_test_msgs/action/detail/test_empty__type_support.c\n'}
[243.243380] (rosbridge_test_msgs) StdoutLine: {'line': b'-- Installing: /home/Malvin/my_ros_bot/install/rosbridge_test_msgs/include/rosbridge_test_msgs/rosbridge_test_msgs/action/detail/test_multiple_goal_fields__functions.c\n'}
[243.245462] (rosbridge_test_msgs) StdoutLine: {'line': b'-- Installing: /home/Malvin/my_ros_bot/install/rosbridge_test_msgs/include/rosbridge_test_msgs/rosbridge_test_msgs/action/detail/test_goal_feedback_and_result__description.c\n'}
[243.247336] (rosbridge_test_msgs) StdoutLine: {'line': b'-- Installing: /home/Malvin/my_ros_bot/install/rosbridge_test_msgs/include/rosbridge_test_msgs/rosbridge_test_msgs/action/detail/test_feedback_and_result__functions.h\n'}
[243.249296] (rosbridge_test_msgs) StdoutLine: {'line': b'-- Installing: /home/Malvin/my_ros_bot/install/rosbridge_test_msgs/include/rosbridge_test_msgs/rosbridge_test_msgs/action/detail/test_goal_and_result__functions.h\n'}
[243.251264] (rosbridge_test_msgs) StdoutLine: {'line': b'-- Installing: /home/Malvin/my_ros_bot/install/rosbridge_test_msgs/include/rosbridge_test_msgs/rosbridge_test_msgs/action/detail/test_goal_feedback_and_result__functions.c\n'}
[243.253248] (rosbridge_test_msgs) StdoutLine: {'line': b'-- Installing: /home/Malvin/my_ros_bot/install/rosbridge_test_msgs/include/rosbridge_test_msgs/rosbridge_test_msgs/action/detail/test_empty__functions.c\n'}
[243.255180] (rosbridge_test_msgs) StdoutLine: {'line': b'-- Installing: /home/Malvin/my_ros_bot/install/rosbridge_test_msgs/include/rosbridge_test_msgs/rosbridge_test_msgs/action/detail/test_result_only__description.c\n'}
[243.256999] (rosbridge_test_msgs) StdoutLine: {'line': b'-- Installing: /home/Malvin/my_ros_bot/install/rosbridge_test_msgs/include/rosbridge_test_msgs/rosbridge_test_msgs/action/detail/test_goal_feedback_and_result__functions.h\n'}
[243.259009] (rosbridge_test_msgs) StdoutLine: {'line': b'-- Installing: /home/Malvin/my_ros_bot/install/rosbridge_test_msgs/include/rosbridge_test_msgs/rosbridge_test_msgs/action/detail/test_result_only__type_support.h\n'}
[243.260340] (rosbridge_test_msgs) StdoutLine: {'line': b'-- Installing: /home/Malvin/my_ros_bot/install/rosbridge_test_msgs/include/rosbridge_test_msgs/rosbridge_test_msgs/action/detail/test_feedback_and_result__struct.h\n'}
[243.261708] (rosbridge_test_msgs) StdoutLine: {'line': b'-- Installing: /home/Malvin/my_ros_bot/install/rosbridge_test_msgs/include/rosbridge_test_msgs/rosbridge_test_msgs/action/detail/test_goal_feedback_and_result__type_support.h\n'}
[243.263029] (rosbridge_test_msgs) StdoutLine: {'line': b'-- Installing: /home/Malvin/my_ros_bot/install/rosbridge_test_msgs/include/rosbridge_test_msgs/rosbridge_test_msgs/action/detail/test_feedback_and_result__type_support.h\n'}
[243.264381] (rosbridge_test_msgs) StdoutLine: {'line': b'-- Installing: /home/Malvin/my_ros_bot/install/rosbridge_test_msgs/include/rosbridge_test_msgs/rosbridge_test_msgs/action/detail/test_result_only__functions.c\n'}
[243.266259] (rosbridge_test_msgs) StdoutLine: {'line': b'-- Installing: /home/Malvin/my_ros_bot/install/rosbridge_test_msgs/include/rosbridge_test_msgs/rosbridge_test_msgs/action/detail/test_goal_only__type_support.c\n'}
[243.267560] (rosbridge_test_msgs) StdoutLine: {'line': b'-- Installing: /home/Malvin/my_ros_bot/install/rosbridge_test_msgs/include/rosbridge_test_msgs/rosbridge_test_msgs/action/detail/test_feedback_and_result__type_support.c\n'}
[243.268872] (rosbridge_test_msgs) StdoutLine: {'line': b'-- Installing: /home/Malvin/my_ros_bot/install/rosbridge_test_msgs/include/rosbridge_test_msgs/rosbridge_test_msgs/action/detail/test_result_only__struct.h\n'}
[243.270335] (rosbridge_test_msgs) StdoutLine: {'line': b'-- Installing: /home/Malvin/my_ros_bot/install/rosbridge_test_msgs/include/rosbridge_test_msgs/rosbridge_test_msgs/action/detail/test_goal_and_result__type_support.h\n'}
[243.271712] (rosbridge_test_msgs) StdoutLine: {'line': b'-- Installing: /home/Malvin/my_ros_bot/install/rosbridge_test_msgs/include/rosbridge_test_msgs/rosbridge_test_msgs/action/detail/test_result_only__type_support.c\n'}
[243.273015] (rosbridge_test_msgs) StdoutLine: {'line': b'-- Installing: /home/Malvin/my_ros_bot/install/rosbridge_test_msgs/include/rosbridge_test_msgs/rosbridge_test_msgs/action/detail/test_goal_feedback_and_result__type_support.c\n'}
[243.274413] (rosbridge_test_msgs) StdoutLine: {'line': b'-- Installing: /home/Malvin/my_ros_bot/install/rosbridge_test_msgs/include/rosbridge_test_msgs/rosbridge_test_msgs/action/detail/test_empty__type_support.h\n'}
[243.275679] (rosbridge_test_msgs) StdoutLine: {'line': b'-- Installing: /home/Malvin/my_ros_bot/install/rosbridge_test_msgs/include/rosbridge_test_msgs/rosbridge_test_msgs/action/detail/test_goal_only__functions.h\n'}
[243.277531] (rosbridge_test_msgs) StdoutLine: {'line': b'-- Installing: /home/Malvin/my_ros_bot/install/rosbridge_test_msgs/include/rosbridge_test_msgs/rosbridge_test_msgs/action/detail/test_empty__description.c\n'}
[243.279326] (rosbridge_test_msgs) StdoutLine: {'line': b'-- Installing: /home/Malvin/my_ros_bot/install/rosbridge_test_msgs/include/rosbridge_test_msgs/rosbridge_test_msgs/action/detail/test_goal_and_result__struct.h\n'}
[243.280674] (rosbridge_test_msgs) StdoutLine: {'line': b'-- Installing: /home/Malvin/my_ros_bot/install/rosbridge_test_msgs/include/rosbridge_test_msgs/rosbridge_test_msgs/action/detail/test_goal_and_result__functions.c\n'}
[243.282583] (rosbridge_test_msgs) StdoutLine: {'line': b'-- Installing: /home/Malvin/my_ros_bot/install/rosbridge_test_msgs/include/rosbridge_test_msgs/rosbridge_test_msgs/action/detail/test_multiple_goal_fields__struct.h\n'}
[243.283969] (rosbridge_test_msgs) StdoutLine: {'line': b'-- Installing: /home/Malvin/my_ros_bot/install/rosbridge_test_msgs/include/rosbridge_test_msgs/rosbridge_test_msgs/action/detail/test_multiple_goal_fields__type_support.c\n'}
[243.285363] (rosbridge_test_msgs) StdoutLine: {'line': b'-- Installing: /home/Malvin/my_ros_bot/install/rosbridge_test_msgs/include/rosbridge_test_msgs/rosbridge_test_msgs/action/detail/test_feedback_and_result__functions.c\n'}
[243.287325] (rosbridge_test_msgs) StdoutLine: {'line': b'-- Installing: /home/Malvin/my_ros_bot/install/rosbridge_test_msgs/include/rosbridge_test_msgs/rosbridge_test_msgs/action/detail/test_goal_and_result__description.c\n'}
[243.289163] (rosbridge_test_msgs) StdoutLine: {'line': b'-- Installing: /home/Malvin/my_ros_bot/install/rosbridge_test_msgs/include/rosbridge_test_msgs/rosbridge_test_msgs/action/detail/test_goal_and_result__type_support.c\n'}
[243.290488] (rosbridge_test_msgs) StdoutLine: {'line': b'-- Installing: /home/Malvin/my_ros_bot/install/rosbridge_test_msgs/include/rosbridge_test_msgs/rosbridge_test_msgs/action/detail/test_result_only__functions.h\n'}
[243.290968] (-) TimerEvent: {}
[243.292459] (rosbridge_test_msgs) StdoutLine: {'line': b'-- Installing: /home/Malvin/my_ros_bot/install/rosbridge_test_msgs/include/rosbridge_test_msgs/rosbridge_test_msgs/action/detail/test_feedback_and_result__description.c\n'}
[243.294321] (rosbridge_test_msgs) StdoutLine: {'line': b'-- Installing: /home/Malvin/my_ros_bot/install/rosbridge_test_msgs/include/rosbridge_test_msgs/rosbridge_test_msgs/action/detail/test_goal_only__description.c\n'}
[243.296314] (rosbridge_test_msgs) StdoutLine: {'line': b'-- Installing: /home/Malvin/my_ros_bot/install/rosbridge_test_msgs/include/rosbridge_test_msgs/rosbridge_test_msgs/action/detail/test_empty__functions.h\n'}
[243.298269] (rosbridge_test_msgs) StdoutLine: {'line': b'-- Installing: /home/Malvin/my_ros_bot/install/rosbridge_test_msgs/include/rosbridge_test_msgs/rosbridge_test_msgs/action/detail/test_empty__struct.h\n'}
[243.299578] (rosbridge_test_msgs) StdoutLine: {'line': b'-- Installing: /home/Malvin/my_ros_bot/install/rosbridge_test_msgs/include/rosbridge_test_msgs/rosbridge_test_msgs/action/detail/test_goal_only__functions.c\n'}
[243.301525] (rosbridge_test_msgs) StdoutLine: {'line': b'-- Installing: /home/Malvin/my_ros_bot/install/rosbridge_test_msgs/include/rosbridge_test_msgs/rosbridge_test_msgs/action/detail/test_multiple_goal_fields__functions.h\n'}
[243.303467] (rosbridge_test_msgs) StdoutLine: {'line': b'-- Installing: /home/Malvin/my_ros_bot/install/rosbridge_test_msgs/include/rosbridge_test_msgs/rosbridge_test_msgs/action/test_empty.h\n'}
[243.304615] (rosbridge_test_msgs) StdoutLine: {'line': b'-- Installing: /home/Malvin/my_ros_bot/install/rosbridge_test_msgs/include/rosbridge_test_msgs/rosbridge_test_msgs/action/test_feedback_and_result.h\n'}
[243.305804] (rosbridge_test_msgs) StdoutLine: {'line': b'-- Installing: /home/Malvin/my_ros_bot/install/rosbridge_test_msgs/include/rosbridge_test_msgs/rosbridge_test_msgs/action/test_goal_only.h\n'}
[243.307677] (rosbridge_test_msgs) StdoutLine: {'line': b'-- Installing: /home/Malvin/my_ros_bot/install/rosbridge_test_msgs/share/rosbridge_test_msgs/environment/library_path.sh\n'}
[243.309202] (rosbridge_test_msgs) StdoutLine: {'line': b'-- Installing: /home/Malvin/my_ros_bot/install/rosbridge_test_msgs/share/rosbridge_test_msgs/environment/library_path.dsv\n'}
[243.310961] (rosbridge_test_msgs) StdoutLine: {'line': b'-- Installing: /home/Malvin/my_ros_bot/install/rosbridge_test_msgs/lib/librosbridge_test_msgs__rosidl_generator_c.so\n'}
[243.323013] (rosbridge_test_msgs) StdoutLine: {'line': b'-- Set non-toolchain portion of runtime path of "/home/Malvin/my_ros_bot/install/rosbridge_test_msgs/lib/librosbridge_test_msgs__rosidl_generator_c.so" to ""\n'}
[243.323634] (rosbridge_test_msgs) StdoutLine: {'line': b'-- Up-to-date: /home/Malvin/my_ros_bot/install/rosbridge_test_msgs/include/rosbridge_test_msgs/rosbridge_test_msgs\n'}
[243.324063] (rosbridge_test_msgs) StdoutLine: {'line': b'-- Up-to-date: /home/Malvin/my_ros_bot/install/rosbridge_test_msgs/include/rosbridge_test_msgs/rosbridge_test_msgs/msg\n'}
[243.324513] (rosbridge_test_msgs) StdoutLine: {'line': b'-- Up-to-date: /home/Malvin/my_ros_bot/install/rosbridge_test_msgs/include/rosbridge_test_msgs/rosbridge_test_msgs/msg/detail\n'}
[243.325031] (rosbridge_test_msgs) StdoutLine: {'line': b'-- Installing: /home/Malvin/my_ros_bot/install/rosbridge_test_msgs/include/rosbridge_test_msgs/rosbridge_test_msgs/msg/detail/test_float32_bounded_array__rosidl_typesupport_fastrtps_c.h\n'}
[243.326628] (rosbridge_test_msgs) StdoutLine: {'line': b'-- Installing: /home/Malvin/my_ros_bot/install/rosbridge_test_msgs/include/rosbridge_test_msgs/rosbridge_test_msgs/msg/detail/test_float32_array__rosidl_typesupport_fastrtps_c.h\n'}
[243.327976] (rosbridge_test_msgs) StdoutLine: {'line': b'-- Installing: /home/Malvin/my_ros_bot/install/rosbridge_test_msgs/include/rosbridge_test_msgs/rosbridge_test_msgs/msg/detail/num__rosidl_typesupport_fastrtps_c.h\n'}
[243.329305] (rosbridge_test_msgs) StdoutLine: {'line': b'-- Installing: /home/Malvin/my_ros_bot/install/rosbridge_test_msgs/include/rosbridge_test_msgs/rosbridge_test_msgs/msg/detail/test_time_array__rosidl_typesupport_fastrtps_c.h\n'}
[243.330708] (rosbridge_test_msgs) StdoutLine: {'line': b'-- Installing: /home/Malvin/my_ros_bot/install/rosbridge_test_msgs/include/rosbridge_test_msgs/rosbridge_test_msgs/msg/detail/test_duration_array__rosidl_typesupport_fastrtps_c.h\n'}
[243.332116] (rosbridge_test_msgs) StdoutLine: {'line': b'-- Installing: /home/Malvin/my_ros_bot/install/rosbridge_test_msgs/include/rosbridge_test_msgs/rosbridge_test_msgs/msg/detail/test_char__rosidl_typesupport_fastrtps_c.h\n'}
[243.333466] (rosbridge_test_msgs) StdoutLine: {'line': b'-- Installing: /home/Malvin/my_ros_bot/install/rosbridge_test_msgs/include/rosbridge_test_msgs/rosbridge_test_msgs/msg/detail/test_header__rosidl_typesupport_fastrtps_c.h\n'}
[243.334882] (rosbridge_test_msgs) StdoutLine: {'line': b'-- Installing: /home/Malvin/my_ros_bot/install/rosbridge_test_msgs/include/rosbridge_test_msgs/rosbridge_test_msgs/msg/detail/test_u_int8_fixed_size_array16__rosidl_typesupport_fastrtps_c.h\n'}
[243.336362] (rosbridge_test_msgs) StdoutLine: {'line': b'-- Installing: /home/Malvin/my_ros_bot/install/rosbridge_test_msgs/include/rosbridge_test_msgs/rosbridge_test_msgs/msg/detail/test_u_int8__rosidl_typesupport_fastrtps_c.h\n'}
[243.337706] (rosbridge_test_msgs) StdoutLine: {'line': b'-- Installing: /home/Malvin/my_ros_bot/install/rosbridge_test_msgs/include/rosbridge_test_msgs/rosbridge_test_msgs/msg/detail/test_nested_bounded_array__rosidl_typesupport_fastrtps_c.h\n'}
[243.339125] (rosbridge_test_msgs) StdoutLine: {'line': b'-- Installing: /home/Malvin/my_ros_bot/install/rosbridge_test_msgs/include/rosbridge_test_msgs/rosbridge_test_msgs/msg/detail/test_header_array__rosidl_typesupport_fastrtps_c.h\n'}
[243.340548] (rosbridge_test_msgs) StdoutLine: {'line': b'-- Installing: /home/Malvin/my_ros_bot/install/rosbridge_test_msgs/include/rosbridge_test_msgs/rosbridge_test_msgs/msg/detail/test_header_two__rosidl_typesupport_fastrtps_c.h\n'}
[243.341880] (rosbridge_test_msgs) StdoutLine: {'line': b'-- Installing: /home/Malvin/my_ros_bot/install/rosbridge_test_msgs/include/rosbridge_test_msgs/rosbridge_test_msgs/msg/rosidl_typesupport_fastrtps_c__visibility_control.h\n'}
[243.343082] (rosbridge_test_msgs) StdoutLine: {'line': b'-- Up-to-date: /home/Malvin/my_ros_bot/install/rosbridge_test_msgs/include/rosbridge_test_msgs/rosbridge_test_msgs/srv\n'}
[243.343630] (rosbridge_test_msgs) StdoutLine: {'line': b'-- Up-to-date: /home/Malvin/my_ros_bot/install/rosbridge_test_msgs/include/rosbridge_test_msgs/rosbridge_test_msgs/srv/detail\n'}
[243.344237] (rosbridge_test_msgs) StdoutLine: {'line': b'-- Installing: /home/Malvin/my_ros_bot/install/rosbridge_test_msgs/include/rosbridge_test_msgs/rosbridge_test_msgs/srv/detail/test_array_request__rosidl_typesupport_fastrtps_c.h\n'}
[243.345800] (rosbridge_test_msgs) StdoutLine: {'line': b'-- Installing: /home/Malvin/my_ros_bot/install/rosbridge_test_msgs/include/rosbridge_test_msgs/rosbridge_test_msgs/srv/detail/send_bytes__rosidl_typesupport_fastrtps_c.h\n'}
[243.347194] (rosbridge_test_msgs) StdoutLine: {'line': b'-- Installing: /home/Malvin/my_ros_bot/install/rosbridge_test_msgs/include/rosbridge_test_msgs/rosbridge_test_msgs/srv/detail/test_request_and_response__rosidl_typesupport_fastrtps_c.h\n'}
[243.348640] (rosbridge_test_msgs) StdoutLine: {'line': b'-- Installing: /home/Malvin/my_ros_bot/install/rosbridge_test_msgs/include/rosbridge_test_msgs/rosbridge_test_msgs/srv/detail/test_empty__rosidl_typesupport_fastrtps_c.h\n'}
[243.350048] (rosbridge_test_msgs) StdoutLine: {'line': b'-- Installing: /home/Malvin/my_ros_bot/install/rosbridge_test_msgs/include/rosbridge_test_msgs/rosbridge_test_msgs/srv/detail/test_multiple_request_fields__rosidl_typesupport_fastrtps_c.h\n'}
[243.351529] (rosbridge_test_msgs) StdoutLine: {'line': b'-- Installing: /home/Malvin/my_ros_bot/install/rosbridge_test_msgs/include/rosbridge_test_msgs/rosbridge_test_msgs/srv/detail/add_two_ints__rosidl_typesupport_fastrtps_c.h\n'}
[243.352910] (rosbridge_test_msgs) StdoutLine: {'line': b'-- Installing: /home/Malvin/my_ros_bot/install/rosbridge_test_msgs/include/rosbridge_test_msgs/rosbridge_test_msgs/srv/detail/test_nested_service__rosidl_typesupport_fastrtps_c.h\n'}
[243.354366] (rosbridge_test_msgs) StdoutLine: {'line': b'-- Installing: /home/Malvin/my_ros_bot/install/rosbridge_test_msgs/include/rosbridge_test_msgs/rosbridge_test_msgs/srv/detail/test_request_only__rosidl_typesupport_fastrtps_c.h\n'}
[243.355860] (rosbridge_test_msgs) StdoutLine: {'line': b'-- Installing: /home/Malvin/my_ros_bot/install/rosbridge_test_msgs/include/rosbridge_test_msgs/rosbridge_test_msgs/srv/detail/test_multiple_response_fields__rosidl_typesupport_fastrtps_c.h\n'}
[243.357334] (rosbridge_test_msgs) StdoutLine: {'line': b'-- Installing: /home/Malvin/my_ros_bot/install/rosbridge_test_msgs/include/rosbridge_test_msgs/rosbridge_test_msgs/srv/detail/test_response_only__rosidl_typesupport_fastrtps_c.h\n'}
[243.358635] (rosbridge_test_msgs) StdoutLine: {'line': b'-- Up-to-date: /home/Malvin/my_ros_bot/install/rosbridge_test_msgs/include/rosbridge_test_msgs/rosbridge_test_msgs/action\n'}
[243.359100] (rosbridge_test_msgs) StdoutLine: {'line': b'-- Up-to-date: /home/Malvin/my_ros_bot/install/rosbridge_test_msgs/include/rosbridge_test_msgs/rosbridge_test_msgs/action/detail\n'}
[243.359770] (rosbridge_test_msgs) StdoutLine: {'line': b'-- Installing: /home/Malvin/my_ros_bot/install/rosbridge_test_msgs/include/rosbridge_test_msgs/rosbridge_test_msgs/action/detail/test_feedback_and_result__rosidl_typesupport_fastrtps_c.h\n'}
[243.361462] (rosbridge_test_msgs) StdoutLine: {'line': b'-- Installing: /home/Malvin/my_ros_bot/install/rosbridge_test_msgs/include/rosbridge_test_msgs/rosbridge_test_msgs/action/detail/test_result_only__rosidl_typesupport_fastrtps_c.h\n'}
[243.363050] (rosbridge_test_msgs) StdoutLine: {'line': b'-- Installing: /home/Malvin/my_ros_bot/install/rosbridge_test_msgs/include/rosbridge_test_msgs/rosbridge_test_msgs/action/detail/test_multiple_goal_fields__rosidl_typesupport_fastrtps_c.h\n'}
[243.364650] (rosbridge_test_msgs) StdoutLine: {'line': b'-- Installing: /home/Malvin/my_ros_bot/install/rosbridge_test_msgs/include/rosbridge_test_msgs/rosbridge_test_msgs/action/detail/test_empty__rosidl_typesupport_fastrtps_c.h\n'}
[243.366203] (rosbridge_test_msgs) StdoutLine: {'line': b'-- Installing: /home/Malvin/my_ros_bot/install/rosbridge_test_msgs/include/rosbridge_test_msgs/rosbridge_test_msgs/action/detail/test_goal_feedback_and_result__rosidl_typesupport_fastrtps_c.h\n'}
[243.367873] (rosbridge_test_msgs) StdoutLine: {'line': b'-- Installing: /home/Malvin/my_ros_bot/install/rosbridge_test_msgs/include/rosbridge_test_msgs/rosbridge_test_msgs/action/detail/test_goal_only__rosidl_typesupport_fastrtps_c.h\n'}
[243.369453] (rosbridge_test_msgs) StdoutLine: {'line': b'-- Installing: /home/Malvin/my_ros_bot/install/rosbridge_test_msgs/include/rosbridge_test_msgs/rosbridge_test_msgs/action/detail/test_goal_and_result__rosidl_typesupport_fastrtps_c.h\n'}
[243.371407] (rosbridge_test_msgs) StdoutLine: {'line': b'-- Installing: /home/Malvin/my_ros_bot/install/rosbridge_test_msgs/lib/librosbridge_test_msgs__rosidl_typesupport_fastrtps_c.so\n'}
[243.381277] (rosbridge_test_msgs) StdoutLine: {'line': b'-- Set non-toolchain portion of runtime path of "/home/Malvin/my_ros_bot/install/rosbridge_test_msgs/lib/librosbridge_test_msgs__rosidl_typesupport_fastrtps_c.so" to ""\n'}
[243.381964] (rosbridge_test_msgs) StdoutLine: {'line': b'-- Up-to-date: /home/Malvin/my_ros_bot/install/rosbridge_test_msgs/include/rosbridge_test_msgs/rosbridge_test_msgs\n'}
[243.382347] (rosbridge_test_msgs) StdoutLine: {'line': b'-- Up-to-date: /home/Malvin/my_ros_bot/install/rosbridge_test_msgs/include/rosbridge_test_msgs/rosbridge_test_msgs/msg\n'}
[243.382798] (rosbridge_test_msgs) StdoutLine: {'line': b'-- Installing: /home/Malvin/my_ros_bot/install/rosbridge_test_msgs/include/rosbridge_test_msgs/rosbridge_test_msgs/msg/test_nested_bounded_array.hpp\n'}
[243.383985] (rosbridge_test_msgs) StdoutLine: {'line': b'-- Installing: /home/Malvin/my_ros_bot/install/rosbridge_test_msgs/include/rosbridge_test_msgs/rosbridge_test_msgs/msg/test_u_int8_fixed_size_array16.hpp\n'}
[243.385192] (rosbridge_test_msgs) StdoutLine: {'line': b'-- Installing: /home/Malvin/my_ros_bot/install/rosbridge_test_msgs/include/rosbridge_test_msgs/rosbridge_test_msgs/msg/test_header_array.hpp\n'}
[243.386393] (rosbridge_test_msgs) StdoutLine: {'line': b'-- Installing: /home/Malvin/my_ros_bot/install/rosbridge_test_msgs/include/rosbridge_test_msgs/rosbridge_test_msgs/msg/test_duration_array.hpp\n'}
[243.387541] (rosbridge_test_msgs) StdoutLine: {'line': b'-- Installing: /home/Malvin/my_ros_bot/install/rosbridge_test_msgs/include/rosbridge_test_msgs/rosbridge_test_msgs/msg/rosidl_generator_cpp__visibility_control.hpp\n'}
[243.388785] (rosbridge_test_msgs) StdoutLine: {'line': b'-- Installing: /home/Malvin/my_ros_bot/install/rosbridge_test_msgs/include/rosbridge_test_msgs/rosbridge_test_msgs/msg/test_float32_bounded_array.hpp\n'}
[243.390015] (rosbridge_test_msgs) StdoutLine: {'line': b'-- Installing: /home/Malvin/my_ros_bot/install/rosbridge_test_msgs/include/rosbridge_test_msgs/rosbridge_test_msgs/msg/test_header.hpp\n'}
[243.391141] (rosbridge_test_msgs) StdoutLine: {'line': b'-- Installing: /home/Malvin/my_ros_bot/install/rosbridge_test_msgs/include/rosbridge_test_msgs/rosbridge_test_msgs/msg/test_float32_array.hpp\n'}
[243.391562] (-) TimerEvent: {}
[243.392268] (rosbridge_test_msgs) StdoutLine: {'line': b'-- Up-to-date: /home/Malvin/my_ros_bot/install/rosbridge_test_msgs/include/rosbridge_test_msgs/rosbridge_test_msgs/msg/detail\n'}
[243.393301] (rosbridge_test_msgs) StdoutLine: {'line': b'-- Installing: /home/Malvin/my_ros_bot/install/rosbridge_test_msgs/include/rosbridge_test_msgs/rosbridge_test_msgs/msg/detail/test_header_two__struct.hpp\n'}
[243.394822] (rosbridge_test_msgs) StdoutLine: {'line': b'-- Installing: /home/Malvin/my_ros_bot/install/rosbridge_test_msgs/include/rosbridge_test_msgs/rosbridge_test_msgs/msg/detail/test_duration_array__struct.hpp\n'}
[243.396116] (rosbridge_test_msgs) StdoutLine: {'line': b'-- Installing: /home/Malvin/my_ros_bot/install/rosbridge_test_msgs/include/rosbridge_test_msgs/rosbridge_test_msgs/msg/detail/test_u_int8_fixed_size_array16__traits.hpp\n'}
[243.397541] (rosbridge_test_msgs) StdoutLine: {'line': b'-- Installing: /home/Malvin/my_ros_bot/install/rosbridge_test_msgs/include/rosbridge_test_msgs/rosbridge_test_msgs/msg/detail/test_duration_array__builder.hpp\n'}
[243.398809] (rosbridge_test_msgs) StdoutLine: {'line': b'-- Installing: /home/Malvin/my_ros_bot/install/rosbridge_test_msgs/include/rosbridge_test_msgs/rosbridge_test_msgs/msg/detail/test_float32_array__builder.hpp\n'}
[243.400049] (rosbridge_test_msgs) StdoutLine: {'line': b'-- Installing: /home/Malvin/my_ros_bot/install/rosbridge_test_msgs/include/rosbridge_test_msgs/rosbridge_test_msgs/msg/detail/test_header__struct.hpp\n'}
[243.401326] (rosbridge_test_msgs) StdoutLine: {'line': b'-- Installing: /home/Malvin/my_ros_bot/install/rosbridge_test_msgs/include/rosbridge_test_msgs/rosbridge_test_msgs/msg/detail/test_nested_bounded_array__type_support.hpp\n'}
[243.402658] (rosbridge_test_msgs) StdoutLine: {'line': b'-- Installing: /home/Malvin/my_ros_bot/install/rosbridge_test_msgs/include/rosbridge_test_msgs/rosbridge_test_msgs/msg/detail/test_u_int8__type_support.hpp\n'}
[243.403884] (rosbridge_test_msgs) StdoutLine: {'line': b'-- Installing: /home/Malvin/my_ros_bot/install/rosbridge_test_msgs/include/rosbridge_test_msgs/rosbridge_test_msgs/msg/detail/test_time_array__type_support.hpp\n'}
[243.405136] (rosbridge_test_msgs) StdoutLine: {'line': b'-- Installing: /home/Malvin/my_ros_bot/install/rosbridge_test_msgs/include/rosbridge_test_msgs/rosbridge_test_msgs/msg/detail/num__traits.hpp\n'}
[243.406356] (rosbridge_test_msgs) StdoutLine: {'line': b'-- Installing: /home/Malvin/my_ros_bot/install/rosbridge_test_msgs/include/rosbridge_test_msgs/rosbridge_test_msgs/msg/detail/test_nested_bounded_array__struct.hpp\n'}
[243.407648] (rosbridge_test_msgs) StdoutLine: {'line': b'-- Installing: /home/Malvin/my_ros_bot/install/rosbridge_test_msgs/include/rosbridge_test_msgs/rosbridge_test_msgs/msg/detail/test_nested_bounded_array__traits.hpp\n'}
[243.409269] (rosbridge_test_msgs) StdoutLine: {'line': b'-- Installing: /home/Malvin/my_ros_bot/install/rosbridge_test_msgs/include/rosbridge_test_msgs/rosbridge_test_msgs/msg/detail/test_header_array__struct.hpp\n'}
[243.410877] (rosbridge_test_msgs) StdoutLine: {'line': b'-- Installing: /home/Malvin/my_ros_bot/install/rosbridge_test_msgs/include/rosbridge_test_msgs/rosbridge_test_msgs/msg/detail/test_u_int8_fixed_size_array16__struct.hpp\n'}
[243.412348] (rosbridge_test_msgs) StdoutLine: {'line': b'-- Installing: /home/Malvin/my_ros_bot/install/rosbridge_test_msgs/include/rosbridge_test_msgs/rosbridge_test_msgs/msg/detail/test_char__struct.hpp\n'}
[243.413584] (rosbridge_test_msgs) StdoutLine: {'line': b'-- Installing: /home/Malvin/my_ros_bot/install/rosbridge_test_msgs/include/rosbridge_test_msgs/rosbridge_test_msgs/msg/detail/test_duration_array__traits.hpp\n'}
[243.414816] (rosbridge_test_msgs) StdoutLine: {'line': b'-- Installing: /home/Malvin/my_ros_bot/install/rosbridge_test_msgs/include/rosbridge_test_msgs/rosbridge_test_msgs/msg/detail/num__builder.hpp\n'}
[243.416011] (rosbridge_test_msgs) StdoutLine: {'line': b'-- Installing: /home/Malvin/my_ros_bot/install/rosbridge_test_msgs/include/rosbridge_test_msgs/rosbridge_test_msgs/msg/detail/test_u_int8__builder.hpp\n'}
[243.417271] (rosbridge_test_msgs) StdoutLine: {'line': b'-- Installing: /home/Malvin/my_ros_bot/install/rosbridge_test_msgs/include/rosbridge_test_msgs/rosbridge_test_msgs/msg/detail/test_header__builder.hpp\n'}
[243.418508] (rosbridge_test_msgs) StdoutLine: {'line': b'-- Installing: /home/Malvin/my_ros_bot/install/rosbridge_test_msgs/include/rosbridge_test_msgs/rosbridge_test_msgs/msg/detail/test_time_array__builder.hpp\n'}
[243.419751] (rosbridge_test_msgs) StdoutLine: {'line': b'-- Installing: /home/Malvin/my_ros_bot/install/rosbridge_test_msgs/include/rosbridge_test_msgs/rosbridge_test_msgs/msg/detail/test_char__type_support.hpp\n'}
[243.421037] (rosbridge_test_msgs) StdoutLine: {'line': b'-- Installing: /home/Malvin/my_ros_bot/install/rosbridge_test_msgs/include/rosbridge_test_msgs/rosbridge_test_msgs/msg/detail/test_header_array__traits.hpp\n'}
[243.422306] (rosbridge_test_msgs) StdoutLine: {'line': b'-- Installing: /home/Malvin/my_ros_bot/install/rosbridge_test_msgs/include/rosbridge_test_msgs/rosbridge_test_msgs/msg/detail/num__type_support.hpp\n'}
[243.423505] (rosbridge_test_msgs) StdoutLine: {'line': b'-- Installing: /home/Malvin/my_ros_bot/install/rosbridge_test_msgs/include/rosbridge_test_msgs/rosbridge_test_msgs/msg/detail/test_header__traits.hpp\n'}
[243.424756] (rosbridge_test_msgs) StdoutLine: {'line': b'-- Installing: /home/Malvin/my_ros_bot/install/rosbridge_test_msgs/include/rosbridge_test_msgs/rosbridge_test_msgs/msg/detail/test_u_int8__struct.hpp\n'}
[243.425967] (rosbridge_test_msgs) StdoutLine: {'line': b'-- Installing: /home/Malvin/my_ros_bot/install/rosbridge_test_msgs/include/rosbridge_test_msgs/rosbridge_test_msgs/msg/detail/test_float32_bounded_array__builder.hpp\n'}
[243.427264] (rosbridge_test_msgs) StdoutLine: {'line': b'-- Installing: /home/Malvin/my_ros_bot/install/rosbridge_test_msgs/include/rosbridge_test_msgs/rosbridge_test_msgs/msg/detail/test_float32_bounded_array__traits.hpp\n'}
[243.428579] (rosbridge_test_msgs) StdoutLine: {'line': b'-- Installing: /home/Malvin/my_ros_bot/install/rosbridge_test_msgs/include/rosbridge_test_msgs/rosbridge_test_msgs/msg/detail/test_time_array__struct.hpp\n'}
[243.429846] (rosbridge_test_msgs) StdoutLine: {'line': b'-- Installing: /home/Malvin/my_ros_bot/install/rosbridge_test_msgs/include/rosbridge_test_msgs/rosbridge_test_msgs/msg/detail/test_char__traits.hpp\n'}
[243.431316] (rosbridge_test_msgs) StdoutLine: {'line': b'-- Installing: /home/Malvin/my_ros_bot/install/rosbridge_test_msgs/include/rosbridge_test_msgs/rosbridge_test_msgs/msg/detail/test_float32_array__struct.hpp\n'}
[243.432650] (rosbridge_test_msgs) StdoutLine: {'line': b'-- Installing: /home/Malvin/my_ros_bot/install/rosbridge_test_msgs/include/rosbridge_test_msgs/rosbridge_test_msgs/msg/detail/test_header__type_support.hpp\n'}
[243.433946] (rosbridge_test_msgs) StdoutLine: {'line': b'-- Installing: /home/Malvin/my_ros_bot/install/rosbridge_test_msgs/include/rosbridge_test_msgs/rosbridge_test_msgs/msg/detail/test_u_int8_fixed_size_array16__type_support.hpp\n'}
[243.435293] (rosbridge_test_msgs) StdoutLine: {'line': b'-- Installing: /home/Malvin/my_ros_bot/install/rosbridge_test_msgs/include/rosbridge_test_msgs/rosbridge_test_msgs/msg/detail/test_duration_array__type_support.hpp\n'}
[243.436598] (rosbridge_test_msgs) StdoutLine: {'line': b'-- Installing: /home/Malvin/my_ros_bot/install/rosbridge_test_msgs/include/rosbridge_test_msgs/rosbridge_test_msgs/msg/detail/test_char__builder.hpp\n'}
[243.437854] (rosbridge_test_msgs) StdoutLine: {'line': b'-- Installing: /home/Malvin/my_ros_bot/install/rosbridge_test_msgs/include/rosbridge_test_msgs/rosbridge_test_msgs/msg/detail/test_float32_array__type_support.hpp\n'}
[243.439130] (rosbridge_test_msgs) StdoutLine: {'line': b'-- Installing: /home/Malvin/my_ros_bot/install/rosbridge_test_msgs/include/rosbridge_test_msgs/rosbridge_test_msgs/msg/detail/test_nested_bounded_array__builder.hpp\n'}
[243.440443] (rosbridge_test_msgs) StdoutLine: {'line': b'-- Installing: /home/Malvin/my_ros_bot/install/rosbridge_test_msgs/include/rosbridge_test_msgs/rosbridge_test_msgs/msg/detail/test_header_two__traits.hpp\n'}
[243.441723] (rosbridge_test_msgs) StdoutLine: {'line': b'-- Installing: /home/Malvin/my_ros_bot/install/rosbridge_test_msgs/include/rosbridge_test_msgs/rosbridge_test_msgs/msg/detail/test_header_two__type_support.hpp\n'}
[243.443004] (rosbridge_test_msgs) StdoutLine: {'line': b'-- Installing: /home/Malvin/my_ros_bot/install/rosbridge_test_msgs/include/rosbridge_test_msgs/rosbridge_test_msgs/msg/detail/test_header_array__type_support.hpp\n'}
[243.444293] (rosbridge_test_msgs) StdoutLine: {'line': b'-- Installing: /home/Malvin/my_ros_bot/install/rosbridge_test_msgs/include/rosbridge_test_msgs/rosbridge_test_msgs/msg/detail/test_header_array__builder.hpp\n'}
[243.445549] (rosbridge_test_msgs) StdoutLine: {'line': b'-- Installing: /home/Malvin/my_ros_bot/install/rosbridge_test_msgs/include/rosbridge_test_msgs/rosbridge_test_msgs/msg/detail/test_time_array__traits.hpp\n'}
[243.446789] (rosbridge_test_msgs) StdoutLine: {'line': b'-- Installing: /home/Malvin/my_ros_bot/install/rosbridge_test_msgs/include/rosbridge_test_msgs/rosbridge_test_msgs/msg/detail/num__struct.hpp\n'}
[243.447984] (rosbridge_test_msgs) StdoutLine: {'line': b'-- Installing: /home/Malvin/my_ros_bot/install/rosbridge_test_msgs/include/rosbridge_test_msgs/rosbridge_test_msgs/msg/detail/test_u_int8__traits.hpp\n'}
[243.449244] (rosbridge_test_msgs) StdoutLine: {'line': b'-- Installing: /home/Malvin/my_ros_bot/install/rosbridge_test_msgs/include/rosbridge_test_msgs/rosbridge_test_msgs/msg/detail/test_float32_array__traits.hpp\n'}
[243.450536] (rosbridge_test_msgs) StdoutLine: {'line': b'-- Installing: /home/Malvin/my_ros_bot/install/rosbridge_test_msgs/include/rosbridge_test_msgs/rosbridge_test_msgs/msg/detail/test_float32_bounded_array__struct.hpp\n'}
[243.451856] (rosbridge_test_msgs) StdoutLine: {'line': b'-- Installing: /home/Malvin/my_ros_bot/install/rosbridge_test_msgs/include/rosbridge_test_msgs/rosbridge_test_msgs/msg/detail/test_u_int8_fixed_size_array16__builder.hpp\n'}
[243.453289] (rosbridge_test_msgs) StdoutLine: {'line': b'-- Installing: /home/Malvin/my_ros_bot/install/rosbridge_test_msgs/include/rosbridge_test_msgs/rosbridge_test_msgs/msg/detail/test_float32_bounded_array__type_support.hpp\n'}
[243.454592] (rosbridge_test_msgs) StdoutLine: {'line': b'-- Installing: /home/Malvin/my_ros_bot/install/rosbridge_test_msgs/include/rosbridge_test_msgs/rosbridge_test_msgs/msg/detail/test_header_two__builder.hpp\n'}
[243.455814] (rosbridge_test_msgs) StdoutLine: {'line': b'-- Installing: /home/Malvin/my_ros_bot/install/rosbridge_test_msgs/include/rosbridge_test_msgs/rosbridge_test_msgs/msg/test_u_int8.hpp\n'}
[243.456950] (rosbridge_test_msgs) StdoutLine: {'line': b'-- Installing: /home/Malvin/my_ros_bot/install/rosbridge_test_msgs/include/rosbridge_test_msgs/rosbridge_test_msgs/msg/test_char.hpp\n'}
[243.458100] (rosbridge_test_msgs) StdoutLine: {'line': b'-- Installing: /home/Malvin/my_ros_bot/install/rosbridge_test_msgs/include/rosbridge_test_msgs/rosbridge_test_msgs/msg/test_header_two.hpp\n'}
[243.459268] (rosbridge_test_msgs) StdoutLine: {'line': b'-- Installing: /home/Malvin/my_ros_bot/install/rosbridge_test_msgs/include/rosbridge_test_msgs/rosbridge_test_msgs/msg/num.hpp\n'}
[243.460341] (rosbridge_test_msgs) StdoutLine: {'line': b'-- Installing: /home/Malvin/my_ros_bot/install/rosbridge_test_msgs/include/rosbridge_test_msgs/rosbridge_test_msgs/msg/test_time_array.hpp\n'}
[243.461444] (rosbridge_test_msgs) StdoutLine: {'line': b'-- Up-to-date: /home/Malvin/my_ros_bot/install/rosbridge_test_msgs/include/rosbridge_test_msgs/rosbridge_test_msgs/srv\n'}
[243.461997] (rosbridge_test_msgs) StdoutLine: {'line': b'-- Installing: /home/Malvin/my_ros_bot/install/rosbridge_test_msgs/include/rosbridge_test_msgs/rosbridge_test_msgs/srv/test_request_only.hpp\n'}
[243.463231] (rosbridge_test_msgs) StdoutLine: {'line': b'-- Installing: /home/Malvin/my_ros_bot/install/rosbridge_test_msgs/include/rosbridge_test_msgs/rosbridge_test_msgs/srv/test_request_and_response.hpp\n'}
[243.464476] (rosbridge_test_msgs) StdoutLine: {'line': b'-- Installing: /home/Malvin/my_ros_bot/install/rosbridge_test_msgs/include/rosbridge_test_msgs/rosbridge_test_msgs/srv/test_multiple_request_fields.hpp\n'}
[243.465648] (rosbridge_test_msgs) StdoutLine: {'line': b'-- Installing: /home/Malvin/my_ros_bot/install/rosbridge_test_msgs/include/rosbridge_test_msgs/rosbridge_test_msgs/srv/send_bytes.hpp\n'}
[243.466689] (rosbridge_test_msgs) StdoutLine: {'line': b'-- Up-to-date: /home/Malvin/my_ros_bot/install/rosbridge_test_msgs/include/rosbridge_test_msgs/rosbridge_test_msgs/srv/detail\n'}
[243.467599] (rosbridge_test_msgs) StdoutLine: {'line': b'-- Installing: /home/Malvin/my_ros_bot/install/rosbridge_test_msgs/include/rosbridge_test_msgs/rosbridge_test_msgs/srv/detail/test_request_only__traits.hpp\n'}
[243.468982] (rosbridge_test_msgs) StdoutLine: {'line': b'-- Installing: /home/Malvin/my_ros_bot/install/rosbridge_test_msgs/include/rosbridge_test_msgs/rosbridge_test_msgs/srv/detail/send_bytes__struct.hpp\n'}
[243.470323] (rosbridge_test_msgs) StdoutLine: {'line': b'-- Installing: /home/Malvin/my_ros_bot/install/rosbridge_test_msgs/include/rosbridge_test_msgs/rosbridge_test_msgs/srv/detail/test_request_and_response__struct.hpp\n'}
[243.471680] (rosbridge_test_msgs) StdoutLine: {'line': b'-- Installing: /home/Malvin/my_ros_bot/install/rosbridge_test_msgs/include/rosbridge_test_msgs/rosbridge_test_msgs/srv/detail/add_two_ints__traits.hpp\n'}
[243.472989] (rosbridge_test_msgs) StdoutLine: {'line': b'-- Installing: /home/Malvin/my_ros_bot/install/rosbridge_test_msgs/include/rosbridge_test_msgs/rosbridge_test_msgs/srv/detail/add_two_ints__type_support.hpp\n'}
[243.474384] (rosbridge_test_msgs) StdoutLine: {'line': b'-- Installing: /home/Malvin/my_ros_bot/install/rosbridge_test_msgs/include/rosbridge_test_msgs/rosbridge_test_msgs/srv/detail/add_two_ints__struct.hpp\n'}
[243.475656] (rosbridge_test_msgs) StdoutLine: {'line': b'-- Installing: /home/Malvin/my_ros_bot/install/rosbridge_test_msgs/include/rosbridge_test_msgs/rosbridge_test_msgs/srv/detail/add_two_ints__builder.hpp\n'}
[243.476940] (rosbridge_test_msgs) StdoutLine: {'line': b'-- Installing: /home/Malvin/my_ros_bot/install/rosbridge_test_msgs/include/rosbridge_test_msgs/rosbridge_test_msgs/srv/detail/test_empty__struct.hpp\n'}
[243.478282] (rosbridge_test_msgs) StdoutLine: {'line': b'-- Installing: /home/Malvin/my_ros_bot/install/rosbridge_test_msgs/include/rosbridge_test_msgs/rosbridge_test_msgs/srv/detail/test_array_request__builder.hpp\n'}
[243.479539] (rosbridge_test_msgs) StdoutLine: {'line': b'-- Installing: /home/Malvin/my_ros_bot/install/rosbridge_test_msgs/include/rosbridge_test_msgs/rosbridge_test_msgs/srv/detail/test_request_only__builder.hpp\n'}
[243.480812] (rosbridge_test_msgs) StdoutLine: {'line': b'-- Installing: /home/Malvin/my_ros_bot/install/rosbridge_test_msgs/include/rosbridge_test_msgs/rosbridge_test_msgs/srv/detail/test_nested_service__struct.hpp\n'}
[243.482164] (rosbridge_test_msgs) StdoutLine: {'line': b'-- Installing: /home/Malvin/my_ros_bot/install/rosbridge_test_msgs/include/rosbridge_test_msgs/rosbridge_test_msgs/srv/detail/test_multiple_request_fields__builder.hpp\n'}
[243.483500] (rosbridge_test_msgs) StdoutLine: {'line': b'-- Installing: /home/Malvin/my_ros_bot/install/rosbridge_test_msgs/include/rosbridge_test_msgs/rosbridge_test_msgs/srv/detail/test_response_only__traits.hpp\n'}
[243.484874] (rosbridge_test_msgs) StdoutLine: {'line': b'-- Installing: /home/Malvin/my_ros_bot/install/rosbridge_test_msgs/include/rosbridge_test_msgs/rosbridge_test_msgs/srv/detail/test_multiple_request_fields__traits.hpp\n'}
[243.486238] (rosbridge_test_msgs) StdoutLine: {'line': b'-- Installing: /home/Malvin/my_ros_bot/install/rosbridge_test_msgs/include/rosbridge_test_msgs/rosbridge_test_msgs/srv/detail/test_array_request__struct.hpp\n'}
[243.487641] (rosbridge_test_msgs) StdoutLine: {'line': b'-- Installing: /home/Malvin/my_ros_bot/install/rosbridge_test_msgs/include/rosbridge_test_msgs/rosbridge_test_msgs/srv/detail/test_request_and_response__traits.hpp\n'}
[243.489013] (rosbridge_test_msgs) StdoutLine: {'line': b'-- Installing: /home/Malvin/my_ros_bot/install/rosbridge_test_msgs/include/rosbridge_test_msgs/rosbridge_test_msgs/srv/detail/test_response_only__struct.hpp\n'}
[243.491491] (rosbridge_test_msgs) StdoutLine: {'line': b'-- Installing: /home/Malvin/my_ros_bot/install/rosbridge_test_msgs/include/rosbridge_test_msgs/rosbridge_test_msgs/srv/detail/test_empty__type_support.hpp\n'}
[243.491996] (-) TimerEvent: {}
[243.492467] (rosbridge_test_msgs) StdoutLine: {'line': b'-- Installing: /home/Malvin/my_ros_bot/install/rosbridge_test_msgs/include/rosbridge_test_msgs/rosbridge_test_msgs/srv/detail/test_request_and_response__builder.hpp\n'}
[243.493197] (rosbridge_test_msgs) StdoutLine: {'line': b'-- Installing: /home/Malvin/my_ros_bot/install/rosbridge_test_msgs/include/rosbridge_test_msgs/rosbridge_test_msgs/srv/detail/send_bytes__traits.hpp\n'}
[243.494655] (rosbridge_test_msgs) StdoutLine: {'line': b'-- Installing: /home/Malvin/my_ros_bot/install/rosbridge_test_msgs/include/rosbridge_test_msgs/rosbridge_test_msgs/srv/detail/test_response_only__type_support.hpp\n'}
[243.496000] (rosbridge_test_msgs) StdoutLine: {'line': b'-- Installing: /home/Malvin/my_ros_bot/install/rosbridge_test_msgs/include/rosbridge_test_msgs/rosbridge_test_msgs/srv/detail/send_bytes__type_support.hpp\n'}
[243.497345] (rosbridge_test_msgs) StdoutLine: {'line': b'-- Installing: /home/Malvin/my_ros_bot/install/rosbridge_test_msgs/include/rosbridge_test_msgs/rosbridge_test_msgs/srv/detail/test_multiple_response_fields__type_support.hpp\n'}
[243.499098] (rosbridge_test_msgs) StdoutLine: {'line': b'-- Installing: /home/Malvin/my_ros_bot/install/rosbridge_test_msgs/include/rosbridge_test_msgs/rosbridge_test_msgs/srv/detail/test_nested_service__builder.hpp\n'}
[243.500390] (rosbridge_test_msgs) StdoutLine: {'line': b'-- Installing: /home/Malvin/my_ros_bot/install/rosbridge_test_msgs/include/rosbridge_test_msgs/rosbridge_test_msgs/srv/detail/test_request_and_response__type_support.hpp\n'}
[243.501757] (rosbridge_test_msgs) StdoutLine: {'line': b'-- Installing: /home/Malvin/my_ros_bot/install/rosbridge_test_msgs/include/rosbridge_test_msgs/rosbridge_test_msgs/srv/detail/test_nested_service__traits.hpp\n'}
[243.503095] (rosbridge_test_msgs) StdoutLine: {'line': b'-- Installing: /home/Malvin/my_ros_bot/install/rosbridge_test_msgs/include/rosbridge_test_msgs/rosbridge_test_msgs/srv/detail/test_request_only__struct.hpp\n'}
[243.504515] (rosbridge_test_msgs) StdoutLine: {'line': b'-- Installing: /home/Malvin/my_ros_bot/install/rosbridge_test_msgs/include/rosbridge_test_msgs/rosbridge_test_msgs/srv/detail/test_multiple_response_fields__builder.hpp\n'}
[243.505884] (rosbridge_test_msgs) StdoutLine: {'line': b'-- Installing: /home/Malvin/my_ros_bot/install/rosbridge_test_msgs/include/rosbridge_test_msgs/rosbridge_test_msgs/srv/detail/test_multiple_response_fields__struct.hpp\n'}
[243.507336] (rosbridge_test_msgs) StdoutLine: {'line': b'-- Installing: /home/Malvin/my_ros_bot/install/rosbridge_test_msgs/include/rosbridge_test_msgs/rosbridge_test_msgs/srv/detail/test_multiple_request_fields__struct.hpp\n'}
[243.508709] (rosbridge_test_msgs) StdoutLine: {'line': b'-- Installing: /home/Malvin/my_ros_bot/install/rosbridge_test_msgs/include/rosbridge_test_msgs/rosbridge_test_msgs/srv/detail/test_response_only__builder.hpp\n'}
[243.510003] (rosbridge_test_msgs) StdoutLine: {'line': b'-- Installing: /home/Malvin/my_ros_bot/install/rosbridge_test_msgs/include/rosbridge_test_msgs/rosbridge_test_msgs/srv/detail/test_nested_service__type_support.hpp\n'}
[243.511299] (rosbridge_test_msgs) StdoutLine: {'line': b'-- Installing: /home/Malvin/my_ros_bot/install/rosbridge_test_msgs/include/rosbridge_test_msgs/rosbridge_test_msgs/srv/detail/test_empty__traits.hpp\n'}
[243.512596] (rosbridge_test_msgs) StdoutLine: {'line': b'-- Installing: /home/Malvin/my_ros_bot/install/rosbridge_test_msgs/include/rosbridge_test_msgs/rosbridge_test_msgs/srv/detail/test_array_request__type_support.hpp\n'}
[243.513928] (rosbridge_test_msgs) StdoutLine: {'line': b'-- Installing: /home/Malvin/my_ros_bot/install/rosbridge_test_msgs/include/rosbridge_test_msgs/rosbridge_test_msgs/srv/detail/test_multiple_response_fields__traits.hpp\n'}
[243.515336] (rosbridge_test_msgs) StdoutLine: {'line': b'-- Installing: /home/Malvin/my_ros_bot/install/rosbridge_test_msgs/include/rosbridge_test_msgs/rosbridge_test_msgs/srv/detail/test_multiple_request_fields__type_support.hpp\n'}
[243.516640] (rosbridge_test_msgs) StdoutLine: {'line': b'-- Installing: /home/Malvin/my_ros_bot/install/rosbridge_test_msgs/include/rosbridge_test_msgs/rosbridge_test_msgs/srv/detail/test_empty__builder.hpp\n'}
[243.517944] (rosbridge_test_msgs) StdoutLine: {'line': b'-- Installing: /home/Malvin/my_ros_bot/install/rosbridge_test_msgs/include/rosbridge_test_msgs/rosbridge_test_msgs/srv/detail/test_request_only__type_support.hpp\n'}
[243.519195] (rosbridge_test_msgs) StdoutLine: {'line': b'-- Installing: /home/Malvin/my_ros_bot/install/rosbridge_test_msgs/include/rosbridge_test_msgs/rosbridge_test_msgs/srv/detail/send_bytes__builder.hpp\n'}
[243.520479] (rosbridge_test_msgs) StdoutLine: {'line': b'-- Installing: /home/Malvin/my_ros_bot/install/rosbridge_test_msgs/include/rosbridge_test_msgs/rosbridge_test_msgs/srv/detail/test_array_request__traits.hpp\n'}
[243.521837] (rosbridge_test_msgs) StdoutLine: {'line': b'-- Installing: /home/Malvin/my_ros_bot/install/rosbridge_test_msgs/include/rosbridge_test_msgs/rosbridge_test_msgs/srv/test_nested_service.hpp\n'}
[243.522993] (rosbridge_test_msgs) StdoutLine: {'line': b'-- Installing: /home/Malvin/my_ros_bot/install/rosbridge_test_msgs/include/rosbridge_test_msgs/rosbridge_test_msgs/srv/add_two_ints.hpp\n'}
[243.524154] (rosbridge_test_msgs) StdoutLine: {'line': b'-- Installing: /home/Malvin/my_ros_bot/install/rosbridge_test_msgs/include/rosbridge_test_msgs/rosbridge_test_msgs/srv/test_multiple_response_fields.hpp\n'}
[243.525391] (rosbridge_test_msgs) StdoutLine: {'line': b'-- Installing: /home/Malvin/my_ros_bot/install/rosbridge_test_msgs/include/rosbridge_test_msgs/rosbridge_test_msgs/srv/test_response_only.hpp\n'}
[243.526514] (rosbridge_test_msgs) StdoutLine: {'line': b'-- Installing: /home/Malvin/my_ros_bot/install/rosbridge_test_msgs/include/rosbridge_test_msgs/rosbridge_test_msgs/srv/test_empty.hpp\n'}
[243.527618] (rosbridge_test_msgs) StdoutLine: {'line': b'-- Installing: /home/Malvin/my_ros_bot/install/rosbridge_test_msgs/include/rosbridge_test_msgs/rosbridge_test_msgs/srv/test_array_request.hpp\n'}
[243.528700] (rosbridge_test_msgs) StdoutLine: {'line': b'-- Up-to-date: /home/Malvin/my_ros_bot/install/rosbridge_test_msgs/include/rosbridge_test_msgs/rosbridge_test_msgs/action\n'}
[243.529286] (rosbridge_test_msgs) StdoutLine: {'line': b'-- Up-to-date: /home/Malvin/my_ros_bot/install/rosbridge_test_msgs/include/rosbridge_test_msgs/rosbridge_test_msgs/action/detail\n'}
[243.530043] (rosbridge_test_msgs) StdoutLine: {'line': b'-- Installing: /home/Malvin/my_ros_bot/install/rosbridge_test_msgs/include/rosbridge_test_msgs/rosbridge_test_msgs/action/detail/test_goal_feedback_and_result__builder.hpp\n'}
[243.531552] (rosbridge_test_msgs) StdoutLine: {'line': b'-- Installing: /home/Malvin/my_ros_bot/install/rosbridge_test_msgs/include/rosbridge_test_msgs/rosbridge_test_msgs/action/detail/test_multiple_goal_fields__type_support.hpp\n'}
[243.532898] (rosbridge_test_msgs) StdoutLine: {'line': b'-- Installing: /home/Malvin/my_ros_bot/install/rosbridge_test_msgs/include/rosbridge_test_msgs/rosbridge_test_msgs/action/detail/test_multiple_goal_fields__builder.hpp\n'}
[243.534321] (rosbridge_test_msgs) StdoutLine: {'line': b'-- Installing: /home/Malvin/my_ros_bot/install/rosbridge_test_msgs/include/rosbridge_test_msgs/rosbridge_test_msgs/action/detail/test_goal_only__traits.hpp\n'}
[243.535808] (rosbridge_test_msgs) StdoutLine: {'line': b'-- Installing: /home/Malvin/my_ros_bot/install/rosbridge_test_msgs/include/rosbridge_test_msgs/rosbridge_test_msgs/action/detail/test_empty__struct.hpp\n'}
[243.537422] (rosbridge_test_msgs) StdoutLine: {'line': b'-- Installing: /home/Malvin/my_ros_bot/install/rosbridge_test_msgs/include/rosbridge_test_msgs/rosbridge_test_msgs/action/detail/test_goal_and_result__builder.hpp\n'}
[243.538847] (rosbridge_test_msgs) StdoutLine: {'line': b'-- Installing: /home/Malvin/my_ros_bot/install/rosbridge_test_msgs/include/rosbridge_test_msgs/rosbridge_test_msgs/action/detail/test_empty__type_support.hpp\n'}
[243.540191] (rosbridge_test_msgs) StdoutLine: {'line': b'-- Installing: /home/Malvin/my_ros_bot/install/rosbridge_test_msgs/include/rosbridge_test_msgs/rosbridge_test_msgs/action/detail/test_goal_and_result__type_support.hpp\n'}
[243.541570] (rosbridge_test_msgs) StdoutLine: {'line': b'-- Installing: /home/Malvin/my_ros_bot/install/rosbridge_test_msgs/include/rosbridge_test_msgs/rosbridge_test_msgs/action/detail/test_goal_and_result__struct.hpp\n'}
[243.543245] (rosbridge_test_msgs) StdoutLine: {'line': b'-- Installing: /home/Malvin/my_ros_bot/install/rosbridge_test_msgs/include/rosbridge_test_msgs/rosbridge_test_msgs/action/detail/test_multiple_goal_fields__traits.hpp\n'}
[243.544793] (rosbridge_test_msgs) StdoutLine: {'line': b'-- Installing: /home/Malvin/my_ros_bot/install/rosbridge_test_msgs/include/rosbridge_test_msgs/rosbridge_test_msgs/action/detail/test_goal_only__type_support.hpp\n'}
[243.546110] (rosbridge_test_msgs) StdoutLine: {'line': b'-- Installing: /home/Malvin/my_ros_bot/install/rosbridge_test_msgs/include/rosbridge_test_msgs/rosbridge_test_msgs/action/detail/test_result_only__struct.hpp\n'}
[243.547751] (rosbridge_test_msgs) StdoutLine: {'line': b'-- Installing: /home/Malvin/my_ros_bot/install/rosbridge_test_msgs/include/rosbridge_test_msgs/rosbridge_test_msgs/action/detail/test_goal_feedback_and_result__struct.hpp\n'}
[243.550293] (rosbridge_test_msgs) StdoutLine: {'line': b'-- Installing: /home/Malvin/my_ros_bot/install/rosbridge_test_msgs/include/rosbridge_test_msgs/rosbridge_test_msgs/action/detail/test_feedback_and_result__type_support.hpp\n'}
[243.550899] (rosbridge_test_msgs) StdoutLine: {'line': b'-- Installing: /home/Malvin/my_ros_bot/install/rosbridge_test_msgs/include/rosbridge_test_msgs/rosbridge_test_msgs/action/detail/test_empty__traits.hpp\n'}
[243.552491] (rosbridge_test_msgs) StdoutLine: {'line': b'-- Installing: /home/Malvin/my_ros_bot/install/rosbridge_test_msgs/include/rosbridge_test_msgs/rosbridge_test_msgs/action/detail/test_goal_and_result__traits.hpp\n'}
[243.554054] (rosbridge_test_msgs) StdoutLine: {'line': b'-- Installing: /home/Malvin/my_ros_bot/install/rosbridge_test_msgs/include/rosbridge_test_msgs/rosbridge_test_msgs/action/detail/test_multiple_goal_fields__struct.hpp\n'}
[243.555726] (rosbridge_test_msgs) StdoutLine: {'line': b'-- Installing: /home/Malvin/my_ros_bot/install/rosbridge_test_msgs/include/rosbridge_test_msgs/rosbridge_test_msgs/action/detail/test_result_only__traits.hpp\n'}
[243.557297] (rosbridge_test_msgs) StdoutLine: {'line': b'-- Installing: /home/Malvin/my_ros_bot/install/rosbridge_test_msgs/include/rosbridge_test_msgs/rosbridge_test_msgs/action/detail/test_goal_only__builder.hpp\n'}
[243.558636] (rosbridge_test_msgs) StdoutLine: {'line': b'-- Installing: /home/Malvin/my_ros_bot/install/rosbridge_test_msgs/include/rosbridge_test_msgs/rosbridge_test_msgs/action/detail/test_goal_only__struct.hpp\n'}
[243.560423] (rosbridge_test_msgs) StdoutLine: {'line': b'-- Installing: /home/Malvin/my_ros_bot/install/rosbridge_test_msgs/include/rosbridge_test_msgs/rosbridge_test_msgs/action/detail/test_result_only__type_support.hpp\n'}
[243.561781] (rosbridge_test_msgs) StdoutLine: {'line': b'-- Installing: /home/Malvin/my_ros_bot/install/rosbridge_test_msgs/include/rosbridge_test_msgs/rosbridge_test_msgs/action/detail/test_goal_feedback_and_result__traits.hpp\n'}
[243.563511] (rosbridge_test_msgs) StdoutLine: {'line': b'-- Installing: /home/Malvin/my_ros_bot/install/rosbridge_test_msgs/include/rosbridge_test_msgs/rosbridge_test_msgs/action/detail/test_empty__builder.hpp\n'}
[243.564905] (rosbridge_test_msgs) StdoutLine: {'line': b'-- Installing: /home/Malvin/my_ros_bot/install/rosbridge_test_msgs/include/rosbridge_test_msgs/rosbridge_test_msgs/action/detail/test_goal_feedback_and_result__type_support.hpp\n'}
[243.566326] (rosbridge_test_msgs) StdoutLine: {'line': b'-- Installing: /home/Malvin/my_ros_bot/install/rosbridge_test_msgs/include/rosbridge_test_msgs/rosbridge_test_msgs/action/detail/test_result_only__builder.hpp\n'}
[243.567667] (rosbridge_test_msgs) StdoutLine: {'line': b'-- Installing: /home/Malvin/my_ros_bot/install/rosbridge_test_msgs/include/rosbridge_test_msgs/rosbridge_test_msgs/action/detail/test_feedback_and_result__struct.hpp\n'}
[243.569352] (rosbridge_test_msgs) StdoutLine: {'line': b'-- Installing: /home/Malvin/my_ros_bot/install/rosbridge_test_msgs/include/rosbridge_test_msgs/rosbridge_test_msgs/action/detail/test_feedback_and_result__builder.hpp\n'}
[243.570788] (rosbridge_test_msgs) StdoutLine: {'line': b'-- Installing: /home/Malvin/my_ros_bot/install/rosbridge_test_msgs/include/rosbridge_test_msgs/rosbridge_test_msgs/action/detail/test_feedback_and_result__traits.hpp\n'}
[243.572352] (rosbridge_test_msgs) StdoutLine: {'line': b'-- Installing: /home/Malvin/my_ros_bot/install/rosbridge_test_msgs/include/rosbridge_test_msgs/rosbridge_test_msgs/action/test_multiple_goal_fields.hpp\n'}
[243.573575] (rosbridge_test_msgs) StdoutLine: {'line': b'-- Installing: /home/Malvin/my_ros_bot/install/rosbridge_test_msgs/include/rosbridge_test_msgs/rosbridge_test_msgs/action/test_goal_and_result.hpp\n'}
[243.574768] (rosbridge_test_msgs) StdoutLine: {'line': b'-- Installing: /home/Malvin/my_ros_bot/install/rosbridge_test_msgs/include/rosbridge_test_msgs/rosbridge_test_msgs/action/test_goal_feedback_and_result.hpp\n'}
[243.576004] (rosbridge_test_msgs) StdoutLine: {'line': b'-- Installing: /home/Malvin/my_ros_bot/install/rosbridge_test_msgs/include/rosbridge_test_msgs/rosbridge_test_msgs/action/test_feedback_and_result.hpp\n'}
[243.577314] (rosbridge_test_msgs) StdoutLine: {'line': b'-- Installing: /home/Malvin/my_ros_bot/install/rosbridge_test_msgs/include/rosbridge_test_msgs/rosbridge_test_msgs/action/test_goal_only.hpp\n'}
[243.578511] (rosbridge_test_msgs) StdoutLine: {'line': b'-- Installing: /home/Malvin/my_ros_bot/install/rosbridge_test_msgs/include/rosbridge_test_msgs/rosbridge_test_msgs/action/test_empty.hpp\n'}
[243.579703] (rosbridge_test_msgs) StdoutLine: {'line': b'-- Installing: /home/Malvin/my_ros_bot/install/rosbridge_test_msgs/include/rosbridge_test_msgs/rosbridge_test_msgs/action/test_result_only.hpp\n'}
[243.581287] (rosbridge_test_msgs) StdoutLine: {'line': b'-- Up-to-date: /home/Malvin/my_ros_bot/install/rosbridge_test_msgs/include/rosbridge_test_msgs/rosbridge_test_msgs\n'}
[243.581936] (rosbridge_test_msgs) StdoutLine: {'line': b'-- Up-to-date: /home/Malvin/my_ros_bot/install/rosbridge_test_msgs/include/rosbridge_test_msgs/rosbridge_test_msgs/msg\n'}
[243.582435] (rosbridge_test_msgs) StdoutLine: {'line': b'-- Installing: /home/Malvin/my_ros_bot/install/rosbridge_test_msgs/include/rosbridge_test_msgs/rosbridge_test_msgs/msg/rosidl_typesupport_fastrtps_cpp__visibility_control.h\n'}
[243.583959] (rosbridge_test_msgs) StdoutLine: {'line': b'-- Up-to-date: /home/Malvin/my_ros_bot/install/rosbridge_test_msgs/include/rosbridge_test_msgs/rosbridge_test_msgs/msg/detail\n'}
[243.584516] (rosbridge_test_msgs) StdoutLine: {'line': b'-- Installing: /home/Malvin/my_ros_bot/install/rosbridge_test_msgs/include/rosbridge_test_msgs/rosbridge_test_msgs/msg/detail/dds_fastrtps\n'}
[243.585677] (rosbridge_test_msgs) StdoutLine: {'line': b'-- Installing: /home/Malvin/my_ros_bot/install/rosbridge_test_msgs/include/rosbridge_test_msgs/rosbridge_test_msgs/msg/detail/test_nested_bounded_array__rosidl_typesupport_fastrtps_cpp.hpp\n'}
[243.587141] (rosbridge_test_msgs) StdoutLine: {'line': b'-- Installing: /home/Malvin/my_ros_bot/install/rosbridge_test_msgs/include/rosbridge_test_msgs/rosbridge_test_msgs/msg/detail/test_header__rosidl_typesupport_fastrtps_cpp.hpp\n'}
[243.588665] (rosbridge_test_msgs) StdoutLine: {'line': b'-- Installing: /home/Malvin/my_ros_bot/install/rosbridge_test_msgs/include/rosbridge_test_msgs/rosbridge_test_msgs/msg/detail/test_u_int8_fixed_size_array16__rosidl_typesupport_fastrtps_cpp.hpp\n'}
[243.590155] (rosbridge_test_msgs) StdoutLine: {'line': b'-- Installing: /home/Malvin/my_ros_bot/install/rosbridge_test_msgs/include/rosbridge_test_msgs/rosbridge_test_msgs/msg/detail/test_float32_bounded_array__rosidl_typesupport_fastrtps_cpp.hpp\n'}
[243.591636] (rosbridge_test_msgs) StdoutLine: {'line': b'-- Installing: /home/Malvin/my_ros_bot/install/rosbridge_test_msgs/include/rosbridge_test_msgs/rosbridge_test_msgs/msg/detail/test_duration_array__rosidl_typesupport_fastrtps_cpp.hpp\n'}
[243.592046] (-) TimerEvent: {}
[243.593134] (rosbridge_test_msgs) StdoutLine: {'line': b'-- Installing: /home/Malvin/my_ros_bot/install/rosbridge_test_msgs/include/rosbridge_test_msgs/rosbridge_test_msgs/msg/detail/test_time_array__rosidl_typesupport_fastrtps_cpp.hpp\n'}
[243.594784] (rosbridge_test_msgs) StdoutLine: {'line': b'-- Installing: /home/Malvin/my_ros_bot/install/rosbridge_test_msgs/include/rosbridge_test_msgs/rosbridge_test_msgs/msg/detail/test_header_array__rosidl_typesupport_fastrtps_cpp.hpp\n'}
[243.596224] (rosbridge_test_msgs) StdoutLine: {'line': b'-- Installing: /home/Malvin/my_ros_bot/install/rosbridge_test_msgs/include/rosbridge_test_msgs/rosbridge_test_msgs/msg/detail/test_u_int8__rosidl_typesupport_fastrtps_cpp.hpp\n'}
[243.597625] (rosbridge_test_msgs) StdoutLine: {'line': b'-- Installing: /home/Malvin/my_ros_bot/install/rosbridge_test_msgs/include/rosbridge_test_msgs/rosbridge_test_msgs/msg/detail/num__rosidl_typesupport_fastrtps_cpp.hpp\n'}
[243.598983] (rosbridge_test_msgs) StdoutLine: {'line': b'-- Installing: /home/Malvin/my_ros_bot/install/rosbridge_test_msgs/include/rosbridge_test_msgs/rosbridge_test_msgs/msg/detail/test_float32_array__rosidl_typesupport_fastrtps_cpp.hpp\n'}
[243.600450] (rosbridge_test_msgs) StdoutLine: {'line': b'-- Installing: /home/Malvin/my_ros_bot/install/rosbridge_test_msgs/include/rosbridge_test_msgs/rosbridge_test_msgs/msg/detail/test_char__rosidl_typesupport_fastrtps_cpp.hpp\n'}
[243.601820] (rosbridge_test_msgs) StdoutLine: {'line': b'-- Installing: /home/Malvin/my_ros_bot/install/rosbridge_test_msgs/include/rosbridge_test_msgs/rosbridge_test_msgs/msg/detail/test_header_two__rosidl_typesupport_fastrtps_cpp.hpp\n'}
[243.603070] (rosbridge_test_msgs) StdoutLine: {'line': b'-- Up-to-date: /home/Malvin/my_ros_bot/install/rosbridge_test_msgs/include/rosbridge_test_msgs/rosbridge_test_msgs/srv\n'}
[243.603631] (rosbridge_test_msgs) StdoutLine: {'line': b'-- Up-to-date: /home/Malvin/my_ros_bot/install/rosbridge_test_msgs/include/rosbridge_test_msgs/rosbridge_test_msgs/srv/detail\n'}
[243.604129] (rosbridge_test_msgs) StdoutLine: {'line': b'-- Installing: /home/Malvin/my_ros_bot/install/rosbridge_test_msgs/include/rosbridge_test_msgs/rosbridge_test_msgs/srv/detail/dds_fastrtps\n'}
[243.605177] (rosbridge_test_msgs) StdoutLine: {'line': b'-- Installing: /home/Malvin/my_ros_bot/install/rosbridge_test_msgs/include/rosbridge_test_msgs/rosbridge_test_msgs/srv/detail/test_multiple_request_fields__rosidl_typesupport_fastrtps_cpp.hpp\n'}
[243.606763] (rosbridge_test_msgs) StdoutLine: {'line': b'-- Installing: /home/Malvin/my_ros_bot/install/rosbridge_test_msgs/include/rosbridge_test_msgs/rosbridge_test_msgs/srv/detail/test_nested_service__rosidl_typesupport_fastrtps_cpp.hpp\n'}
[243.608352] (rosbridge_test_msgs) StdoutLine: {'line': b'-- Installing: /home/Malvin/my_ros_bot/install/rosbridge_test_msgs/include/rosbridge_test_msgs/rosbridge_test_msgs/srv/detail/test_response_only__rosidl_typesupport_fastrtps_cpp.hpp\n'}
[243.609882] (rosbridge_test_msgs) StdoutLine: {'line': b'-- Installing: /home/Malvin/my_ros_bot/install/rosbridge_test_msgs/include/rosbridge_test_msgs/rosbridge_test_msgs/srv/detail/test_empty__rosidl_typesupport_fastrtps_cpp.hpp\n'}
[243.611382] (rosbridge_test_msgs) StdoutLine: {'line': b'-- Installing: /home/Malvin/my_ros_bot/install/rosbridge_test_msgs/include/rosbridge_test_msgs/rosbridge_test_msgs/srv/detail/test_multiple_response_fields__rosidl_typesupport_fastrtps_cpp.hpp\n'}
[243.612970] (rosbridge_test_msgs) StdoutLine: {'line': b'-- Installing: /home/Malvin/my_ros_bot/install/rosbridge_test_msgs/include/rosbridge_test_msgs/rosbridge_test_msgs/srv/detail/add_two_ints__rosidl_typesupport_fastrtps_cpp.hpp\n'}
[243.614472] (rosbridge_test_msgs) StdoutLine: {'line': b'-- Installing: /home/Malvin/my_ros_bot/install/rosbridge_test_msgs/include/rosbridge_test_msgs/rosbridge_test_msgs/srv/detail/test_request_and_response__rosidl_typesupport_fastrtps_cpp.hpp\n'}
[243.616005] (rosbridge_test_msgs) StdoutLine: {'line': b'-- Installing: /home/Malvin/my_ros_bot/install/rosbridge_test_msgs/include/rosbridge_test_msgs/rosbridge_test_msgs/srv/detail/test_array_request__rosidl_typesupport_fastrtps_cpp.hpp\n'}
[243.617542] (rosbridge_test_msgs) StdoutLine: {'line': b'-- Installing: /home/Malvin/my_ros_bot/install/rosbridge_test_msgs/include/rosbridge_test_msgs/rosbridge_test_msgs/srv/detail/test_request_only__rosidl_typesupport_fastrtps_cpp.hpp\n'}
[243.619031] (rosbridge_test_msgs) StdoutLine: {'line': b'-- Installing: /home/Malvin/my_ros_bot/install/rosbridge_test_msgs/include/rosbridge_test_msgs/rosbridge_test_msgs/srv/detail/send_bytes__rosidl_typesupport_fastrtps_cpp.hpp\n'}
[243.620359] (rosbridge_test_msgs) StdoutLine: {'line': b'-- Up-to-date: /home/Malvin/my_ros_bot/install/rosbridge_test_msgs/include/rosbridge_test_msgs/rosbridge_test_msgs/action\n'}
[243.620881] (rosbridge_test_msgs) StdoutLine: {'line': b'-- Up-to-date: /home/Malvin/my_ros_bot/install/rosbridge_test_msgs/include/rosbridge_test_msgs/rosbridge_test_msgs/action/detail\n'}
[243.621361] (rosbridge_test_msgs) StdoutLine: {'line': b'-- Installing: /home/Malvin/my_ros_bot/install/rosbridge_test_msgs/include/rosbridge_test_msgs/rosbridge_test_msgs/action/detail/dds_fastrtps\n'}
[243.622351] (rosbridge_test_msgs) StdoutLine: {'line': b'-- Installing: /home/Malvin/my_ros_bot/install/rosbridge_test_msgs/include/rosbridge_test_msgs/rosbridge_test_msgs/action/detail/test_result_only__rosidl_typesupport_fastrtps_cpp.hpp\n'}
[243.623979] (rosbridge_test_msgs) StdoutLine: {'line': b'-- Installing: /home/Malvin/my_ros_bot/install/rosbridge_test_msgs/include/rosbridge_test_msgs/rosbridge_test_msgs/action/detail/test_goal_only__rosidl_typesupport_fastrtps_cpp.hpp\n'}
[243.625798] (rosbridge_test_msgs) StdoutLine: {'line': b'-- Installing: /home/Malvin/my_ros_bot/install/rosbridge_test_msgs/include/rosbridge_test_msgs/rosbridge_test_msgs/action/detail/test_empty__rosidl_typesupport_fastrtps_cpp.hpp\n'}
[243.627506] (rosbridge_test_msgs) StdoutLine: {'line': b'-- Installing: /home/Malvin/my_ros_bot/install/rosbridge_test_msgs/include/rosbridge_test_msgs/rosbridge_test_msgs/action/detail/test_goal_feedback_and_result__rosidl_typesupport_fastrtps_cpp.hpp\n'}
[243.629238] (rosbridge_test_msgs) StdoutLine: {'line': b'-- Installing: /home/Malvin/my_ros_bot/install/rosbridge_test_msgs/include/rosbridge_test_msgs/rosbridge_test_msgs/action/detail/test_multiple_goal_fields__rosidl_typesupport_fastrtps_cpp.hpp\n'}
[243.630982] (rosbridge_test_msgs) StdoutLine: {'line': b'-- Installing: /home/Malvin/my_ros_bot/install/rosbridge_test_msgs/include/rosbridge_test_msgs/rosbridge_test_msgs/action/detail/test_feedback_and_result__rosidl_typesupport_fastrtps_cpp.hpp\n'}
[243.632654] (rosbridge_test_msgs) StdoutLine: {'line': b'-- Installing: /home/Malvin/my_ros_bot/install/rosbridge_test_msgs/include/rosbridge_test_msgs/rosbridge_test_msgs/action/detail/test_goal_and_result__rosidl_typesupport_fastrtps_cpp.hpp\n'}
[243.634808] (rosbridge_test_msgs) StdoutLine: {'line': b'-- Installing: /home/Malvin/my_ros_bot/install/rosbridge_test_msgs/lib/librosbridge_test_msgs__rosidl_typesupport_fastrtps_cpp.so\n'}
[243.655992] (rosbridge_test_msgs) StdoutLine: {'line': b'-- Set non-toolchain portion of runtime path of "/home/Malvin/my_ros_bot/install/rosbridge_test_msgs/lib/librosbridge_test_msgs__rosidl_typesupport_fastrtps_cpp.so" to ""\n'}
[243.656726] (rosbridge_test_msgs) StdoutLine: {'line': b'-- Up-to-date: /home/Malvin/my_ros_bot/install/rosbridge_test_msgs/include/rosbridge_test_msgs/rosbridge_test_msgs\n'}
[243.657120] (rosbridge_test_msgs) StdoutLine: {'line': b'-- Up-to-date: /home/Malvin/my_ros_bot/install/rosbridge_test_msgs/include/rosbridge_test_msgs/rosbridge_test_msgs/msg\n'}
[243.657614] (rosbridge_test_msgs) StdoutLine: {'line': b'-- Installing: /home/Malvin/my_ros_bot/install/rosbridge_test_msgs/include/rosbridge_test_msgs/rosbridge_test_msgs/msg/rosidl_typesupport_introspection_c__visibility_control.h\n'}
[243.658778] (rosbridge_test_msgs) StdoutLine: {'line': b'-- Up-to-date: /home/Malvin/my_ros_bot/install/rosbridge_test_msgs/include/rosbridge_test_msgs/rosbridge_test_msgs/msg/detail\n'}
[243.659528] (rosbridge_test_msgs) StdoutLine: {'line': b'-- Installing: /home/Malvin/my_ros_bot/install/rosbridge_test_msgs/include/rosbridge_test_msgs/rosbridge_test_msgs/msg/detail/test_duration_array__type_support.c\n'}
[243.661096] (rosbridge_test_msgs) StdoutLine: {'line': b'-- Installing: /home/Malvin/my_ros_bot/install/rosbridge_test_msgs/include/rosbridge_test_msgs/rosbridge_test_msgs/msg/detail/test_header__rosidl_typesupport_introspection_c.h\n'}
[243.662619] (rosbridge_test_msgs) StdoutLine: {'line': b'-- Installing: /home/Malvin/my_ros_bot/install/rosbridge_test_msgs/include/rosbridge_test_msgs/rosbridge_test_msgs/msg/detail/test_u_int8__rosidl_typesupport_introspection_c.h\n'}
[243.663999] (rosbridge_test_msgs) StdoutLine: {'line': b'-- Installing: /home/Malvin/my_ros_bot/install/rosbridge_test_msgs/include/rosbridge_test_msgs/rosbridge_test_msgs/msg/detail/test_float32_bounded_array__type_support.c\n'}
[243.665459] (rosbridge_test_msgs) StdoutLine: {'line': b'-- Installing: /home/Malvin/my_ros_bot/install/rosbridge_test_msgs/include/rosbridge_test_msgs/rosbridge_test_msgs/msg/detail/test_char__type_support.c\n'}
[243.666863] (rosbridge_test_msgs) StdoutLine: {'line': b'-- Installing: /home/Malvin/my_ros_bot/install/rosbridge_test_msgs/include/rosbridge_test_msgs/rosbridge_test_msgs/msg/detail/test_header_array__type_support.c\n'}
[243.668347] (rosbridge_test_msgs) StdoutLine: {'line': b'-- Installing: /home/Malvin/my_ros_bot/install/rosbridge_test_msgs/include/rosbridge_test_msgs/rosbridge_test_msgs/msg/detail/test_header_two__rosidl_typesupport_introspection_c.h\n'}
[243.669744] (rosbridge_test_msgs) StdoutLine: {'line': b'-- Installing: /home/Malvin/my_ros_bot/install/rosbridge_test_msgs/include/rosbridge_test_msgs/rosbridge_test_msgs/msg/detail/test_header_array__rosidl_typesupport_introspection_c.h\n'}
[243.671205] (rosbridge_test_msgs) StdoutLine: {'line': b'-- Installing: /home/Malvin/my_ros_bot/install/rosbridge_test_msgs/include/rosbridge_test_msgs/rosbridge_test_msgs/msg/detail/test_float32_array__rosidl_typesupport_introspection_c.h\n'}
[243.672614] (rosbridge_test_msgs) StdoutLine: {'line': b'-- Installing: /home/Malvin/my_ros_bot/install/rosbridge_test_msgs/include/rosbridge_test_msgs/rosbridge_test_msgs/msg/detail/test_time_array__type_support.c\n'}
[243.674087] (rosbridge_test_msgs) StdoutLine: {'line': b'-- Installing: /home/Malvin/my_ros_bot/install/rosbridge_test_msgs/include/rosbridge_test_msgs/rosbridge_test_msgs/msg/detail/test_float32_bounded_array__rosidl_typesupport_introspection_c.h\n'}
[243.675542] (rosbridge_test_msgs) StdoutLine: {'line': b'-- Installing: /home/Malvin/my_ros_bot/install/rosbridge_test_msgs/include/rosbridge_test_msgs/rosbridge_test_msgs/msg/detail/test_header_two__type_support.c\n'}
[243.677046] (rosbridge_test_msgs) StdoutLine: {'line': b'-- Installing: /home/Malvin/my_ros_bot/install/rosbridge_test_msgs/include/rosbridge_test_msgs/rosbridge_test_msgs/msg/detail/test_nested_bounded_array__rosidl_typesupport_introspection_c.h\n'}
[243.678499] (rosbridge_test_msgs) StdoutLine: {'line': b'-- Installing: /home/Malvin/my_ros_bot/install/rosbridge_test_msgs/include/rosbridge_test_msgs/rosbridge_test_msgs/msg/detail/test_u_int8__type_support.c\n'}
[243.679920] (rosbridge_test_msgs) StdoutLine: {'line': b'-- Installing: /home/Malvin/my_ros_bot/install/rosbridge_test_msgs/include/rosbridge_test_msgs/rosbridge_test_msgs/msg/detail/num__type_support.c\n'}
[243.681348] (rosbridge_test_msgs) StdoutLine: {'line': b'-- Installing: /home/Malvin/my_ros_bot/install/rosbridge_test_msgs/include/rosbridge_test_msgs/rosbridge_test_msgs/msg/detail/test_u_int8_fixed_size_array16__rosidl_typesupport_introspection_c.h\n'}
[243.682918] (rosbridge_test_msgs) StdoutLine: {'line': b'-- Installing: /home/Malvin/my_ros_bot/install/rosbridge_test_msgs/include/rosbridge_test_msgs/rosbridge_test_msgs/msg/detail/num__rosidl_typesupport_introspection_c.h\n'}
[243.684306] (rosbridge_test_msgs) StdoutLine: {'line': b'-- Installing: /home/Malvin/my_ros_bot/install/rosbridge_test_msgs/include/rosbridge_test_msgs/rosbridge_test_msgs/msg/detail/test_nested_bounded_array__type_support.c\n'}
[243.686018] (rosbridge_test_msgs) StdoutLine: {'line': b'-- Installing: /home/Malvin/my_ros_bot/install/rosbridge_test_msgs/include/rosbridge_test_msgs/rosbridge_test_msgs/msg/detail/test_char__rosidl_typesupport_introspection_c.h\n'}
[243.687353] (rosbridge_test_msgs) StdoutLine: {'line': b'-- Installing: /home/Malvin/my_ros_bot/install/rosbridge_test_msgs/include/rosbridge_test_msgs/rosbridge_test_msgs/msg/detail/test_u_int8_fixed_size_array16__type_support.c\n'}
[243.688991] (rosbridge_test_msgs) StdoutLine: {'line': b'-- Installing: /home/Malvin/my_ros_bot/install/rosbridge_test_msgs/include/rosbridge_test_msgs/rosbridge_test_msgs/msg/detail/test_time_array__rosidl_typesupport_introspection_c.h\n'}
[243.690484] (rosbridge_test_msgs) StdoutLine: {'line': b'-- Installing: /home/Malvin/my_ros_bot/install/rosbridge_test_msgs/include/rosbridge_test_msgs/rosbridge_test_msgs/msg/detail/test_header__type_support.c\n'}
[243.691954] (rosbridge_test_msgs) StdoutLine: {'line': b'-- Installing: /home/Malvin/my_ros_bot/install/rosbridge_test_msgs/include/rosbridge_test_msgs/rosbridge_test_msgs/msg/detail/test_duration_array__rosidl_typesupport_introspection_c.h\n'}
[243.692433] (-) TimerEvent: {}
[243.693552] (rosbridge_test_msgs) StdoutLine: {'line': b'-- Installing: /home/Malvin/my_ros_bot/install/rosbridge_test_msgs/include/rosbridge_test_msgs/rosbridge_test_msgs/msg/detail/test_float32_array__type_support.c\n'}
[243.695131] (rosbridge_test_msgs) StdoutLine: {'line': b'-- Up-to-date: /home/Malvin/my_ros_bot/install/rosbridge_test_msgs/include/rosbridge_test_msgs/rosbridge_test_msgs/srv\n'}
[243.695725] (rosbridge_test_msgs) StdoutLine: {'line': b'-- Up-to-date: /home/Malvin/my_ros_bot/install/rosbridge_test_msgs/include/rosbridge_test_msgs/rosbridge_test_msgs/srv/detail\n'}
[243.696265] (rosbridge_test_msgs) StdoutLine: {'line': b'-- Installing: /home/Malvin/my_ros_bot/install/rosbridge_test_msgs/include/rosbridge_test_msgs/rosbridge_test_msgs/srv/detail/test_multiple_request_fields__type_support.c\n'}
[243.698111] (rosbridge_test_msgs) StdoutLine: {'line': b'-- Installing: /home/Malvin/my_ros_bot/install/rosbridge_test_msgs/include/rosbridge_test_msgs/rosbridge_test_msgs/srv/detail/add_two_ints__rosidl_typesupport_introspection_c.h\n'}
[243.699517] (rosbridge_test_msgs) StdoutLine: {'line': b'-- Installing: /home/Malvin/my_ros_bot/install/rosbridge_test_msgs/include/rosbridge_test_msgs/rosbridge_test_msgs/srv/detail/test_empty__type_support.c\n'}
[243.701058] (rosbridge_test_msgs) StdoutLine: {'line': b'-- Installing: /home/Malvin/my_ros_bot/install/rosbridge_test_msgs/include/rosbridge_test_msgs/rosbridge_test_msgs/srv/detail/test_array_request__type_support.c\n'}
[243.702733] (rosbridge_test_msgs) StdoutLine: {'line': b'-- Installing: /home/Malvin/my_ros_bot/install/rosbridge_test_msgs/include/rosbridge_test_msgs/rosbridge_test_msgs/srv/detail/test_multiple_response_fields__type_support.c\n'}
[243.704456] (rosbridge_test_msgs) StdoutLine: {'line': b'-- Installing: /home/Malvin/my_ros_bot/install/rosbridge_test_msgs/include/rosbridge_test_msgs/rosbridge_test_msgs/srv/detail/test_request_and_response__type_support.c\n'}
[243.706139] (rosbridge_test_msgs) StdoutLine: {'line': b'-- Installing: /home/Malvin/my_ros_bot/install/rosbridge_test_msgs/include/rosbridge_test_msgs/rosbridge_test_msgs/srv/detail/test_multiple_request_fields__rosidl_typesupport_introspection_c.h\n'}
[243.707584] (rosbridge_test_msgs) StdoutLine: {'line': b'-- Installing: /home/Malvin/my_ros_bot/install/rosbridge_test_msgs/include/rosbridge_test_msgs/rosbridge_test_msgs/srv/detail/test_response_only__type_support.c\n'}
[243.709159] (rosbridge_test_msgs) StdoutLine: {'line': b'-- Installing: /home/Malvin/my_ros_bot/install/rosbridge_test_msgs/include/rosbridge_test_msgs/rosbridge_test_msgs/srv/detail/send_bytes__type_support.c\n'}
[243.710752] (rosbridge_test_msgs) StdoutLine: {'line': b'-- Installing: /home/Malvin/my_ros_bot/install/rosbridge_test_msgs/include/rosbridge_test_msgs/rosbridge_test_msgs/srv/detail/send_bytes__rosidl_typesupport_introspection_c.h\n'}
[243.712168] (rosbridge_test_msgs) StdoutLine: {'line': b'-- Installing: /home/Malvin/my_ros_bot/install/rosbridge_test_msgs/include/rosbridge_test_msgs/rosbridge_test_msgs/srv/detail/test_request_and_response__rosidl_typesupport_introspection_c.h\n'}
[243.713648] (rosbridge_test_msgs) StdoutLine: {'line': b'-- Installing: /home/Malvin/my_ros_bot/install/rosbridge_test_msgs/include/rosbridge_test_msgs/rosbridge_test_msgs/srv/detail/test_empty__rosidl_typesupport_introspection_c.h\n'}
[243.714999] (rosbridge_test_msgs) StdoutLine: {'line': b'-- Installing: /home/Malvin/my_ros_bot/install/rosbridge_test_msgs/include/rosbridge_test_msgs/rosbridge_test_msgs/srv/detail/test_request_only__type_support.c\n'}
[243.716756] (rosbridge_test_msgs) StdoutLine: {'line': b'-- Installing: /home/Malvin/my_ros_bot/install/rosbridge_test_msgs/include/rosbridge_test_msgs/rosbridge_test_msgs/srv/detail/test_nested_service__rosidl_typesupport_introspection_c.h\n'}
[243.718233] (rosbridge_test_msgs) StdoutLine: {'line': b'-- Installing: /home/Malvin/my_ros_bot/install/rosbridge_test_msgs/include/rosbridge_test_msgs/rosbridge_test_msgs/srv/detail/test_request_only__rosidl_typesupport_introspection_c.h\n'}
[243.719615] (rosbridge_test_msgs) StdoutLine: {'line': b'-- Installing: /home/Malvin/my_ros_bot/install/rosbridge_test_msgs/include/rosbridge_test_msgs/rosbridge_test_msgs/srv/detail/test_response_only__rosidl_typesupport_introspection_c.h\n'}
[243.720953] (rosbridge_test_msgs) StdoutLine: {'line': b'-- Installing: /home/Malvin/my_ros_bot/install/rosbridge_test_msgs/include/rosbridge_test_msgs/rosbridge_test_msgs/srv/detail/test_nested_service__type_support.c\n'}
[243.722672] (rosbridge_test_msgs) StdoutLine: {'line': b'-- Installing: /home/Malvin/my_ros_bot/install/rosbridge_test_msgs/include/rosbridge_test_msgs/rosbridge_test_msgs/srv/detail/test_multiple_response_fields__rosidl_typesupport_introspection_c.h\n'}
[243.724123] (rosbridge_test_msgs) StdoutLine: {'line': b'-- Installing: /home/Malvin/my_ros_bot/install/rosbridge_test_msgs/include/rosbridge_test_msgs/rosbridge_test_msgs/srv/detail/add_two_ints__type_support.c\n'}
[243.725775] (rosbridge_test_msgs) StdoutLine: {'line': b'-- Installing: /home/Malvin/my_ros_bot/install/rosbridge_test_msgs/include/rosbridge_test_msgs/rosbridge_test_msgs/srv/detail/test_array_request__rosidl_typesupport_introspection_c.h\n'}
[243.727098] (rosbridge_test_msgs) StdoutLine: {'line': b'-- Up-to-date: /home/Malvin/my_ros_bot/install/rosbridge_test_msgs/include/rosbridge_test_msgs/rosbridge_test_msgs/action\n'}
[243.727598] (rosbridge_test_msgs) StdoutLine: {'line': b'-- Up-to-date: /home/Malvin/my_ros_bot/install/rosbridge_test_msgs/include/rosbridge_test_msgs/rosbridge_test_msgs/action/detail\n'}
[243.728244] (rosbridge_test_msgs) StdoutLine: {'line': b'-- Installing: /home/Malvin/my_ros_bot/install/rosbridge_test_msgs/include/rosbridge_test_msgs/rosbridge_test_msgs/action/detail/test_multiple_goal_fields__rosidl_typesupport_introspection_c.h\n'}
[243.729801] (rosbridge_test_msgs) StdoutLine: {'line': b'-- Installing: /home/Malvin/my_ros_bot/install/rosbridge_test_msgs/include/rosbridge_test_msgs/rosbridge_test_msgs/action/detail/test_empty__type_support.c\n'}
[243.731887] (rosbridge_test_msgs) StdoutLine: {'line': b'-- Installing: /home/Malvin/my_ros_bot/install/rosbridge_test_msgs/include/rosbridge_test_msgs/rosbridge_test_msgs/action/detail/test_goal_and_result__rosidl_typesupport_introspection_c.h\n'}
[243.733574] (rosbridge_test_msgs) StdoutLine: {'line': b'-- Installing: /home/Malvin/my_ros_bot/install/rosbridge_test_msgs/include/rosbridge_test_msgs/rosbridge_test_msgs/action/detail/test_goal_only__type_support.c\n'}
[243.735669] (rosbridge_test_msgs) StdoutLine: {'line': b'-- Installing: /home/Malvin/my_ros_bot/install/rosbridge_test_msgs/include/rosbridge_test_msgs/rosbridge_test_msgs/action/detail/test_feedback_and_result__type_support.c\n'}
[243.737838] (rosbridge_test_msgs) StdoutLine: {'line': b'-- Installing: /home/Malvin/my_ros_bot/install/rosbridge_test_msgs/include/rosbridge_test_msgs/rosbridge_test_msgs/action/detail/test_result_only__type_support.c\n'}
[243.739998] (rosbridge_test_msgs) StdoutLine: {'line': b'-- Installing: /home/Malvin/my_ros_bot/install/rosbridge_test_msgs/include/rosbridge_test_msgs/rosbridge_test_msgs/action/detail/test_goal_feedback_and_result__rosidl_typesupport_introspection_c.h\n'}
[243.741548] (rosbridge_test_msgs) StdoutLine: {'line': b'-- Installing: /home/Malvin/my_ros_bot/install/rosbridge_test_msgs/include/rosbridge_test_msgs/rosbridge_test_msgs/action/detail/test_goal_feedback_and_result__type_support.c\n'}
[243.743824] (rosbridge_test_msgs) StdoutLine: {'line': b'-- Installing: /home/Malvin/my_ros_bot/install/rosbridge_test_msgs/include/rosbridge_test_msgs/rosbridge_test_msgs/action/detail/test_empty__rosidl_typesupport_introspection_c.h\n'}
[243.745294] (rosbridge_test_msgs) StdoutLine: {'line': b'-- Installing: /home/Malvin/my_ros_bot/install/rosbridge_test_msgs/include/rosbridge_test_msgs/rosbridge_test_msgs/action/detail/test_goal_only__rosidl_typesupport_introspection_c.h\n'}
[243.746769] (rosbridge_test_msgs) StdoutLine: {'line': b'-- Installing: /home/Malvin/my_ros_bot/install/rosbridge_test_msgs/include/rosbridge_test_msgs/rosbridge_test_msgs/action/detail/test_result_only__rosidl_typesupport_introspection_c.h\n'}
[243.748314] (rosbridge_test_msgs) StdoutLine: {'line': b'-- Installing: /home/Malvin/my_ros_bot/install/rosbridge_test_msgs/include/rosbridge_test_msgs/rosbridge_test_msgs/action/detail/test_multiple_goal_fields__type_support.c\n'}
[243.750593] (rosbridge_test_msgs) StdoutLine: {'line': b'-- Installing: /home/Malvin/my_ros_bot/install/rosbridge_test_msgs/include/rosbridge_test_msgs/rosbridge_test_msgs/action/detail/test_goal_and_result__type_support.c\n'}
[243.752755] (rosbridge_test_msgs) StdoutLine: {'line': b'-- Installing: /home/Malvin/my_ros_bot/install/rosbridge_test_msgs/include/rosbridge_test_msgs/rosbridge_test_msgs/action/detail/test_feedback_and_result__rosidl_typesupport_introspection_c.h\n'}
[243.754806] (rosbridge_test_msgs) StdoutLine: {'line': b'-- Installing: /home/Malvin/my_ros_bot/install/rosbridge_test_msgs/lib/librosbridge_test_msgs__rosidl_typesupport_introspection_c.so\n'}
[243.762591] (rosbridge_test_msgs) StdoutLine: {'line': b'-- Set non-toolchain portion of runtime path of "/home/Malvin/my_ros_bot/install/rosbridge_test_msgs/lib/librosbridge_test_msgs__rosidl_typesupport_introspection_c.so" to ""\n'}
[243.763263] (rosbridge_test_msgs) StdoutLine: {'line': b'-- Installing: /home/Malvin/my_ros_bot/install/rosbridge_test_msgs/lib/librosbridge_test_msgs__rosidl_typesupport_c.so\n'}
[243.768893] (rosbridge_test_msgs) StdoutLine: {'line': b'-- Set non-toolchain portion of runtime path of "/home/Malvin/my_ros_bot/install/rosbridge_test_msgs/lib/librosbridge_test_msgs__rosidl_typesupport_c.so" to ""\n'}
[243.769545] (rosbridge_test_msgs) StdoutLine: {'line': b'-- Up-to-date: /home/Malvin/my_ros_bot/install/rosbridge_test_msgs/include/rosbridge_test_msgs/rosbridge_test_msgs\n'}
[243.770062] (rosbridge_test_msgs) StdoutLine: {'line': b'-- Up-to-date: /home/Malvin/my_ros_bot/install/rosbridge_test_msgs/include/rosbridge_test_msgs/rosbridge_test_msgs/msg\n'}
[243.770444] (rosbridge_test_msgs) StdoutLine: {'line': b'-- Up-to-date: /home/Malvin/my_ros_bot/install/rosbridge_test_msgs/include/rosbridge_test_msgs/rosbridge_test_msgs/msg/detail\n'}
[243.770939] (rosbridge_test_msgs) StdoutLine: {'line': b'-- Installing: /home/Malvin/my_ros_bot/install/rosbridge_test_msgs/include/rosbridge_test_msgs/rosbridge_test_msgs/msg/detail/test_header__rosidl_typesupport_introspection_cpp.hpp\n'}
[243.772777] (rosbridge_test_msgs) StdoutLine: {'line': b'-- Installing: /home/Malvin/my_ros_bot/install/rosbridge_test_msgs/include/rosbridge_test_msgs/rosbridge_test_msgs/msg/detail/num__rosidl_typesupport_introspection_cpp.hpp\n'}
[243.774269] (rosbridge_test_msgs) StdoutLine: {'line': b'-- Installing: /home/Malvin/my_ros_bot/install/rosbridge_test_msgs/include/rosbridge_test_msgs/rosbridge_test_msgs/msg/detail/test_duration_array__rosidl_typesupport_introspection_cpp.hpp\n'}
[243.775738] (rosbridge_test_msgs) StdoutLine: {'line': b'-- Installing: /home/Malvin/my_ros_bot/install/rosbridge_test_msgs/include/rosbridge_test_msgs/rosbridge_test_msgs/msg/detail/test_float32_bounded_array__rosidl_typesupport_introspection_cpp.hpp\n'}
[243.777186] (rosbridge_test_msgs) StdoutLine: {'line': b'-- Installing: /home/Malvin/my_ros_bot/install/rosbridge_test_msgs/include/rosbridge_test_msgs/rosbridge_test_msgs/msg/detail/test_u_int8__type_support.cpp\n'}
[243.778577] (rosbridge_test_msgs) StdoutLine: {'line': b'-- Installing: /home/Malvin/my_ros_bot/install/rosbridge_test_msgs/include/rosbridge_test_msgs/rosbridge_test_msgs/msg/detail/test_u_int8__rosidl_typesupport_introspection_cpp.hpp\n'}
[243.779996] (rosbridge_test_msgs) StdoutLine: {'line': b'-- Installing: /home/Malvin/my_ros_bot/install/rosbridge_test_msgs/include/rosbridge_test_msgs/rosbridge_test_msgs/msg/detail/test_time_array__rosidl_typesupport_introspection_cpp.hpp\n'}
[243.781453] (rosbridge_test_msgs) StdoutLine: {'line': b'-- Installing: /home/Malvin/my_ros_bot/install/rosbridge_test_msgs/include/rosbridge_test_msgs/rosbridge_test_msgs/msg/detail/test_float32_bounded_array__type_support.cpp\n'}
[243.782848] (rosbridge_test_msgs) StdoutLine: {'line': b'-- Installing: /home/Malvin/my_ros_bot/install/rosbridge_test_msgs/include/rosbridge_test_msgs/rosbridge_test_msgs/msg/detail/test_header_two__rosidl_typesupport_introspection_cpp.hpp\n'}
[243.784315] (rosbridge_test_msgs) StdoutLine: {'line': b'-- Installing: /home/Malvin/my_ros_bot/install/rosbridge_test_msgs/include/rosbridge_test_msgs/rosbridge_test_msgs/msg/detail/test_float32_array__rosidl_typesupport_introspection_cpp.hpp\n'}
[243.785726] (rosbridge_test_msgs) StdoutLine: {'line': b'-- Installing: /home/Malvin/my_ros_bot/install/rosbridge_test_msgs/include/rosbridge_test_msgs/rosbridge_test_msgs/msg/detail/test_u_int8_fixed_size_array16__type_support.cpp\n'}
[243.787133] (rosbridge_test_msgs) StdoutLine: {'line': b'-- Installing: /home/Malvin/my_ros_bot/install/rosbridge_test_msgs/include/rosbridge_test_msgs/rosbridge_test_msgs/msg/detail/test_nested_bounded_array__type_support.cpp\n'}
[243.788527] (rosbridge_test_msgs) StdoutLine: {'line': b'-- Installing: /home/Malvin/my_ros_bot/install/rosbridge_test_msgs/include/rosbridge_test_msgs/rosbridge_test_msgs/msg/detail/test_char__type_support.cpp\n'}
[243.790048] (rosbridge_test_msgs) StdoutLine: {'line': b'-- Installing: /home/Malvin/my_ros_bot/install/rosbridge_test_msgs/include/rosbridge_test_msgs/rosbridge_test_msgs/msg/detail/test_header__type_support.cpp\n'}
[243.791344] (rosbridge_test_msgs) StdoutLine: {'line': b'-- Installing: /home/Malvin/my_ros_bot/install/rosbridge_test_msgs/include/rosbridge_test_msgs/rosbridge_test_msgs/msg/detail/test_time_array__type_support.cpp\n'}
[243.792548] (-) TimerEvent: {}
[243.792947] (rosbridge_test_msgs) StdoutLine: {'line': b'-- Installing: /home/Malvin/my_ros_bot/install/rosbridge_test_msgs/include/rosbridge_test_msgs/rosbridge_test_msgs/msg/detail/test_header_array__rosidl_typesupport_introspection_cpp.hpp\n'}
[243.794337] (rosbridge_test_msgs) StdoutLine: {'line': b'-- Installing: /home/Malvin/my_ros_bot/install/rosbridge_test_msgs/include/rosbridge_test_msgs/rosbridge_test_msgs/msg/detail/test_nested_bounded_array__rosidl_typesupport_introspection_cpp.hpp\n'}
[243.795835] (rosbridge_test_msgs) StdoutLine: {'line': b'-- Installing: /home/Malvin/my_ros_bot/install/rosbridge_test_msgs/include/rosbridge_test_msgs/rosbridge_test_msgs/msg/detail/test_header_two__type_support.cpp\n'}
[243.797265] (rosbridge_test_msgs) StdoutLine: {'line': b'-- Installing: /home/Malvin/my_ros_bot/install/rosbridge_test_msgs/include/rosbridge_test_msgs/rosbridge_test_msgs/msg/detail/test_float32_array__type_support.cpp\n'}
[243.798703] (rosbridge_test_msgs) StdoutLine: {'line': b'-- Installing: /home/Malvin/my_ros_bot/install/rosbridge_test_msgs/include/rosbridge_test_msgs/rosbridge_test_msgs/msg/detail/test_u_int8_fixed_size_array16__rosidl_typesupport_introspection_cpp.hpp\n'}
[243.800137] (rosbridge_test_msgs) StdoutLine: {'line': b'-- Installing: /home/Malvin/my_ros_bot/install/rosbridge_test_msgs/include/rosbridge_test_msgs/rosbridge_test_msgs/msg/detail/test_header_array__type_support.cpp\n'}
[243.801526] (rosbridge_test_msgs) StdoutLine: {'line': b'-- Installing: /home/Malvin/my_ros_bot/install/rosbridge_test_msgs/include/rosbridge_test_msgs/rosbridge_test_msgs/msg/detail/test_char__rosidl_typesupport_introspection_cpp.hpp\n'}
[243.802921] (rosbridge_test_msgs) StdoutLine: {'line': b'-- Installing: /home/Malvin/my_ros_bot/install/rosbridge_test_msgs/include/rosbridge_test_msgs/rosbridge_test_msgs/msg/detail/num__type_support.cpp\n'}
[243.804172] (rosbridge_test_msgs) StdoutLine: {'line': b'-- Installing: /home/Malvin/my_ros_bot/install/rosbridge_test_msgs/include/rosbridge_test_msgs/rosbridge_test_msgs/msg/detail/test_duration_array__type_support.cpp\n'}
[243.805446] (rosbridge_test_msgs) StdoutLine: {'line': b'-- Up-to-date: /home/Malvin/my_ros_bot/install/rosbridge_test_msgs/include/rosbridge_test_msgs/rosbridge_test_msgs/srv\n'}
[243.805985] (rosbridge_test_msgs) StdoutLine: {'line': b'-- Up-to-date: /home/Malvin/my_ros_bot/install/rosbridge_test_msgs/include/rosbridge_test_msgs/rosbridge_test_msgs/srv/detail\n'}
[243.806609] (rosbridge_test_msgs) StdoutLine: {'line': b'-- Installing: /home/Malvin/my_ros_bot/install/rosbridge_test_msgs/include/rosbridge_test_msgs/rosbridge_test_msgs/srv/detail/test_request_only__type_support.cpp\n'}
[243.808263] (rosbridge_test_msgs) StdoutLine: {'line': b'-- Installing: /home/Malvin/my_ros_bot/install/rosbridge_test_msgs/include/rosbridge_test_msgs/rosbridge_test_msgs/srv/detail/test_array_request__type_support.cpp\n'}
[243.809840] (rosbridge_test_msgs) StdoutLine: {'line': b'-- Installing: /home/Malvin/my_ros_bot/install/rosbridge_test_msgs/include/rosbridge_test_msgs/rosbridge_test_msgs/srv/detail/test_multiple_response_fields__rosidl_typesupport_introspection_cpp.hpp\n'}
[243.811311] (rosbridge_test_msgs) StdoutLine: {'line': b'-- Installing: /home/Malvin/my_ros_bot/install/rosbridge_test_msgs/include/rosbridge_test_msgs/rosbridge_test_msgs/srv/detail/test_response_only__type_support.cpp\n'}
[243.812816] (rosbridge_test_msgs) StdoutLine: {'line': b'-- Installing: /home/Malvin/my_ros_bot/install/rosbridge_test_msgs/include/rosbridge_test_msgs/rosbridge_test_msgs/srv/detail/send_bytes__type_support.cpp\n'}
[243.814322] (rosbridge_test_msgs) StdoutLine: {'line': b'-- Installing: /home/Malvin/my_ros_bot/install/rosbridge_test_msgs/include/rosbridge_test_msgs/rosbridge_test_msgs/srv/detail/test_request_only__rosidl_typesupport_introspection_cpp.hpp\n'}
[243.815816] (rosbridge_test_msgs) StdoutLine: {'line': b'-- Installing: /home/Malvin/my_ros_bot/install/rosbridge_test_msgs/include/rosbridge_test_msgs/rosbridge_test_msgs/srv/detail/test_response_only__rosidl_typesupport_introspection_cpp.hpp\n'}
[243.817277] (rosbridge_test_msgs) StdoutLine: {'line': b'-- Installing: /home/Malvin/my_ros_bot/install/rosbridge_test_msgs/include/rosbridge_test_msgs/rosbridge_test_msgs/srv/detail/test_multiple_request_fields__type_support.cpp\n'}
[243.818874] (rosbridge_test_msgs) StdoutLine: {'line': b'-- Installing: /home/Malvin/my_ros_bot/install/rosbridge_test_msgs/include/rosbridge_test_msgs/rosbridge_test_msgs/srv/detail/test_nested_service__type_support.cpp\n'}
[243.820472] (rosbridge_test_msgs) StdoutLine: {'line': b'-- Installing: /home/Malvin/my_ros_bot/install/rosbridge_test_msgs/include/rosbridge_test_msgs/rosbridge_test_msgs/srv/detail/test_array_request__rosidl_typesupport_introspection_cpp.hpp\n'}
[243.821923] (rosbridge_test_msgs) StdoutLine: {'line': b'-- Installing: /home/Malvin/my_ros_bot/install/rosbridge_test_msgs/include/rosbridge_test_msgs/rosbridge_test_msgs/srv/detail/add_two_ints__type_support.cpp\n'}
[243.823502] (rosbridge_test_msgs) StdoutLine: {'line': b'-- Installing: /home/Malvin/my_ros_bot/install/rosbridge_test_msgs/include/rosbridge_test_msgs/rosbridge_test_msgs/srv/detail/test_multiple_request_fields__rosidl_typesupport_introspection_cpp.hpp\n'}
[243.825127] (rosbridge_test_msgs) StdoutLine: {'line': b'-- Installing: /home/Malvin/my_ros_bot/install/rosbridge_test_msgs/include/rosbridge_test_msgs/rosbridge_test_msgs/srv/detail/add_two_ints__rosidl_typesupport_introspection_cpp.hpp\n'}
[243.826601] (rosbridge_test_msgs) StdoutLine: {'line': b'-- Installing: /home/Malvin/my_ros_bot/install/rosbridge_test_msgs/include/rosbridge_test_msgs/rosbridge_test_msgs/srv/detail/test_request_and_response__type_support.cpp\n'}
[243.828196] (rosbridge_test_msgs) StdoutLine: {'line': b'-- Installing: /home/Malvin/my_ros_bot/install/rosbridge_test_msgs/include/rosbridge_test_msgs/rosbridge_test_msgs/srv/detail/test_request_and_response__rosidl_typesupport_introspection_cpp.hpp\n'}
[243.829680] (rosbridge_test_msgs) StdoutLine: {'line': b'-- Installing: /home/Malvin/my_ros_bot/install/rosbridge_test_msgs/include/rosbridge_test_msgs/rosbridge_test_msgs/srv/detail/test_nested_service__rosidl_typesupport_introspection_cpp.hpp\n'}
[243.831127] (rosbridge_test_msgs) StdoutLine: {'line': b'-- Installing: /home/Malvin/my_ros_bot/install/rosbridge_test_msgs/include/rosbridge_test_msgs/rosbridge_test_msgs/srv/detail/send_bytes__rosidl_typesupport_introspection_cpp.hpp\n'}
[243.832569] (rosbridge_test_msgs) StdoutLine: {'line': b'-- Installing: /home/Malvin/my_ros_bot/install/rosbridge_test_msgs/include/rosbridge_test_msgs/rosbridge_test_msgs/srv/detail/test_empty__rosidl_typesupport_introspection_cpp.hpp\n'}
[243.833916] (rosbridge_test_msgs) StdoutLine: {'line': b'-- Installing: /home/Malvin/my_ros_bot/install/rosbridge_test_msgs/include/rosbridge_test_msgs/rosbridge_test_msgs/srv/detail/test_empty__type_support.cpp\n'}
[243.835442] (rosbridge_test_msgs) StdoutLine: {'line': b'-- Installing: /home/Malvin/my_ros_bot/install/rosbridge_test_msgs/include/rosbridge_test_msgs/rosbridge_test_msgs/srv/detail/test_multiple_response_fields__type_support.cpp\n'}
[243.836928] (rosbridge_test_msgs) StdoutLine: {'line': b'-- Up-to-date: /home/Malvin/my_ros_bot/install/rosbridge_test_msgs/include/rosbridge_test_msgs/rosbridge_test_msgs/action\n'}
[243.837504] (rosbridge_test_msgs) StdoutLine: {'line': b'-- Up-to-date: /home/Malvin/my_ros_bot/install/rosbridge_test_msgs/include/rosbridge_test_msgs/rosbridge_test_msgs/action/detail\n'}
[243.838057] (rosbridge_test_msgs) StdoutLine: {'line': b'-- Installing: /home/Malvin/my_ros_bot/install/rosbridge_test_msgs/include/rosbridge_test_msgs/rosbridge_test_msgs/action/detail/test_multiple_goal_fields__rosidl_typesupport_introspection_cpp.hpp\n'}
[243.839624] (rosbridge_test_msgs) StdoutLine: {'line': b'-- Installing: /home/Malvin/my_ros_bot/install/rosbridge_test_msgs/include/rosbridge_test_msgs/rosbridge_test_msgs/action/detail/test_goal_only__type_support.cpp\n'}
[243.841527] (rosbridge_test_msgs) StdoutLine: {'line': b'-- Installing: /home/Malvin/my_ros_bot/install/rosbridge_test_msgs/include/rosbridge_test_msgs/rosbridge_test_msgs/action/detail/test_goal_and_result__type_support.cpp\n'}
[243.843523] (rosbridge_test_msgs) StdoutLine: {'line': b'-- Installing: /home/Malvin/my_ros_bot/install/rosbridge_test_msgs/include/rosbridge_test_msgs/rosbridge_test_msgs/action/detail/test_feedback_and_result__rosidl_typesupport_introspection_cpp.hpp\n'}
[243.844999] (rosbridge_test_msgs) StdoutLine: {'line': b'-- Installing: /home/Malvin/my_ros_bot/install/rosbridge_test_msgs/include/rosbridge_test_msgs/rosbridge_test_msgs/action/detail/test_result_only__type_support.cpp\n'}
[243.846945] (rosbridge_test_msgs) StdoutLine: {'line': b'-- Installing: /home/Malvin/my_ros_bot/install/rosbridge_test_msgs/include/rosbridge_test_msgs/rosbridge_test_msgs/action/detail/test_goal_only__rosidl_typesupport_introspection_cpp.hpp\n'}
[243.848524] (rosbridge_test_msgs) StdoutLine: {'line': b'-- Installing: /home/Malvin/my_ros_bot/install/rosbridge_test_msgs/include/rosbridge_test_msgs/rosbridge_test_msgs/action/detail/test_goal_and_result__rosidl_typesupport_introspection_cpp.hpp\n'}
[243.850006] (rosbridge_test_msgs) StdoutLine: {'line': b'-- Installing: /home/Malvin/my_ros_bot/install/rosbridge_test_msgs/include/rosbridge_test_msgs/rosbridge_test_msgs/action/detail/test_empty__rosidl_typesupport_introspection_cpp.hpp\n'}
[243.851448] (rosbridge_test_msgs) StdoutLine: {'line': b'-- Installing: /home/Malvin/my_ros_bot/install/rosbridge_test_msgs/include/rosbridge_test_msgs/rosbridge_test_msgs/action/detail/test_goal_feedback_and_result__type_support.cpp\n'}
[243.853480] (rosbridge_test_msgs) StdoutLine: {'line': b'-- Installing: /home/Malvin/my_ros_bot/install/rosbridge_test_msgs/include/rosbridge_test_msgs/rosbridge_test_msgs/action/detail/test_multiple_goal_fields__type_support.cpp\n'}
[243.855471] (rosbridge_test_msgs) StdoutLine: {'line': b'-- Installing: /home/Malvin/my_ros_bot/install/rosbridge_test_msgs/include/rosbridge_test_msgs/rosbridge_test_msgs/action/detail/test_goal_feedback_and_result__rosidl_typesupport_introspection_cpp.hpp\n'}
[243.857015] (rosbridge_test_msgs) StdoutLine: {'line': b'-- Installing: /home/Malvin/my_ros_bot/install/rosbridge_test_msgs/include/rosbridge_test_msgs/rosbridge_test_msgs/action/detail/test_empty__type_support.cpp\n'}
[243.858876] (rosbridge_test_msgs) StdoutLine: {'line': b'-- Installing: /home/Malvin/my_ros_bot/install/rosbridge_test_msgs/include/rosbridge_test_msgs/rosbridge_test_msgs/action/detail/test_result_only__rosidl_typesupport_introspection_cpp.hpp\n'}
[243.860390] (rosbridge_test_msgs) StdoutLine: {'line': b'-- Installing: /home/Malvin/my_ros_bot/install/rosbridge_test_msgs/include/rosbridge_test_msgs/rosbridge_test_msgs/action/detail/test_feedback_and_result__type_support.cpp\n'}
[243.862937] (rosbridge_test_msgs) StdoutLine: {'line': b'-- Installing: /home/Malvin/my_ros_bot/install/rosbridge_test_msgs/lib/librosbridge_test_msgs__rosidl_typesupport_introspection_cpp.so\n'}
[243.882153] (rosbridge_test_msgs) StdoutLine: {'line': b'-- Set non-toolchain portion of runtime path of "/home/Malvin/my_ros_bot/install/rosbridge_test_msgs/lib/librosbridge_test_msgs__rosidl_typesupport_introspection_cpp.so" to ""\n'}
[243.882900] (rosbridge_test_msgs) StdoutLine: {'line': b'-- Installing: /home/Malvin/my_ros_bot/install/rosbridge_test_msgs/lib/librosbridge_test_msgs__rosidl_typesupport_cpp.so\n'}
[243.892725] (-) TimerEvent: {}
[243.897186] (rosbridge_test_msgs) StdoutLine: {'line': b'-- Set non-toolchain portion of runtime path of "/home/Malvin/my_ros_bot/install/rosbridge_test_msgs/lib/librosbridge_test_msgs__rosidl_typesupport_cpp.so" to ""\n'}
[243.897892] (rosbridge_test_msgs) StdoutLine: {'line': b'-- Installing: /home/Malvin/my_ros_bot/install/rosbridge_test_msgs/share/rosbridge_test_msgs/environment/pythonpath.sh\n'}
[243.899322] (rosbridge_test_msgs) StdoutLine: {'line': b'-- Installing: /home/Malvin/my_ros_bot/install/rosbridge_test_msgs/share/rosbridge_test_msgs/environment/pythonpath.dsv\n'}
[243.900925] (rosbridge_test_msgs) StdoutLine: {'line': b'-- Installing: /home/Malvin/my_ros_bot/install/rosbridge_test_msgs/lib/python3.12/site-packages/rosbridge_test_msgs-4.1.0-py3.12.egg-info\n'}
[243.901938] (rosbridge_test_msgs) StdoutLine: {'line': b'-- Installing: /home/Malvin/my_ros_bot/install/rosbridge_test_msgs/lib/python3.12/site-packages/rosbridge_test_msgs-4.1.0-py3.12.egg-info/dependency_links.txt\n'}
[243.903455] (rosbridge_test_msgs) StdoutLine: {'line': b'-- Installing: /home/Malvin/my_ros_bot/install/rosbridge_test_msgs/lib/python3.12/site-packages/rosbridge_test_msgs-4.1.0-py3.12.egg-info/SOURCES.txt\n'}
[243.904663] (rosbridge_test_msgs) StdoutLine: {'line': b'-- Installing: /home/Malvin/my_ros_bot/install/rosbridge_test_msgs/lib/python3.12/site-packages/rosbridge_test_msgs-4.1.0-py3.12.egg-info/top_level.txt\n'}
[243.905868] (rosbridge_test_msgs) StdoutLine: {'line': b'-- Installing: /home/Malvin/my_ros_bot/install/rosbridge_test_msgs/lib/python3.12/site-packages/rosbridge_test_msgs-4.1.0-py3.12.egg-info/PKG-INFO\n'}
[243.907514] (rosbridge_test_msgs) StdoutLine: {'line': b'-- Installing: /home/Malvin/my_ros_bot/install/rosbridge_test_msgs/lib/python3.12/site-packages/rosbridge_test_msgs\n'}
[243.908273] (rosbridge_test_msgs) StdoutLine: {'line': b'-- Installing: /home/Malvin/my_ros_bot/install/rosbridge_test_msgs/lib/python3.12/site-packages/rosbridge_test_msgs/msg\n'}
[243.909311] (rosbridge_test_msgs) StdoutLine: {'line': b'-- Installing: /home/Malvin/my_ros_bot/install/rosbridge_test_msgs/lib/python3.12/site-packages/rosbridge_test_msgs/msg/_test_time_array.py\n'}
[243.910616] (rosbridge_test_msgs) StdoutLine: {'line': b'-- Installing: /home/Malvin/my_ros_bot/install/rosbridge_test_msgs/lib/python3.12/site-packages/rosbridge_test_msgs/msg/_test_u_int8_s.c\n'}
[243.911810] (rosbridge_test_msgs) StdoutLine: {'line': b'-- Installing: /home/Malvin/my_ros_bot/install/rosbridge_test_msgs/lib/python3.12/site-packages/rosbridge_test_msgs/msg/_test_u_int8.py\n'}
[243.912977] (rosbridge_test_msgs) StdoutLine: {'line': b'-- Installing: /home/Malvin/my_ros_bot/install/rosbridge_test_msgs/lib/python3.12/site-packages/rosbridge_test_msgs/msg/_num_s.c\n'}
[243.914074] (rosbridge_test_msgs) StdoutLine: {'line': b'-- Installing: /home/Malvin/my_ros_bot/install/rosbridge_test_msgs/lib/python3.12/site-packages/rosbridge_test_msgs/msg/_test_header_s.c\n'}
[243.915264] (rosbridge_test_msgs) StdoutLine: {'line': b'-- Installing: /home/Malvin/my_ros_bot/install/rosbridge_test_msgs/lib/python3.12/site-packages/rosbridge_test_msgs/msg/__init__.py\n'}
[243.916378] (rosbridge_test_msgs) StdoutLine: {'line': b'-- Installing: /home/Malvin/my_ros_bot/install/rosbridge_test_msgs/lib/python3.12/site-packages/rosbridge_test_msgs/msg/_num.py\n'}
[243.917538] (rosbridge_test_msgs) StdoutLine: {'line': b'-- Installing: /home/Malvin/my_ros_bot/install/rosbridge_test_msgs/lib/python3.12/site-packages/rosbridge_test_msgs/msg/_test_float32_bounded_array_s.c\n'}
[243.918746] (rosbridge_test_msgs) StdoutLine: {'line': b'-- Installing: /home/Malvin/my_ros_bot/install/rosbridge_test_msgs/lib/python3.12/site-packages/rosbridge_test_msgs/msg/_test_header_array_s.c\n'}
[243.919985] (rosbridge_test_msgs) StdoutLine: {'line': b'-- Installing: /home/Malvin/my_ros_bot/install/rosbridge_test_msgs/lib/python3.12/site-packages/rosbridge_test_msgs/msg/_test_u_int8_fixed_size_array16_s.c\n'}
[243.921260] (rosbridge_test_msgs) StdoutLine: {'line': b'-- Installing: /home/Malvin/my_ros_bot/install/rosbridge_test_msgs/lib/python3.12/site-packages/rosbridge_test_msgs/msg/_test_duration_array.py\n'}
[243.922505] (rosbridge_test_msgs) StdoutLine: {'line': b'-- Installing: /home/Malvin/my_ros_bot/install/rosbridge_test_msgs/lib/python3.12/site-packages/rosbridge_test_msgs/msg/_test_header_two.py\n'}
[243.923720] (rosbridge_test_msgs) StdoutLine: {'line': b'-- Installing: /home/Malvin/my_ros_bot/install/rosbridge_test_msgs/lib/python3.12/site-packages/rosbridge_test_msgs/msg/_test_float32_array_s.c\n'}
[243.924913] (rosbridge_test_msgs) StdoutLine: {'line': b'-- Installing: /home/Malvin/my_ros_bot/install/rosbridge_test_msgs/lib/python3.12/site-packages/rosbridge_test_msgs/msg/_test_char_s.c\n'}
[243.926051] (rosbridge_test_msgs) StdoutLine: {'line': b'-- Installing: /home/Malvin/my_ros_bot/install/rosbridge_test_msgs/lib/python3.12/site-packages/rosbridge_test_msgs/msg/_test_char.py\n'}
[243.927243] (rosbridge_test_msgs) StdoutLine: {'line': b'-- Installing: /home/Malvin/my_ros_bot/install/rosbridge_test_msgs/lib/python3.12/site-packages/rosbridge_test_msgs/msg/_test_u_int8_fixed_size_array16.py\n'}
[243.928520] (rosbridge_test_msgs) StdoutLine: {'line': b'-- Installing: /home/Malvin/my_ros_bot/install/rosbridge_test_msgs/lib/python3.12/site-packages/rosbridge_test_msgs/msg/_test_time_array_s.c\n'}
[243.929698] (rosbridge_test_msgs) StdoutLine: {'line': b'-- Installing: /home/Malvin/my_ros_bot/install/rosbridge_test_msgs/lib/python3.12/site-packages/rosbridge_test_msgs/msg/_test_nested_bounded_array_s.c\n'}
[243.930895] (rosbridge_test_msgs) StdoutLine: {'line': b'-- Installing: /home/Malvin/my_ros_bot/install/rosbridge_test_msgs/lib/python3.12/site-packages/rosbridge_test_msgs/msg/_test_float32_array.py\n'}
[243.932135] (rosbridge_test_msgs) StdoutLine: {'line': b'-- Installing: /home/Malvin/my_ros_bot/install/rosbridge_test_msgs/lib/python3.12/site-packages/rosbridge_test_msgs/msg/_test_nested_bounded_array.py\n'}
[243.933386] (rosbridge_test_msgs) StdoutLine: {'line': b'-- Installing: /home/Malvin/my_ros_bot/install/rosbridge_test_msgs/lib/python3.12/site-packages/rosbridge_test_msgs/msg/_test_header_two_s.c\n'}
[243.934608] (rosbridge_test_msgs) StdoutLine: {'line': b'-- Installing: /home/Malvin/my_ros_bot/install/rosbridge_test_msgs/lib/python3.12/site-packages/rosbridge_test_msgs/msg/_test_duration_array_s.c\n'}
[243.935883] (rosbridge_test_msgs) StdoutLine: {'line': b'-- Installing: /home/Malvin/my_ros_bot/install/rosbridge_test_msgs/lib/python3.12/site-packages/rosbridge_test_msgs/msg/_test_header_array.py\n'}
[243.937182] (rosbridge_test_msgs) StdoutLine: {'line': b'-- Installing: /home/Malvin/my_ros_bot/install/rosbridge_test_msgs/lib/python3.12/site-packages/rosbridge_test_msgs/msg/_test_header.py\n'}
[243.938436] (rosbridge_test_msgs) StdoutLine: {'line': b'-- Installing: /home/Malvin/my_ros_bot/install/rosbridge_test_msgs/lib/python3.12/site-packages/rosbridge_test_msgs/msg/_test_float32_bounded_array.py\n'}
[243.939681] (rosbridge_test_msgs) StdoutLine: {'line': b'-- Installing: /home/Malvin/my_ros_bot/install/rosbridge_test_msgs/lib/python3.12/site-packages/rosbridge_test_msgs/srv\n'}
[243.940656] (rosbridge_test_msgs) StdoutLine: {'line': b'-- Installing: /home/Malvin/my_ros_bot/install/rosbridge_test_msgs/lib/python3.12/site-packages/rosbridge_test_msgs/srv/_send_bytes_s.c\n'}
[243.942000] (rosbridge_test_msgs) StdoutLine: {'line': b'-- Installing: /home/Malvin/my_ros_bot/install/rosbridge_test_msgs/lib/python3.12/site-packages/rosbridge_test_msgs/srv/_test_request_and_response_s.c\n'}
[243.943310] (rosbridge_test_msgs) StdoutLine: {'line': b'-- Installing: /home/Malvin/my_ros_bot/install/rosbridge_test_msgs/lib/python3.12/site-packages/rosbridge_test_msgs/srv/_test_array_request.py\n'}
[243.944729] (rosbridge_test_msgs) StdoutLine: {'line': b'-- Installing: /home/Malvin/my_ros_bot/install/rosbridge_test_msgs/lib/python3.12/site-packages/rosbridge_test_msgs/srv/_test_nested_service.py\n'}
[243.946084] (rosbridge_test_msgs) StdoutLine: {'line': b'-- Installing: /home/Malvin/my_ros_bot/install/rosbridge_test_msgs/lib/python3.12/site-packages/rosbridge_test_msgs/srv/__init__.py\n'}
[243.947263] (rosbridge_test_msgs) StdoutLine: {'line': b'-- Installing: /home/Malvin/my_ros_bot/install/rosbridge_test_msgs/lib/python3.12/site-packages/rosbridge_test_msgs/srv/_test_multiple_request_fields_s.c\n'}
[243.948628] (rosbridge_test_msgs) StdoutLine: {'line': b'-- Installing: /home/Malvin/my_ros_bot/install/rosbridge_test_msgs/lib/python3.12/site-packages/rosbridge_test_msgs/srv/_test_response_only.py\n'}
[243.949911] (rosbridge_test_msgs) StdoutLine: {'line': b'-- Installing: /home/Malvin/my_ros_bot/install/rosbridge_test_msgs/lib/python3.12/site-packages/rosbridge_test_msgs/srv/_test_nested_service_s.c\n'}
[243.951194] (rosbridge_test_msgs) StdoutLine: {'line': b'-- Installing: /home/Malvin/my_ros_bot/install/rosbridge_test_msgs/lib/python3.12/site-packages/rosbridge_test_msgs/srv/_add_two_ints.py\n'}
[243.952535] (rosbridge_test_msgs) StdoutLine: {'line': b'-- Installing: /home/Malvin/my_ros_bot/install/rosbridge_test_msgs/lib/python3.12/site-packages/rosbridge_test_msgs/srv/_test_request_only_s.c\n'}
[243.953777] (rosbridge_test_msgs) StdoutLine: {'line': b'-- Installing: /home/Malvin/my_ros_bot/install/rosbridge_test_msgs/lib/python3.12/site-packages/rosbridge_test_msgs/srv/_add_two_ints_s.c\n'}
[243.955047] (rosbridge_test_msgs) StdoutLine: {'line': b'-- Installing: /home/Malvin/my_ros_bot/install/rosbridge_test_msgs/lib/python3.12/site-packages/rosbridge_test_msgs/srv/_test_empty_s.c\n'}
[243.956286] (rosbridge_test_msgs) StdoutLine: {'line': b'-- Installing: /home/Malvin/my_ros_bot/install/rosbridge_test_msgs/lib/python3.12/site-packages/rosbridge_test_msgs/srv/_send_bytes.py\n'}
[243.957528] (rosbridge_test_msgs) StdoutLine: {'line': b'-- Installing: /home/Malvin/my_ros_bot/install/rosbridge_test_msgs/lib/python3.12/site-packages/rosbridge_test_msgs/srv/_test_empty.py\n'}
[243.958827] (rosbridge_test_msgs) StdoutLine: {'line': b'-- Installing: /home/Malvin/my_ros_bot/install/rosbridge_test_msgs/lib/python3.12/site-packages/rosbridge_test_msgs/srv/_test_multiple_response_fields_s.c\n'}
[243.960174] (rosbridge_test_msgs) StdoutLine: {'line': b'-- Installing: /home/Malvin/my_ros_bot/install/rosbridge_test_msgs/lib/python3.12/site-packages/rosbridge_test_msgs/srv/_test_response_only_s.c\n'}
[243.961512] (rosbridge_test_msgs) StdoutLine: {'line': b'-- Installing: /home/Malvin/my_ros_bot/install/rosbridge_test_msgs/lib/python3.12/site-packages/rosbridge_test_msgs/srv/_test_multiple_request_fields.py\n'}
[243.963076] (rosbridge_test_msgs) StdoutLine: {'line': b'-- Installing: /home/Malvin/my_ros_bot/install/rosbridge_test_msgs/lib/python3.12/site-packages/rosbridge_test_msgs/srv/_test_request_only.py\n'}
[243.964360] (rosbridge_test_msgs) StdoutLine: {'line': b'-- Installing: /home/Malvin/my_ros_bot/install/rosbridge_test_msgs/lib/python3.12/site-packages/rosbridge_test_msgs/srv/_test_multiple_response_fields.py\n'}
[243.965790] (rosbridge_test_msgs) StdoutLine: {'line': b'-- Installing: /home/Malvin/my_ros_bot/install/rosbridge_test_msgs/lib/python3.12/site-packages/rosbridge_test_msgs/srv/_test_request_and_response.py\n'}
[243.967148] (rosbridge_test_msgs) StdoutLine: {'line': b'-- Installing: /home/Malvin/my_ros_bot/install/rosbridge_test_msgs/lib/python3.12/site-packages/rosbridge_test_msgs/srv/_test_array_request_s.c\n'}
[243.968503] (rosbridge_test_msgs) StdoutLine: {'line': b'-- Installing: /home/Malvin/my_ros_bot/install/rosbridge_test_msgs/lib/python3.12/site-packages/rosbridge_test_msgs/__init__.py\n'}
[243.969578] (rosbridge_test_msgs) StdoutLine: {'line': b'-- Installing: /home/Malvin/my_ros_bot/install/rosbridge_test_msgs/lib/python3.12/site-packages/rosbridge_test_msgs/rosbridge_test_msgs_s__rosidl_typesupport_c.so\n'}
[243.973595] (rosbridge_test_msgs) StdoutLine: {'line': b'-- Installing: /home/Malvin/my_ros_bot/install/rosbridge_test_msgs/lib/python3.12/site-packages/rosbridge_test_msgs/rosbridge_test_msgs_s__rosidl_typesupport_fastrtps_c.so\n'}
[243.977614] (rosbridge_test_msgs) StdoutLine: {'line': b'-- Installing: /home/Malvin/my_ros_bot/install/rosbridge_test_msgs/lib/python3.12/site-packages/rosbridge_test_msgs/action\n'}
[243.978565] (rosbridge_test_msgs) StdoutLine: {'line': b'-- Installing: /home/Malvin/my_ros_bot/install/rosbridge_test_msgs/lib/python3.12/site-packages/rosbridge_test_msgs/action/_test_result_only.py\n'}
[243.980509] (rosbridge_test_msgs) StdoutLine: {'line': b'-- Installing: /home/Malvin/my_ros_bot/install/rosbridge_test_msgs/lib/python3.12/site-packages/rosbridge_test_msgs/action/_test_goal_and_result_s.c\n'}
[243.982051] (rosbridge_test_msgs) StdoutLine: {'line': b'-- Installing: /home/Malvin/my_ros_bot/install/rosbridge_test_msgs/lib/python3.12/site-packages/rosbridge_test_msgs/action/_test_result_only_s.c\n'}
[243.983672] (rosbridge_test_msgs) StdoutLine: {'line': b'-- Installing: /home/Malvin/my_ros_bot/install/rosbridge_test_msgs/lib/python3.12/site-packages/rosbridge_test_msgs/action/_test_goal_only_s.c\n'}
[243.985389] (rosbridge_test_msgs) StdoutLine: {'line': b'-- Installing: /home/Malvin/my_ros_bot/install/rosbridge_test_msgs/lib/python3.12/site-packages/rosbridge_test_msgs/action/__init__.py\n'}
[243.986552] (rosbridge_test_msgs) StdoutLine: {'line': b'-- Installing: /home/Malvin/my_ros_bot/install/rosbridge_test_msgs/lib/python3.12/site-packages/rosbridge_test_msgs/action/_test_goal_and_result.py\n'}
[243.988332] (rosbridge_test_msgs) StdoutLine: {'line': b'-- Installing: /home/Malvin/my_ros_bot/install/rosbridge_test_msgs/lib/python3.12/site-packages/rosbridge_test_msgs/action/_test_multiple_goal_fields_s.c\n'}
[243.989937] (rosbridge_test_msgs) StdoutLine: {'line': b'-- Installing: /home/Malvin/my_ros_bot/install/rosbridge_test_msgs/lib/python3.12/site-packages/rosbridge_test_msgs/action/_test_feedback_and_result_s.c\n'}
[243.991530] (rosbridge_test_msgs) StdoutLine: {'line': b'-- Installing: /home/Malvin/my_ros_bot/install/rosbridge_test_msgs/lib/python3.12/site-packages/rosbridge_test_msgs/action/_test_empty_s.c\n'}
[243.992825] (-) TimerEvent: {}
[243.993252] (rosbridge_test_msgs) StdoutLine: {'line': b'-- Installing: /home/Malvin/my_ros_bot/install/rosbridge_test_msgs/lib/python3.12/site-packages/rosbridge_test_msgs/action/_test_empty.py\n'}
[243.994861] (rosbridge_test_msgs) StdoutLine: {'line': b'-- Installing: /home/Malvin/my_ros_bot/install/rosbridge_test_msgs/lib/python3.12/site-packages/rosbridge_test_msgs/action/_test_goal_only.py\n'}
[243.996748] (rosbridge_test_msgs) StdoutLine: {'line': b'-- Installing: /home/Malvin/my_ros_bot/install/rosbridge_test_msgs/lib/python3.12/site-packages/rosbridge_test_msgs/action/_test_feedback_and_result.py\n'}
[243.998593] (rosbridge_test_msgs) StdoutLine: {'line': b'-- Installing: /home/Malvin/my_ros_bot/install/rosbridge_test_msgs/lib/python3.12/site-packages/rosbridge_test_msgs/action/_test_goal_feedback_and_result_s.c\n'}
[244.000171] (rosbridge_test_msgs) StdoutLine: {'line': b'-- Installing: /home/Malvin/my_ros_bot/install/rosbridge_test_msgs/lib/python3.12/site-packages/rosbridge_test_msgs/action/_test_multiple_goal_fields.py\n'}
[244.001974] (rosbridge_test_msgs) StdoutLine: {'line': b'-- Installing: /home/Malvin/my_ros_bot/install/rosbridge_test_msgs/lib/python3.12/site-packages/rosbridge_test_msgs/action/_test_goal_feedback_and_result.py\n'}
[244.003773] (rosbridge_test_msgs) StdoutLine: {'line': b'-- Installing: /home/Malvin/my_ros_bot/install/rosbridge_test_msgs/lib/python3.12/site-packages/rosbridge_test_msgs/_rosbridge_test_msgs_s.ep.rosidl_typesupport_fastrtps_c.c\n'}
[244.009591] (rosbridge_test_msgs) StdoutLine: {'line': b'-- Installing: /home/Malvin/my_ros_bot/install/rosbridge_test_msgs/lib/python3.12/site-packages/rosbridge_test_msgs/_rosbridge_test_msgs_s.ep.rosidl_typesupport_c.c\n'}
[244.015489] (rosbridge_test_msgs) StdoutLine: {'line': b'-- Installing: /home/Malvin/my_ros_bot/install/rosbridge_test_msgs/lib/python3.12/site-packages/rosbridge_test_msgs/rosbridge_test_msgs_s__rosidl_typesupport_introspection_c.so\n'}
[244.019558] (rosbridge_test_msgs) StdoutLine: {'line': b'-- Installing: /home/Malvin/my_ros_bot/install/rosbridge_test_msgs/lib/python3.12/site-packages/rosbridge_test_msgs/_rosbridge_test_msgs_s.ep.rosidl_typesupport_introspection_c.c\n'}
[244.092972] (-) TimerEvent: {}
[244.193601] (-) TimerEvent: {}
[244.294266] (-) TimerEvent: {}
[244.394962] (-) TimerEvent: {}
[244.495673] (-) TimerEvent: {}
[244.596291] (-) TimerEvent: {}
[244.666424] (rosbridge_test_msgs) StdoutLine: {'line': b"Listing '/home/Malvin/my_ros_bot/install/rosbridge_test_msgs/lib/python3.12/site-packages/rosbridge_test_msgs'...\n"}
[244.667500] (rosbridge_test_msgs) StdoutLine: {'line': b"Compiling '/home/Malvin/my_ros_bot/install/rosbridge_test_msgs/lib/python3.12/site-packages/rosbridge_test_msgs/__init__.py'...\n"}
[244.668397] (rosbridge_test_msgs) StdoutLine: {'line': b"Listing '/home/Malvin/my_ros_bot/install/rosbridge_test_msgs/lib/python3.12/site-packages/rosbridge_test_msgs/action'...\n"}
[244.669379] (rosbridge_test_msgs) StdoutLine: {'line': b"Compiling '/home/Malvin/my_ros_bot/install/rosbridge_test_msgs/lib/python3.12/site-packages/rosbridge_test_msgs/action/__init__.py'...\n"}
[244.670284] (rosbridge_test_msgs) StdoutLine: {'line': b"Compiling '/home/Malvin/my_ros_bot/install/rosbridge_test_msgs/lib/python3.12/site-packages/rosbridge_test_msgs/action/_test_empty.py'...\n"}
[244.671152] (rosbridge_test_msgs) StdoutLine: {'line': b"Compiling '/home/Malvin/my_ros_bot/install/rosbridge_test_msgs/lib/python3.12/site-packages/rosbridge_test_msgs/action/_test_feedback_and_result.py'...\n"}
[244.672004] (rosbridge_test_msgs) StdoutLine: {'line': b"Compiling '/home/Malvin/my_ros_bot/install/rosbridge_test_msgs/lib/python3.12/site-packages/rosbridge_test_msgs/action/_test_goal_and_result.py'...\n"}
[244.672857] (rosbridge_test_msgs) StdoutLine: {'line': b"Compiling '/home/Malvin/my_ros_bot/install/rosbridge_test_msgs/lib/python3.12/site-packages/rosbridge_test_msgs/action/_test_goal_feedback_and_result.py'...\n"}
[244.673502] (rosbridge_test_msgs) StdoutLine: {'line': b"Compiling '/home/Malvin/my_ros_bot/install/rosbridge_test_msgs/lib/python3.12/site-packages/rosbridge_test_msgs/action/_test_goal_only.py'...\n"}
[244.674296] (rosbridge_test_msgs) StdoutLine: {'line': b"Compiling '/home/Malvin/my_ros_bot/install/rosbridge_test_msgs/lib/python3.12/site-packages/rosbridge_test_msgs/action/_test_multiple_goal_fields.py'...\n"}
[244.675338] (rosbridge_test_msgs) StdoutLine: {'line': b"Compiling '/home/Malvin/my_ros_bot/install/rosbridge_test_msgs/lib/python3.12/site-packages/rosbridge_test_msgs/action/_test_result_only.py'...\n"}
[244.676194] (rosbridge_test_msgs) StdoutLine: {'line': b"Listing '/home/Malvin/my_ros_bot/install/rosbridge_test_msgs/lib/python3.12/site-packages/rosbridge_test_msgs/msg'...\n"}
[244.677123] (rosbridge_test_msgs) StdoutLine: {'line': b"Compiling '/home/Malvin/my_ros_bot/install/rosbridge_test_msgs/lib/python3.12/site-packages/rosbridge_test_msgs/msg/__init__.py'...\n"}
[244.677963] (rosbridge_test_msgs) StdoutLine: {'line': b"Compiling '/home/Malvin/my_ros_bot/install/rosbridge_test_msgs/lib/python3.12/site-packages/rosbridge_test_msgs/msg/_num.py'...\n"}
[244.678929] (rosbridge_test_msgs) StdoutLine: {'line': b"Compiling '/home/Malvin/my_ros_bot/install/rosbridge_test_msgs/lib/python3.12/site-packages/rosbridge_test_msgs/msg/_test_char.py'...\n"}
[244.680071] (rosbridge_test_msgs) StdoutLine: {'line': b"Compiling '/home/Malvin/my_ros_bot/install/rosbridge_test_msgs/lib/python3.12/site-packages/rosbridge_test_msgs/msg/_test_duration_array.py'...\n"}
[244.680934] (rosbridge_test_msgs) StdoutLine: {'line': b"Compiling '/home/Malvin/my_ros_bot/install/rosbridge_test_msgs/lib/python3.12/site-packages/rosbridge_test_msgs/msg/_test_float32_array.py'...\n"}
[244.681902] (rosbridge_test_msgs) StdoutLine: {'line': b"Compiling '/home/Malvin/my_ros_bot/install/rosbridge_test_msgs/lib/python3.12/site-packages/rosbridge_test_msgs/msg/_test_float32_bounded_array.py'...\n"}
[244.682719] (rosbridge_test_msgs) StdoutLine: {'line': b"Compiling '/home/Malvin/my_ros_bot/install/rosbridge_test_msgs/lib/python3.12/site-packages/rosbridge_test_msgs/msg/_test_header.py'...\n"}
[244.683318] (rosbridge_test_msgs) StdoutLine: {'line': b"Compiling '/home/Malvin/my_ros_bot/install/rosbridge_test_msgs/lib/python3.12/site-packages/rosbridge_test_msgs/msg/_test_header_array.py'...\n"}
[244.683936] (rosbridge_test_msgs) StdoutLine: {'line': b"Compiling '/home/Malvin/my_ros_bot/install/rosbridge_test_msgs/lib/python3.12/site-packages/rosbridge_test_msgs/msg/_test_header_two.py'...\n"}
[244.684458] (rosbridge_test_msgs) StdoutLine: {'line': b"Compiling '/home/Malvin/my_ros_bot/install/rosbridge_test_msgs/lib/python3.12/site-packages/rosbridge_test_msgs/msg/_test_nested_bounded_array.py'...\n"}
[244.684903] (rosbridge_test_msgs) StdoutLine: {'line': b"Compiling '/home/Malvin/my_ros_bot/install/rosbridge_test_msgs/lib/python3.12/site-packages/rosbridge_test_msgs/msg/_test_time_array.py'...\n"}
[244.685381] (rosbridge_test_msgs) StdoutLine: {'line': b"Compiling '/home/Malvin/my_ros_bot/install/rosbridge_test_msgs/lib/python3.12/site-packages/rosbridge_test_msgs/msg/_test_u_int8.py'...\n"}
[244.685895] (rosbridge_test_msgs) StdoutLine: {'line': b"Compiling '/home/Malvin/my_ros_bot/install/rosbridge_test_msgs/lib/python3.12/site-packages/rosbridge_test_msgs/msg/_test_u_int8_fixed_size_array16.py'...\n"}
[244.686532] (rosbridge_test_msgs) StdoutLine: {'line': b"Listing '/home/Malvin/my_ros_bot/install/rosbridge_test_msgs/lib/python3.12/site-packages/rosbridge_test_msgs/srv'...\n"}
[244.687009] (rosbridge_test_msgs) StdoutLine: {'line': b"Compiling '/home/Malvin/my_ros_bot/install/rosbridge_test_msgs/lib/python3.12/site-packages/rosbridge_test_msgs/srv/__init__.py'...\n"}
[244.687825] (rosbridge_test_msgs) StdoutLine: {'line': b"Compiling '/home/Malvin/my_ros_bot/install/rosbridge_test_msgs/lib/python3.12/site-packages/rosbridge_test_msgs/srv/_add_two_ints.py'...\n"}
[244.688894] (rosbridge_test_msgs) StdoutLine: {'line': b"Compiling '/home/Malvin/my_ros_bot/install/rosbridge_test_msgs/lib/python3.12/site-packages/rosbridge_test_msgs/srv/_send_bytes.py'...\n"}
[244.689902] (rosbridge_test_msgs) StdoutLine: {'line': b"Compiling '/home/Malvin/my_ros_bot/install/rosbridge_test_msgs/lib/python3.12/site-packages/rosbridge_test_msgs/srv/_test_array_request.py'...\n"}
[244.690680] (rosbridge_test_msgs) StdoutLine: {'line': b"Compiling '/home/Malvin/my_ros_bot/install/rosbridge_test_msgs/lib/python3.12/site-packages/rosbridge_test_msgs/srv/_test_empty.py'...\n"}
[244.691172] (rosbridge_test_msgs) StdoutLine: {'line': b"Compiling '/home/Malvin/my_ros_bot/install/rosbridge_test_msgs/lib/python3.12/site-packages/rosbridge_test_msgs/srv/_test_multiple_request_fields.py'...\n"}
[244.691929] (rosbridge_test_msgs) StdoutLine: {'line': b"Compiling '/home/Malvin/my_ros_bot/install/rosbridge_test_msgs/lib/python3.12/site-packages/rosbridge_test_msgs/srv/_test_multiple_response_fields.py'...\n"}
[244.692872] (rosbridge_test_msgs) StdoutLine: {'line': b"Compiling '/home/Malvin/my_ros_bot/install/rosbridge_test_msgs/lib/python3.12/site-packages/rosbridge_test_msgs/srv/_test_nested_service.py'...\n"}
[244.693549] (rosbridge_test_msgs) StdoutLine: {'line': b"Compiling '/home/Malvin/my_ros_bot/install/rosbridge_test_msgs/lib/python3.12/site-packages/rosbridge_test_msgs/srv/_test_request_and_response.py'...\n"}
[244.694050] (rosbridge_test_msgs) StdoutLine: {'line': b"Compiling '/home/Malvin/my_ros_bot/install/rosbridge_test_msgs/lib/python3.12/site-packages/rosbridge_test_msgs/srv/_test_request_only.py'...\n"}
[244.694583] (rosbridge_test_msgs) StdoutLine: {'line': b"Compiling '/home/Malvin/my_ros_bot/install/rosbridge_test_msgs/lib/python3.12/site-packages/rosbridge_test_msgs/srv/_test_response_only.py'...\n"}
[244.696466] (-) TimerEvent: {}
[244.701788] (rosbridge_test_msgs) StdoutLine: {'line': b'-- Installing: /home/Malvin/my_ros_bot/install/rosbridge_test_msgs/lib/python3.12/site-packages/rosbridge_test_msgs/rosbridge_test_msgs_s__rosidl_typesupport_fastrtps_c.so\n'}
[244.708143] (rosbridge_test_msgs) StdoutLine: {'line': b'-- Set non-toolchain portion of runtime path of "/home/Malvin/my_ros_bot/install/rosbridge_test_msgs/lib/python3.12/site-packages/rosbridge_test_msgs/rosbridge_test_msgs_s__rosidl_typesupport_fastrtps_c.so" to ""\n'}
[244.710598] (rosbridge_test_msgs) StdoutLine: {'line': b'-- Installing: /home/Malvin/my_ros_bot/install/rosbridge_test_msgs/lib/python3.12/site-packages/rosbridge_test_msgs/rosbridge_test_msgs_s__rosidl_typesupport_introspection_c.so\n'}
[244.716781] (rosbridge_test_msgs) StdoutLine: {'line': b'-- Set non-toolchain portion of runtime path of "/home/Malvin/my_ros_bot/install/rosbridge_test_msgs/lib/python3.12/site-packages/rosbridge_test_msgs/rosbridge_test_msgs_s__rosidl_typesupport_introspection_c.so" to ""\n'}
[244.718808] (rosbridge_test_msgs) StdoutLine: {'line': b'-- Installing: /home/Malvin/my_ros_bot/install/rosbridge_test_msgs/lib/python3.12/site-packages/rosbridge_test_msgs/rosbridge_test_msgs_s__rosidl_typesupport_c.so\n'}
[244.724436] (rosbridge_test_msgs) StdoutLine: {'line': b'-- Set non-toolchain portion of runtime path of "/home/Malvin/my_ros_bot/install/rosbridge_test_msgs/lib/python3.12/site-packages/rosbridge_test_msgs/rosbridge_test_msgs_s__rosidl_typesupport_c.so" to ""\n'}
[244.725334] (rosbridge_test_msgs) StdoutLine: {'line': b'-- Installing: /home/Malvin/my_ros_bot/install/rosbridge_test_msgs/lib/librosbridge_test_msgs__rosidl_generator_py.so\n'}
[244.732779] (rosbridge_test_msgs) StdoutLine: {'line': b'-- Set non-toolchain portion of runtime path of "/home/Malvin/my_ros_bot/install/rosbridge_test_msgs/lib/librosbridge_test_msgs__rosidl_generator_py.so" to ""\n'}
[244.733439] (rosbridge_test_msgs) StdoutLine: {'line': b'-- Installing: /home/Malvin/my_ros_bot/install/rosbridge_test_msgs/share/rosbridge_test_msgs/msg/Num.idl\n'}
[244.734750] (rosbridge_test_msgs) StdoutLine: {'line': b'-- Installing: /home/Malvin/my_ros_bot/install/rosbridge_test_msgs/share/rosbridge_test_msgs/msg/TestChar.idl\n'}
[244.736506] (rosbridge_test_msgs) StdoutLine: {'line': b'-- Installing: /home/Malvin/my_ros_bot/install/rosbridge_test_msgs/share/rosbridge_test_msgs/msg/TestDurationArray.idl\n'}
[244.738304] (rosbridge_test_msgs) StdoutLine: {'line': b'-- Installing: /home/Malvin/my_ros_bot/install/rosbridge_test_msgs/share/rosbridge_test_msgs/msg/TestHeaderArray.idl\n'}
[244.739929] (rosbridge_test_msgs) StdoutLine: {'line': b'-- Installing: /home/Malvin/my_ros_bot/install/rosbridge_test_msgs/share/rosbridge_test_msgs/msg/TestHeader.idl\n'}
[244.741558] (rosbridge_test_msgs) StdoutLine: {'line': b'-- Installing: /home/Malvin/my_ros_bot/install/rosbridge_test_msgs/share/rosbridge_test_msgs/msg/TestHeaderTwo.idl\n'}
[244.743200] (rosbridge_test_msgs) StdoutLine: {'line': b'-- Installing: /home/Malvin/my_ros_bot/install/rosbridge_test_msgs/share/rosbridge_test_msgs/msg/TestTimeArray.idl\n'}
[244.744976] (rosbridge_test_msgs) StdoutLine: {'line': b'-- Installing: /home/Malvin/my_ros_bot/install/rosbridge_test_msgs/share/rosbridge_test_msgs/msg/TestUInt8.idl\n'}
[244.746609] (rosbridge_test_msgs) StdoutLine: {'line': b'-- Installing: /home/Malvin/my_ros_bot/install/rosbridge_test_msgs/share/rosbridge_test_msgs/msg/TestUInt8FixedSizeArray16.idl\n'}
[244.748317] (rosbridge_test_msgs) StdoutLine: {'line': b'-- Installing: /home/Malvin/my_ros_bot/install/rosbridge_test_msgs/share/rosbridge_test_msgs/msg/TestFloat32Array.idl\n'}
[244.749926] (rosbridge_test_msgs) StdoutLine: {'line': b'-- Installing: /home/Malvin/my_ros_bot/install/rosbridge_test_msgs/share/rosbridge_test_msgs/msg/TestFloat32BoundedArray.idl\n'}
[244.751716] (rosbridge_test_msgs) StdoutLine: {'line': b'-- Installing: /home/Malvin/my_ros_bot/install/rosbridge_test_msgs/share/rosbridge_test_msgs/msg/TestNestedBoundedArray.idl\n'}
[244.753403] (rosbridge_test_msgs) StdoutLine: {'line': b'-- Installing: /home/Malvin/my_ros_bot/install/rosbridge_test_msgs/share/rosbridge_test_msgs/srv/AddTwoInts.idl\n'}
[244.754989] (rosbridge_test_msgs) StdoutLine: {'line': b'-- Installing: /home/Malvin/my_ros_bot/install/rosbridge_test_msgs/share/rosbridge_test_msgs/srv/SendBytes.idl\n'}
[244.756564] (rosbridge_test_msgs) StdoutLine: {'line': b'-- Installing: /home/Malvin/my_ros_bot/install/rosbridge_test_msgs/share/rosbridge_test_msgs/srv/TestArrayRequest.idl\n'}
[244.758404] (rosbridge_test_msgs) StdoutLine: {'line': b'-- Installing: /home/Malvin/my_ros_bot/install/rosbridge_test_msgs/share/rosbridge_test_msgs/srv/TestEmpty.idl\n'}
[244.760009] (rosbridge_test_msgs) StdoutLine: {'line': b'-- Installing: /home/Malvin/my_ros_bot/install/rosbridge_test_msgs/share/rosbridge_test_msgs/srv/TestMultipleRequestFields.idl\n'}
[244.761658] (rosbridge_test_msgs) StdoutLine: {'line': b'-- Installing: /home/Malvin/my_ros_bot/install/rosbridge_test_msgs/share/rosbridge_test_msgs/srv/TestMultipleResponseFields.idl\n'}
[244.763372] (rosbridge_test_msgs) StdoutLine: {'line': b'-- Installing: /home/Malvin/my_ros_bot/install/rosbridge_test_msgs/share/rosbridge_test_msgs/srv/TestNestedService.idl\n'}
[244.765205] (rosbridge_test_msgs) StdoutLine: {'line': b'-- Installing: /home/Malvin/my_ros_bot/install/rosbridge_test_msgs/share/rosbridge_test_msgs/srv/TestRequestAndResponse.idl\n'}
[244.767069] (rosbridge_test_msgs) StdoutLine: {'line': b'-- Installing: /home/Malvin/my_ros_bot/install/rosbridge_test_msgs/share/rosbridge_test_msgs/srv/TestRequestOnly.idl\n'}
[244.768662] (rosbridge_test_msgs) StdoutLine: {'line': b'-- Installing: /home/Malvin/my_ros_bot/install/rosbridge_test_msgs/share/rosbridge_test_msgs/srv/TestResponseOnly.idl\n'}
[244.770412] (rosbridge_test_msgs) StdoutLine: {'line': b'-- Installing: /home/Malvin/my_ros_bot/install/rosbridge_test_msgs/share/rosbridge_test_msgs/action/TestEmpty.idl\n'}
[244.772174] (rosbridge_test_msgs) StdoutLine: {'line': b'-- Installing: /home/Malvin/my_ros_bot/install/rosbridge_test_msgs/share/rosbridge_test_msgs/action/TestFeedbackAndResult.idl\n'}
[244.774051] (rosbridge_test_msgs) StdoutLine: {'line': b'-- Installing: /home/Malvin/my_ros_bot/install/rosbridge_test_msgs/share/rosbridge_test_msgs/action/TestGoalAndResult.idl\n'}
[244.775746] (rosbridge_test_msgs) StdoutLine: {'line': b'-- Installing: /home/Malvin/my_ros_bot/install/rosbridge_test_msgs/share/rosbridge_test_msgs/action/TestGoalFeedbackAndResult.idl\n'}
[244.777415] (rosbridge_test_msgs) StdoutLine: {'line': b'-- Installing: /home/Malvin/my_ros_bot/install/rosbridge_test_msgs/share/rosbridge_test_msgs/action/TestGoalOnly.idl\n'}
[244.779275] (rosbridge_test_msgs) StdoutLine: {'line': b'-- Installing: /home/Malvin/my_ros_bot/install/rosbridge_test_msgs/share/rosbridge_test_msgs/action/TestMultipleGoalFields.idl\n'}
[244.780918] (rosbridge_test_msgs) StdoutLine: {'line': b'-- Installing: /home/Malvin/my_ros_bot/install/rosbridge_test_msgs/share/rosbridge_test_msgs/action/TestResultOnly.idl\n'}
[244.782586] (rosbridge_test_msgs) StdoutLine: {'line': b'-- Installing: /home/Malvin/my_ros_bot/install/rosbridge_test_msgs/share/rosbridge_test_msgs/msg/Num.msg\n'}
[244.784109] (rosbridge_test_msgs) StdoutLine: {'line': b'-- Installing: /home/Malvin/my_ros_bot/install/rosbridge_test_msgs/share/rosbridge_test_msgs/msg/TestChar.msg\n'}
[244.785931] (rosbridge_test_msgs) StdoutLine: {'line': b'-- Installing: /home/Malvin/my_ros_bot/install/rosbridge_test_msgs/share/rosbridge_test_msgs/msg/TestDurationArray.msg\n'}
[244.787543] (rosbridge_test_msgs) StdoutLine: {'line': b'-- Installing: /home/Malvin/my_ros_bot/install/rosbridge_test_msgs/share/rosbridge_test_msgs/msg/TestHeaderArray.msg\n'}
[244.789125] (rosbridge_test_msgs) StdoutLine: {'line': b'-- Installing: /home/Malvin/my_ros_bot/install/rosbridge_test_msgs/share/rosbridge_test_msgs/msg/TestHeader.msg\n'}
[244.790711] (rosbridge_test_msgs) StdoutLine: {'line': b'-- Installing: /home/Malvin/my_ros_bot/install/rosbridge_test_msgs/share/rosbridge_test_msgs/msg/TestHeaderTwo.msg\n'}
[244.792472] (rosbridge_test_msgs) StdoutLine: {'line': b'-- Installing: /home/Malvin/my_ros_bot/install/rosbridge_test_msgs/share/rosbridge_test_msgs/msg/TestTimeArray.msg\n'}
[244.794121] (rosbridge_test_msgs) StdoutLine: {'line': b'-- Installing: /home/Malvin/my_ros_bot/install/rosbridge_test_msgs/share/rosbridge_test_msgs/msg/TestUInt8.msg\n'}
[244.795752] (rosbridge_test_msgs) StdoutLine: {'line': b'-- Installing: /home/Malvin/my_ros_bot/install/rosbridge_test_msgs/share/rosbridge_test_msgs/msg/TestUInt8FixedSizeArray16.msg\n'}
[244.796584] (-) TimerEvent: {}
[244.797384] (rosbridge_test_msgs) StdoutLine: {'line': b'-- Installing: /home/Malvin/my_ros_bot/install/rosbridge_test_msgs/share/rosbridge_test_msgs/msg/TestFloat32Array.msg\n'}
[244.799318] (rosbridge_test_msgs) StdoutLine: {'line': b'-- Installing: /home/Malvin/my_ros_bot/install/rosbridge_test_msgs/share/rosbridge_test_msgs/msg/TestFloat32BoundedArray.msg\n'}
[244.801170] (rosbridge_test_msgs) StdoutLine: {'line': b'-- Installing: /home/Malvin/my_ros_bot/install/rosbridge_test_msgs/share/rosbridge_test_msgs/msg/TestNestedBoundedArray.msg\n'}
[244.802826] (rosbridge_test_msgs) StdoutLine: {'line': b'-- Installing: /home/Malvin/my_ros_bot/install/rosbridge_test_msgs/share/rosbridge_test_msgs/srv/AddTwoInts.srv\n'}
[244.804611] (rosbridge_test_msgs) StdoutLine: {'line': b'-- Installing: /home/Malvin/my_ros_bot/install/rosbridge_test_msgs/share/rosbridge_test_msgs/srv/SendBytes.srv\n'}
[244.806349] (rosbridge_test_msgs) StdoutLine: {'line': b'-- Installing: /home/Malvin/my_ros_bot/install/rosbridge_test_msgs/share/rosbridge_test_msgs/srv/TestArrayRequest.srv\n'}
[244.807931] (rosbridge_test_msgs) StdoutLine: {'line': b'-- Installing: /home/Malvin/my_ros_bot/install/rosbridge_test_msgs/share/rosbridge_test_msgs/srv/TestEmpty.srv\n'}
[244.809574] (rosbridge_test_msgs) StdoutLine: {'line': b'-- Installing: /home/Malvin/my_ros_bot/install/rosbridge_test_msgs/share/rosbridge_test_msgs/srv/TestMultipleRequestFields.srv\n'}
[244.811189] (rosbridge_test_msgs) StdoutLine: {'line': b'-- Installing: /home/Malvin/my_ros_bot/install/rosbridge_test_msgs/share/rosbridge_test_msgs/srv/TestMultipleResponseFields.srv\n'}
[244.813019] (rosbridge_test_msgs) StdoutLine: {'line': b'-- Installing: /home/Malvin/my_ros_bot/install/rosbridge_test_msgs/share/rosbridge_test_msgs/srv/TestNestedService.srv\n'}
[244.814718] (rosbridge_test_msgs) StdoutLine: {'line': b'-- Installing: /home/Malvin/my_ros_bot/install/rosbridge_test_msgs/share/rosbridge_test_msgs/srv/TestRequestAndResponse.srv\n'}
[244.816337] (rosbridge_test_msgs) StdoutLine: {'line': b'-- Installing: /home/Malvin/my_ros_bot/install/rosbridge_test_msgs/share/rosbridge_test_msgs/srv/TestRequestOnly.srv\n'}
[244.817902] (rosbridge_test_msgs) StdoutLine: {'line': b'-- Installing: /home/Malvin/my_ros_bot/install/rosbridge_test_msgs/share/rosbridge_test_msgs/srv/TestResponseOnly.srv\n'}
[244.819713] (rosbridge_test_msgs) StdoutLine: {'line': b'-- Installing: /home/Malvin/my_ros_bot/install/rosbridge_test_msgs/share/rosbridge_test_msgs/action/TestEmpty.action\n'}
[244.821335] (rosbridge_test_msgs) StdoutLine: {'line': b'-- Installing: /home/Malvin/my_ros_bot/install/rosbridge_test_msgs/share/rosbridge_test_msgs/action/TestFeedbackAndResult.action\n'}
[244.822971] (rosbridge_test_msgs) StdoutLine: {'line': b'-- Installing: /home/Malvin/my_ros_bot/install/rosbridge_test_msgs/share/rosbridge_test_msgs/action/TestGoalAndResult.action\n'}
[244.824645] (rosbridge_test_msgs) StdoutLine: {'line': b'-- Installing: /home/Malvin/my_ros_bot/install/rosbridge_test_msgs/share/rosbridge_test_msgs/action/TestGoalFeedbackAndResult.action\n'}
[244.826506] (rosbridge_test_msgs) StdoutLine: {'line': b'-- Installing: /home/Malvin/my_ros_bot/install/rosbridge_test_msgs/share/rosbridge_test_msgs/action/TestGoalOnly.action\n'}
[244.828123] (rosbridge_test_msgs) StdoutLine: {'line': b'-- Installing: /home/Malvin/my_ros_bot/install/rosbridge_test_msgs/share/rosbridge_test_msgs/action/TestMultipleGoalFields.action\n'}
[244.829858] (rosbridge_test_msgs) StdoutLine: {'line': b'-- Installing: /home/Malvin/my_ros_bot/install/rosbridge_test_msgs/share/rosbridge_test_msgs/action/TestResultOnly.action\n'}
[244.831863] (rosbridge_test_msgs) StdoutLine: {'line': b'-- Installing: /home/Malvin/my_ros_bot/install/rosbridge_test_msgs/share/ament_index/resource_index/package_run_dependencies/rosbridge_test_msgs\n'}
[244.834328] (rosbridge_test_msgs) StdoutLine: {'line': b'-- Installing: /home/Malvin/my_ros_bot/install/rosbridge_test_msgs/share/ament_index/resource_index/parent_prefix_path/rosbridge_test_msgs\n'}
[244.836324] (rosbridge_test_msgs) StdoutLine: {'line': b'-- Installing: /home/Malvin/my_ros_bot/install/rosbridge_test_msgs/share/rosbridge_test_msgs/environment/ament_prefix_path.sh\n'}
[244.837787] (rosbridge_test_msgs) StdoutLine: {'line': b'-- Installing: /home/Malvin/my_ros_bot/install/rosbridge_test_msgs/share/rosbridge_test_msgs/environment/ament_prefix_path.dsv\n'}
[244.839793] (rosbridge_test_msgs) StdoutLine: {'line': b'-- Installing: /home/Malvin/my_ros_bot/install/rosbridge_test_msgs/share/rosbridge_test_msgs/environment/path.sh\n'}
[244.841614] (rosbridge_test_msgs) StdoutLine: {'line': b'-- Installing: /home/Malvin/my_ros_bot/install/rosbridge_test_msgs/share/rosbridge_test_msgs/environment/path.dsv\n'}
[244.843373] (rosbridge_test_msgs) StdoutLine: {'line': b'-- Installing: /home/Malvin/my_ros_bot/install/rosbridge_test_msgs/share/rosbridge_test_msgs/local_setup.bash\n'}
[244.844984] (rosbridge_test_msgs) StdoutLine: {'line': b'-- Installing: /home/Malvin/my_ros_bot/install/rosbridge_test_msgs/share/rosbridge_test_msgs/local_setup.sh\n'}
[244.846604] (rosbridge_test_msgs) StdoutLine: {'line': b'-- Installing: /home/Malvin/my_ros_bot/install/rosbridge_test_msgs/share/rosbridge_test_msgs/local_setup.zsh\n'}
[244.848372] (rosbridge_test_msgs) StdoutLine: {'line': b'-- Installing: /home/Malvin/my_ros_bot/install/rosbridge_test_msgs/share/rosbridge_test_msgs/local_setup.dsv\n'}
[244.849937] (rosbridge_test_msgs) StdoutLine: {'line': b'-- Installing: /home/Malvin/my_ros_bot/install/rosbridge_test_msgs/share/rosbridge_test_msgs/package.dsv\n'}
[244.851964] (rosbridge_test_msgs) StdoutLine: {'line': b'-- Installing: /home/Malvin/my_ros_bot/install/rosbridge_test_msgs/share/ament_index/resource_index/packages/rosbridge_test_msgs\n'}
[244.854015] (rosbridge_test_msgs) StdoutLine: {'line': b'-- Installing: /home/Malvin/my_ros_bot/install/rosbridge_test_msgs/share/rosbridge_test_msgs/cmake/export_rosbridge_test_msgs__rosidl_generator_cExport.cmake\n'}
[244.856105] (rosbridge_test_msgs) StdoutLine: {'line': b'-- Installing: /home/Malvin/my_ros_bot/install/rosbridge_test_msgs/share/rosbridge_test_msgs/cmake/export_rosbridge_test_msgs__rosidl_generator_cExport-noconfig.cmake\n'}
[244.858123] (rosbridge_test_msgs) StdoutLine: {'line': b'-- Installing: /home/Malvin/my_ros_bot/install/rosbridge_test_msgs/share/rosbridge_test_msgs/cmake/export_rosbridge_test_msgs__rosidl_typesupport_fastrtps_cExport.cmake\n'}
[244.860143] (rosbridge_test_msgs) StdoutLine: {'line': b'-- Installing: /home/Malvin/my_ros_bot/install/rosbridge_test_msgs/share/rosbridge_test_msgs/cmake/export_rosbridge_test_msgs__rosidl_typesupport_fastrtps_cExport-noconfig.cmake\n'}
[244.862132] (rosbridge_test_msgs) StdoutLine: {'line': b'-- Installing: /home/Malvin/my_ros_bot/install/rosbridge_test_msgs/share/rosbridge_test_msgs/cmake/export_rosbridge_test_msgs__rosidl_generator_cppExport.cmake\n'}
[244.864471] (rosbridge_test_msgs) StdoutLine: {'line': b'-- Installing: /home/Malvin/my_ros_bot/install/rosbridge_test_msgs/share/rosbridge_test_msgs/cmake/export_rosbridge_test_msgs__rosidl_typesupport_fastrtps_cppExport.cmake\n'}
[244.866765] (rosbridge_test_msgs) StdoutLine: {'line': b'-- Installing: /home/Malvin/my_ros_bot/install/rosbridge_test_msgs/share/rosbridge_test_msgs/cmake/export_rosbridge_test_msgs__rosidl_typesupport_fastrtps_cppExport-noconfig.cmake\n'}
[244.868675] (rosbridge_test_msgs) StdoutLine: {'line': b'-- Installing: /home/Malvin/my_ros_bot/install/rosbridge_test_msgs/share/rosbridge_test_msgs/cmake/rosbridge_test_msgs__rosidl_typesupport_introspection_cExport.cmake\n'}
[244.870789] (rosbridge_test_msgs) StdoutLine: {'line': b'-- Installing: /home/Malvin/my_ros_bot/install/rosbridge_test_msgs/share/rosbridge_test_msgs/cmake/rosbridge_test_msgs__rosidl_typesupport_introspection_cExport-noconfig.cmake\n'}
[244.873009] (rosbridge_test_msgs) StdoutLine: {'line': b'-- Installing: /home/Malvin/my_ros_bot/install/rosbridge_test_msgs/share/rosbridge_test_msgs/cmake/rosbridge_test_msgs__rosidl_typesupport_cExport.cmake\n'}
[244.874974] (rosbridge_test_msgs) StdoutLine: {'line': b'-- Installing: /home/Malvin/my_ros_bot/install/rosbridge_test_msgs/share/rosbridge_test_msgs/cmake/rosbridge_test_msgs__rosidl_typesupport_cExport-noconfig.cmake\n'}
[244.877026] (rosbridge_test_msgs) StdoutLine: {'line': b'-- Installing: /home/Malvin/my_ros_bot/install/rosbridge_test_msgs/share/rosbridge_test_msgs/cmake/rosbridge_test_msgs__rosidl_typesupport_introspection_cppExport.cmake\n'}
[244.878996] (rosbridge_test_msgs) StdoutLine: {'line': b'-- Installing: /home/Malvin/my_ros_bot/install/rosbridge_test_msgs/share/rosbridge_test_msgs/cmake/rosbridge_test_msgs__rosidl_typesupport_introspection_cppExport-noconfig.cmake\n'}
[244.881246] (rosbridge_test_msgs) StdoutLine: {'line': b'-- Installing: /home/Malvin/my_ros_bot/install/rosbridge_test_msgs/share/rosbridge_test_msgs/cmake/rosbridge_test_msgs__rosidl_typesupport_cppExport.cmake\n'}
[244.883170] (rosbridge_test_msgs) StdoutLine: {'line': b'-- Installing: /home/Malvin/my_ros_bot/install/rosbridge_test_msgs/share/rosbridge_test_msgs/cmake/rosbridge_test_msgs__rosidl_typesupport_cppExport-noconfig.cmake\n'}
[244.885201] (rosbridge_test_msgs) StdoutLine: {'line': b'-- Installing: /home/Malvin/my_ros_bot/install/rosbridge_test_msgs/share/rosbridge_test_msgs/cmake/export_rosbridge_test_msgs__rosidl_generator_pyExport.cmake\n'}
[244.887105] (rosbridge_test_msgs) StdoutLine: {'line': b'-- Installing: /home/Malvin/my_ros_bot/install/rosbridge_test_msgs/share/rosbridge_test_msgs/cmake/export_rosbridge_test_msgs__rosidl_generator_pyExport-noconfig.cmake\n'}
[244.889184] (rosbridge_test_msgs) StdoutLine: {'line': b'-- Installing: /home/Malvin/my_ros_bot/install/rosbridge_test_msgs/share/rosbridge_test_msgs/cmake/rosidl_cmake-extras.cmake\n'}
[244.890929] (rosbridge_test_msgs) StdoutLine: {'line': b'-- Installing: /home/Malvin/my_ros_bot/install/rosbridge_test_msgs/share/rosbridge_test_msgs/cmake/ament_cmake_export_dependencies-extras.cmake\n'}
[244.892837] (rosbridge_test_msgs) StdoutLine: {'line': b'-- Installing: /home/Malvin/my_ros_bot/install/rosbridge_test_msgs/share/rosbridge_test_msgs/cmake/ament_cmake_export_include_directories-extras.cmake\n'}
[244.894579] (rosbridge_test_msgs) StdoutLine: {'line': b'-- Installing: /home/Malvin/my_ros_bot/install/rosbridge_test_msgs/share/rosbridge_test_msgs/cmake/ament_cmake_export_libraries-extras.cmake\n'}
[244.896698] (rosbridge_test_msgs) StdoutLine: {'line': b'-- Installing: /home/Malvin/my_ros_bot/install/rosbridge_test_msgs/share/rosbridge_test_msgs/cmake/ament_cmake_export_targets-extras.cmake\n'}
[244.897201] (-) TimerEvent: {}
[244.898741] (rosbridge_test_msgs) StdoutLine: {'line': b'-- Installing: /home/Malvin/my_ros_bot/install/rosbridge_test_msgs/share/rosbridge_test_msgs/cmake/rosidl_cmake_export_typesupport_targets-extras.cmake\n'}
[244.900355] (rosbridge_test_msgs) StdoutLine: {'line': b'-- Installing: /home/Malvin/my_ros_bot/install/rosbridge_test_msgs/share/rosbridge_test_msgs/cmake/rosidl_cmake_export_typesupport_libraries-extras.cmake\n'}
[244.902444] (rosbridge_test_msgs) StdoutLine: {'line': b'-- Installing: /home/Malvin/my_ros_bot/install/rosbridge_test_msgs/share/rosbridge_test_msgs/cmake/rosbridge_test_msgsConfig.cmake\n'}
[244.903895] (rosbridge_test_msgs) StdoutLine: {'line': b'-- Installing: /home/Malvin/my_ros_bot/install/rosbridge_test_msgs/share/rosbridge_test_msgs/cmake/rosbridge_test_msgsConfig-version.cmake\n'}
[244.905577] (rosbridge_test_msgs) StdoutLine: {'line': b'-- Installing: /home/Malvin/my_ros_bot/install/rosbridge_test_msgs/share/rosbridge_test_msgs/package.xml\n'}
[244.915705] (rosbridge_test_msgs) CommandEnded: {'returncode': 0}
[244.997351] (-) TimerEvent: {}
[245.036709] (rosbridge_test_msgs) JobEnded: {'identifier': 'rosbridge_test_msgs', 'rc': 0}
[245.040385] (rosbridge_library) JobStarted: {'identifier': 'rosbridge_library'}
[245.086716] (rosbridge_library) JobProgress: {'identifier': 'rosbridge_library', 'progress': 'cmake'}
[245.088988] (rosbridge_library) Command: {'cmd': ['/usr/bin/cmake', '/home/Malvin/my_ros_bot/src/rosbridge_suite/rosbridge_library', '-DCMAKE_INSTALL_PREFIX=/home/Malvin/my_ros_bot/install/rosbridge_library'], 'cwd': '/home/Malvin/my_ros_bot/build/rosbridge_library', 'env': OrderedDict({'LESSOPEN': '| /usr/bin/lesspipe %s', 'USER': 'Malvin', 'SSH_CLIENT': '192.168.50.252 54194 22', 'XDG_SESSION_TYPE': 'tty', 'SHLVL': '1', 'LD_LIBRARY_PATH': '/home/Malvin/my_ros_bot/install/rosbridge_test_msgs/lib:/opt/ros/jazzy/lib/aarch64-linux-gnu:/opt/ros/jazzy/lib', 'HOME': '/home/Malvin', 'OLDPWD': '/home/Malvin/my_ros_bot/src', 'SSH_TTY': '/dev/pts/1', 'ROS_PYTHON_VERSION': '3', 'PS1': '(robot_space) \\[\\e]0;\\u@\\h: \\w\\a\\]${debian_chroot:+($debian_chroot)}\\[\\033[01;32m\\]\\u@\\h\\[\\033[00m\\]:\\[\\033[01;34m\\]\\w\\[\\033[00m\\]\\$', 'DBUS_SESSION_BUS_ADDRESS': 'unix:path=/run/user/1000/bus', 'COLCON_PREFIX_PATH': '/home/Malvin/my_ros_bot/install', 'ROS_DISTRO': 'jazzy', 'LOGNAME': 'Malvin', '_': '/usr/bin/colcon', 'ROS_VERSION': '2', 'XDG_SESSION_CLASS': 'user', 'TERM': 'xterm-256color', 'XDG_SESSION_ID': '9', 'PATH': '/opt/ros/jazzy/bin:/home/Malvin/robot_space/bin:/usr/local/sbin:/usr/local/bin:/usr/sbin:/usr/bin:/sbin:/bin:/usr/games:/usr/local/games:/snap/bin', 'XDG_RUNTIME_DIR': '/run/user/1000', 'LANG': 'en_US.UTF-8', 'VIRTUAL_ENV_PROMPT': '(robot_space)', 'RMW_IMPLEMENTATION': 'rmw_fastrtps_cpp', 'LS_COLORS': 'rs=0:di=01;34:ln=01;36:mh=00:pi=40;33:so=01;35:do=01;35:bd=40;33;01:cd=40;33;01:or=40;31;01:mi=00:su=37;41:sg=30;43:ca=00:tw=30;42:ow=34;42:st=37;44:ex=01;32:*.tar=01;31:*.tgz=01;31:*.arc=01;31:*.arj=01;31:*.taz=01;31:*.lha=01;31:*.lz4=01;31:*.lzh=01;31:*.lzma=01;31:*.tlz=01;31:*.txz=01;31:*.tzo=01;31:*.t7z=01;31:*.zip=01;31:*.z=01;31:*.dz=01;31:*.gz=01;31:*.lrz=01;31:*.lz=01;31:*.lzo=01;31:*.xz=01;31:*.zst=01;31:*.tzst=01;31:*.bz2=01;31:*.bz=01;31:*.tbz=01;31:*.tbz2=01;31:*.tz=01;31:*.deb=01;31:*.rpm=01;31:*.jar=01;31:*.war=01;31:*.ear=01;31:*.sar=01;31:*.rar=01;31:*.alz=01;31:*.ace=01;31:*.zoo=01;31:*.cpio=01;31:*.7z=01;31:*.rz=01;31:*.cab=01;31:*.wim=01;31:*.swm=01;31:*.dwm=01;31:*.esd=01;31:*.avif=01;35:*.jpg=01;35:*.jpeg=01;35:*.mjpg=01;35:*.mjpeg=01;35:*.gif=01;35:*.bmp=01;35:*.pbm=01;35:*.pgm=01;35:*.ppm=01;35:*.tga=01;35:*.xbm=01;35:*.xpm=01;35:*.tif=01;35:*.tiff=01;35:*.png=01;35:*.svg=01;35:*.svgz=01;35:*.mng=01;35:*.pcx=01;35:*.mov=01;35:*.mpg=01;35:*.mpeg=01;35:*.m2v=01;35:*.mkv=01;35:*.webm=01;35:*.webp=01;35:*.ogm=01;35:*.mp4=01;35:*.m4v=01;35:*.mp4v=01;35:*.vob=01;35:*.qt=01;35:*.nuv=01;35:*.wmv=01;35:*.asf=01;35:*.rm=01;35:*.rmvb=01;35:*.flc=01;35:*.avi=01;35:*.fli=01;35:*.flv=01;35:*.gl=01;35:*.dl=01;35:*.xcf=01;35:*.xwd=01;35:*.yuv=01;35:*.cgm=01;35:*.emf=01;35:*.ogv=01;35:*.ogx=01;35:*.aac=00;36:*.au=00;36:*.flac=00;36:*.m4a=00;36:*.mid=00;36:*.midi=00;36:*.mka=00;36:*.mp3=00;36:*.mpc=00;36:*.ogg=00;36:*.ra=00;36:*.wav=00;36:*.oga=00;36:*.opus=00;36:*.spx=00;36:*.xspf=00;36:*~=00;90:*#=00;90:*.bak=00;90:*.crdownload=00;90:*.dpkg-dist=00;90:*.dpkg-new=00;90:*.dpkg-old=00;90:*.dpkg-tmp=00;90:*.old=00;90:*.orig=00;90:*.part=00;90:*.rej=00;90:*.rpmnew=00;90:*.rpmorig=00;90:*.rpmsave=00;90:*.swp=00;90:*.tmp=00;90:*.ucf-dist=00;90:*.ucf-new=00;90:*.ucf-old=00;90:', 'ROS_DOMAIN_ID': '23', 'AMENT_PREFIX_PATH': '/home/Malvin/my_ros_bot/install/rosbridge_test_msgs:/home/Malvin/my_ros_bot/install/ros_bot_sim:/home/Malvin/my_ros_bot/install/ros_bot_imu:/home/Malvin/my_ros_bot/install/ros_bot_camera:/home/Malvin/my_ros_bot/install/pump_controller:/home/Malvin/my_ros_bot/install/onyx_robot:/home/Malvin/my_ros_bot/install/move_base:/home/Malvin/my_ros_bot/install/bot_teleop:/home/Malvin/my_ros_bot/install/arduino_ros:/opt/ros/jazzy', 'SHELL': '/bin/bash', 'GST_PLUGIN_PATH': '/usr/local/lib/aarch64-linux-gnu/gstreamer-1.0', 'LESSCLOSE': '/usr/bin/lesspipe %s %s', 'VIRTUAL_ENV': '/home/Malvin/robot_space', 'ROS_AUTOMATIC_DISCOVERY_RANGE': 'SUBNET', 'PWD': '/home/Malvin/my_ros_bot/build/rosbridge_library', 'LC_ALL': 'en_US.UTF-8', 'SSH_CONNECTION': '192.168.50.252 54194 192.168.50.1 22', 'XDG_DATA_DIRS': '/usr/local/share:/usr/share:/var/lib/snapd/desktop', 'PYTHONPATH': '/home/Malvin/my_ros_bot/install/rosbridge_test_msgs/lib/python3.12/site-packages:/home/Malvin/my_ros_bot/build/ros_bot_sim:/home/Malvin/my_ros_bot/install/ros_bot_sim/lib/python3.12/site-packages:/home/Malvin/my_ros_bot/build/ros_bot_imu:/home/Malvin/my_ros_bot/install/ros_bot_imu/lib/python3.12/site-packages:/home/Malvin/my_ros_bot/build/ros_bot_camera:/home/Malvin/my_ros_bot/install/ros_bot_camera/lib/python3.12/site-packages:/home/Malvin/my_ros_bot/build/pump_controller:/home/Malvin/my_ros_bot/install/pump_controller/lib/python3.12/site-packages:/home/Malvin/my_ros_bot/build/onyx_robot:/home/Malvin/my_ros_bot/install/onyx_robot/lib/python3.12/site-packages:/home/Malvin/my_ros_bot/build/move_base:/home/Malvin/my_ros_bot/install/move_base/lib/python3.12/site-packages:/home/Malvin/my_ros_bot/build/bot_teleop:/home/Malvin/my_ros_bot/install/bot_teleop/lib/python3.12/site-packages:/home/Malvin/my_ros_bot/build/arduino_ros:/home/Malvin/my_ros_bot/install/arduino_ros/lib/python3.12/site-packages:/opt/ros/jazzy/lib/python3.12/site-packages', 'COLCON': '1', 'CMAKE_PREFIX_PATH': '/home/Malvin/my_ros_bot/install/rosbridge_test_msgs:/home/Malvin/my_ros_bot/install/ros_bot_sim:/home/Malvin/my_ros_bot/install/ros_bot_imu:/home/Malvin/my_ros_bot/install/ros_bot_camera:/home/Malvin/my_ros_bot/install/pump_controller:/home/Malvin/my_ros_bot/install/onyx_robot:/home/Malvin/my_ros_bot/install/move_base:/home/Malvin/my_ros_bot/install/bot_teleop:/home/Malvin/my_ros_bot/install/arduino_ros:/opt/ros/jazzy'}), 'shell': False}
[245.097503] (-) TimerEvent: {}
[245.198128] (-) TimerEvent: {}
[245.298833] (-) TimerEvent: {}
[245.397184] (rosbridge_library) StdoutLine: {'line': b'-- The C compiler identification is GNU 13.3.0\n'}
[245.398937] (-) TimerEvent: {}
[245.499549] (-) TimerEvent: {}
[245.600294] (-) TimerEvent: {}
[245.688183] (rosbridge_library) StdoutLine: {'line': b'-- The CXX compiler identification is GNU 13.3.0\n'}
[245.700417] (-) TimerEvent: {}
[245.777333] (rosbridge_library) StdoutLine: {'line': b'-- Detecting C compiler ABI info\n'}
[245.800601] (-) TimerEvent: {}
[245.901323] (-) TimerEvent: {}
[246.001978] (-) TimerEvent: {}
[246.102750] (-) TimerEvent: {}
[246.203472] (-) TimerEvent: {}
[246.266797] (rosbridge_library) StdoutLine: {'line': b'-- Detecting C compiler ABI info - done\n'}
[246.301471] (rosbridge_library) StdoutLine: {'line': b'-- Check for working C compiler: /usr/bin/cc - skipped\n'}
[246.302370] (rosbridge_library) StdoutLine: {'line': b'-- Detecting C compile features\n'}
[246.303569] (-) TimerEvent: {}
[246.304010] (rosbridge_library) StdoutLine: {'line': b'-- Detecting C compile features - done\n'}
[246.356334] (rosbridge_library) StdoutLine: {'line': b'-- Detecting CXX compiler ABI info\n'}
[246.403779] (-) TimerEvent: {}
[246.504381] (-) TimerEvent: {}
[246.605080] (-) TimerEvent: {}
[246.705736] (-) TimerEvent: {}
[246.806490] (-) TimerEvent: {}
[246.874238] (rosbridge_library) StdoutLine: {'line': b'-- Detecting CXX compiler ABI info - done\n'}
[246.906629] (-) TimerEvent: {}
[246.909195] (rosbridge_library) StdoutLine: {'line': b'-- Check for working CXX compiler: /usr/bin/c++ - skipped\n'}
[246.910291] (rosbridge_library) StdoutLine: {'line': b'-- Detecting CXX compile features\n'}
[246.912183] (rosbridge_library) StdoutLine: {'line': b'-- Detecting CXX compile features - done\n'}
[246.939269] (rosbridge_library) StdoutLine: {'line': b'-- Found ament_cmake_ros: 0.12.0 (/opt/ros/jazzy/share/ament_cmake_ros/cmake)\n'}
[247.034300] (-) TimerEvent: {}
[247.134824] (-) TimerEvent: {}
[247.235604] (-) TimerEvent: {}
[247.336359] (-) TimerEvent: {}
[247.437128] (-) TimerEvent: {}
[247.537721] (-) TimerEvent: {}
[247.638280] (-) TimerEvent: {}
[247.738881] (-) TimerEvent: {}
[247.839595] (-) TimerEvent: {}
[247.868447] (rosbridge_library) StdoutLine: {'line': b'-- Found Python3: /home/Malvin/robot_space/bin/python3 (found version "3.12.3") found components: Interpreter \n'}
[247.939747] (-) TimerEvent: {}
[248.040335] (-) TimerEvent: {}
[248.140939] (-) TimerEvent: {}
[248.241654] (-) TimerEvent: {}
[248.342454] (-) TimerEvent: {}
[248.443017] (-) TimerEvent: {}
[248.543612] (-) TimerEvent: {}
[248.644272] (-) TimerEvent: {}
[248.744992] (-) TimerEvent: {}
[248.845703] (-) TimerEvent: {}
[248.946290] (-) TimerEvent: {}
[249.046895] (-) TimerEvent: {}
[249.147572] (-) TimerEvent: {}
[249.248513] (-) TimerEvent: {}
[249.349067] (-) TimerEvent: {}
[249.449676] (-) TimerEvent: {}
[249.550200] (-) TimerEvent: {}
[249.650872] (-) TimerEvent: {}
[249.751493] (-) TimerEvent: {}
[249.852098] (-) TimerEvent: {}
[249.952978] (-) TimerEvent: {}
[250.053764] (-) TimerEvent: {}
[250.154957] (-) TimerEvent: {}
[250.255773] (-) TimerEvent: {}
[250.356598] (-) TimerEvent: {}
[250.457188] (-) TimerEvent: {}
[250.558090] (-) TimerEvent: {}
[250.658873] (-) TimerEvent: {}
[250.760073] (-) TimerEvent: {}
[250.860798] (-) TimerEvent: {}
[250.961513] (-) TimerEvent: {}
[251.062084] (-) TimerEvent: {}
[251.162745] (-) TimerEvent: {}
[251.263745] (-) TimerEvent: {}
[251.364770] (-) TimerEvent: {}
[251.465547] (-) TimerEvent: {}
[251.566101] (-) TimerEvent: {}
[251.666675] (-) TimerEvent: {}
[251.767293] (-) TimerEvent: {}
[251.867863] (-) TimerEvent: {}
[251.968546] (-) TimerEvent: {}
[252.147543] (-) TimerEvent: {}
[252.248197] (-) TimerEvent: {}
[252.348943] (-) TimerEvent: {}
[252.449834] (-) TimerEvent: {}
[252.550512] (-) TimerEvent: {}
[252.651135] (-) TimerEvent: {}
[252.752160] (-) TimerEvent: {}
[252.853113] (-) TimerEvent: {}
[252.953828] (-) TimerEvent: {}
[253.054421] (-) TimerEvent: {}
[253.154972] (-) TimerEvent: {}
[253.255542] (-) TimerEvent: {}
[253.356097] (-) TimerEvent: {}
[253.456717] (-) TimerEvent: {}
[253.557275] (-) TimerEvent: {}
[253.657801] (-) TimerEvent: {}
[253.758324] (-) TimerEvent: {}
[253.858866] (-) TimerEvent: {}
[253.959440] (-) TimerEvent: {}
[254.059970] (-) TimerEvent: {}
[254.160544] (-) TimerEvent: {}
[254.261054] (-) TimerEvent: {}
[254.361807] (-) TimerEvent: {}
[254.462720] (-) TimerEvent: {}
[254.563452] (-) TimerEvent: {}
[254.661799] (rosbridge_library) StderrLine: {'line': b'\x1b[31mCMake Error at CMakeLists.txt:16 (find_package):\n'}
[254.662739] (rosbridge_library) StderrLine: {'line': b'  By not providing "Findament_cmake_mypy.cmake" in CMAKE_MODULE_PATH this\n'}
[254.663130] (rosbridge_library) StderrLine: {'line': b'  project has asked CMake to find a package configuration file provided by\n'}
[254.663513] (-) TimerEvent: {}
[254.663814] (rosbridge_library) StderrLine: {'line': b'  "ament_cmake_mypy", but CMake did not find one.\n'}
[254.664268] (rosbridge_library) StderrLine: {'line': b'\n'}
[254.664655] (rosbridge_library) StderrLine: {'line': b'  Could not find a package configuration file provided by "ament_cmake_mypy"\n'}
[254.664986] (rosbridge_library) StderrLine: {'line': b'  with any of the following names:\n'}
[254.665359] (rosbridge_library) StderrLine: {'line': b'\n'}
[254.665716] (rosbridge_library) StderrLine: {'line': b'    ament_cmake_mypyConfig.cmake\n'}
[254.666036] (rosbridge_library) StderrLine: {'line': b'    ament_cmake_mypy-config.cmake\n'}
[254.666500] (rosbridge_library) StderrLine: {'line': b'\n'}
[254.666910] (rosbridge_library) StderrLine: {'line': b'  Add the installation prefix of "ament_cmake_mypy" to CMAKE_PREFIX_PATH or\n'}
[254.667298] (rosbridge_library) StderrLine: {'line': b'  set "ament_cmake_mypy_DIR" to a directory containing one of the above\n'}
[254.667767] (rosbridge_library) StderrLine: {'line': b'  files.  If "ament_cmake_mypy" provides a separate development package or\n'}
[254.668331] (rosbridge_library) StderrLine: {'line': b'  SDK, be sure it has been installed.\n'}
[254.669461] (rosbridge_library) StderrLine: {'line': b'\n'}
[254.670522] (rosbridge_library) StderrLine: {'line': b'\x1b[0m\n'}
[254.671270] (rosbridge_library) StdoutLine: {'line': b'-- Configuring incomplete, errors occurred!\n'}
[254.685757] (rosbridge_library) CommandEnded: {'returncode': 1}
[254.763068] (rosbridge_library) JobEnded: {'identifier': 'rosbridge_library', 'rc': 1}
[254.766517] (-) TimerEvent: {}
[254.766827] (rosbridge_server) JobSkipped: {'identifier': 'rosbridge_server'}
[254.766904] (rosbridge_suite) JobSkipped: {'identifier': 'rosbridge_suite'}
[254.766967] (-) EventReactorShutdown: {}
